time,tg,hu,rr,pp
1995-01-01,2.82,84.5,0.0,998.8
1995-01-02,2.36,61.7,0.0,1005.10004
1995-01-03,0.51,73.9,0.0,1018.3
1995-01-04,-0.96,69.0,0.0,1025.7001
1995-01-05,-0.049999997,69.3,0.0,1028.7001
1995-01-06,-2.0,77.6,0.0,1025.4
1995-01-07,-0.66999996,79.8,0.0,1026.8
1995-01-08,-1.31,84.9,0.0,1032.2001
1995-01-09,-1.79,85.200005,0.0,1027.6
1995-01-10,-1.12,85.0,2.0,1010.60004
1995-01-11,0.65999997,86.6,1.2,998.8
1995-01-12,0.65,72.0,0.0,1003.9
1995-01-13,-0.37,75.6,0.0,1020.9
1995-01-14,-2.71,73.1,0.0,1030.4
1995-01-15,-4.88,77.1,0.0,1031.5
1995-01-16,-1.53,78.200005,0.0,1034.5
1995-01-17,-4.44,81.9,0.0,1032.6
1995-01-18,-7.12,84.200005,1.1,1027.5
1995-01-19,-5.31,83.9,7.2000003,1026.2001
1995-01-20,-3.1,81.1,0.0,1033.2001
1995-01-21,-3.07,83.700005,0.0,1029.3
1995-01-22,-2.12,88.8,0.0,1021.9
1995-01-23,1.7099999,81.3,3.1000001,1009.9
1995-01-24,4.35,79.1,0.0,1008.10004
1995-01-25,3.47,74.5,2.7,1010.10004
1995-01-26,8.29,75.5,5.2000003,1005.5
1995-01-27,5.85,62.100002,0.0,1003.10004
1995-01-28,2.84,62.600002,0.0,1013.10004
1995-01-29,5.79,81.8,0.0,1010.4
1995-01-30,5.72,80.0,0.0,1007.5
1995-01-31,3.6299999,65.1,0.0,1020.7
1995-02-01,1.25,65.9,0.0,1029.9
1995-02-02,1.63,70.4,0.0,1024.8
1995-02-03,3.21,58.2,0.0,1032.7001
1995-02-04,2.08,63.3,2.0,1030.6
1995-02-05,4.85,68.9,0.0,1020.0
1995-02-06,5.7,70.700005,0.0,1020.0
1995-02-07,10.67,64.3,0.0,1011.0
1995-02-08,9.599999,60.7,0.0,1005.5
1995-02-09,8.42,68.1,0.0,999.3
1995-02-10,2.02,60.4,0.0,1013.2
1995-02-11,3.6499999,70.9,0.0,1016.10004
1995-02-12,7.1299996,73.1,0.0,1017.8
1995-02-13,8.54,71.0,0.0,1023.0
1995-02-14,6.8199997,85.9,0.0,1016.4
1995-02-15,8.58,82.9,0.0,1018.10004
1995-02-16,7.7799997,87.1,8.0,1015.10004
1995-02-17,8.0199995,70.6,1.5,1015.5
1995-02-18,6.66,86.8,6.7000003,1011.5
1995-02-19,5.91,69.0,0.0,1019.7
1995-02-20,7.6099997,66.6,0.0,1022.9
1995-02-21,11.13,60.8,0.0,1022.10004
1995-02-22,7.24,67.8,0.0,1022.10004
1995-02-23,7.79,67.9,6.4,1016.8
1995-02-24,4.71,82.9,1.4,1006.3
1995-02-25,7.87,68.1,2.6000001,997.7
1995-02-26,8.36,69.4,16.7,997.8
1995-02-27,5.5899997,77.8,2.9,1010.60004
1995-02-28,5.08,63.0,0.0,1027.6
1995-03-01,8.12,58.600002,0.0,1022.9
1995-03-02,6.1,78.700005,6.0,1014.60004
1995-03-03,6.0099998,89.8,4.6,1009.5
1995-03-04,7.81,88.6,2.1000001,1005.2
1995-03-05,6.0699997,83.8,0.90000004,1005.5
1995-03-06,5.7799997,77.200005,0.0,1004.10004
1995-03-07,6.1099997,73.4,0.0,1009.0
1995-03-08,6.6299996,58.100002,0.0,1013.5
1995-03-09,6.31,58.5,0.0,1015.60004
1995-03-10,7.35,61.100002,0.0,1021.60004
1995-03-11,6.6499996,58.0,0.0,1022.9
1995-03-12,6.18,63.600002,0.0,1024.9
1995-03-13,6.2599998,64.1,0.0,1025.7001
1995-03-14,2.31,69.3,0.7,1018.0
1995-03-15,0.39,80.1,0.0,1010.60004
1995-03-16,1.27,83.1,3.3,1011.2
1995-03-17,4.04,73.200005,0.0,1014.7
1995-03-18,7.6699996,66.5,0.8,1009.60004
1995-03-19,10.0199995,71.1,3.1000001,1007.7
1995-03-20,6.2599998,70.5,0.1,1007.8
1995-03-21,5.1099997,59.4,0.0,1016.3
1995-03-22,4.17,61.5,0.0,1027.6
1995-03-23,4.0,76.200005,0.0,1028.7001
1995-03-24,5.75,84.200005,0.0,1024.0
1995-03-25,9.29,70.3,0.0,1015.2
1995-03-26,7.75,63.600002,2.1000001,1014.10004
1995-03-27,10.55,72.0,2.3,999.60004
1995-03-28,3.51,50.600002,0.0,1003.10004
1995-03-29,2.37,56.2,0.0,1000.4
1995-03-30,3.9399998,60.5,0.0,1013.60004
1995-03-31,3.97,50.2,0.0,1024.0
1995-04-01,3.6299999,75.3,1.0,1021.2
1995-04-02,9.719999,74.700005,0.0,1018.3
1995-04-03,16.5,39.5,0.0,1014.2
1995-04-04,16.02,44.4,0.0,1011.9
1995-04-05,10.76,41.8,0.0,1022.9
1995-04-06,12.7,53.2,0.0,1018.9
1995-04-07,13.62,56.5,0.0,1014.0
1995-04-08,9.679999,55.100002,0.0,1006.7
1995-04-09,5.5899997,54.4,0.0,1011.60004
1995-04-10,5.0499997,59.9,0.0,1016.4
1995-04-11,3.9099998,65.6,0.90000004,1019.8
1995-04-12,5.0899997,57.8,0.0,1018.8
1995-04-13,5.0699997,60.4,2.5,1016.7
1995-04-14,3.49,79.700005,1.4,1022.2
1995-04-15,5.94,68.8,0.0,1022.4
1995-04-16,9.69,55.5,0.0,1010.7
1995-04-17,10.42,52.2,0.0,1005.10004
1995-04-18,12.07,53.8,0.0,1006.2
1995-04-19,15.639999,47.9,0.0,1007.2
1995-04-20,16.91,46.9,0.0,1011.2
1995-04-21,19.029999,46.600002,0.0,1016.9
1995-04-22,20.38,44.100002,0.0,1018.9
1995-04-23,21.27,42.7,0.0,1018.2
1995-04-24,18.71,51.9,3.9,1012.2
1995-04-25,15.21,67.700005,11.900001,1004.2
1995-04-26,11.63,88.0,18.800001,995.8
1995-04-27,11.95,84.1,2.2,997.4
1995-04-28,14.61,66.9,0.0,1008.8
1995-04-29,15.21,66.8,0.0,1017.10004
1995-04-30,16.449999,64.700005,0.0,1017.7
1995-05-01,15.589999,67.9,3.8,1018.7
1995-05-02,12.599999,60.600002,0.0,1023.4
1995-05-03,9.7699995,44.3,0.0,1029.0
1995-05-04,12.759999,50.4,0.0,1024.9
1995-05-05,15.42,51.8,0.0,1018.4
1995-05-06,16.68,51.5,3.8,1016.0
1995-05-07,18.15,53.5,0.0,1012.2
1995-05-08,17.96,45.2,1.4,1012.7
1995-05-09,15.87,67.4,0.1,1008.5
1995-05-10,13.509999,53.100002,1.4,1012.5
1995-05-11,14.799999,64.700005,0.0,1009.5
1995-05-12,14.63,75.6,6.5,1003.2
1995-05-13,17.21,65.0,0.1,994.0
1995-05-14,9.849999,75.4,0.0,1004.9
1995-05-15,10.48,56.3,0.0,1017.4
1995-05-16,12.53,53.600002,0.0,1017.10004
1995-05-17,13.5199995,71.6,4.9,1012.8
1995-05-18,15.0,75.700005,0.0,1011.10004
1995-05-19,13.74,87.0,16.5,1009.5
1995-05-20,10.75,86.200005,3.7,1013.3
1995-05-21,12.33,77.0,0.0,1018.10004
1995-05-22,14.37,67.1,0.0,1018.9
1995-05-23,15.32,57.5,0.0,1015.10004
1995-05-24,18.48,47.2,0.0,1012.10004
1995-05-25,19.6,47.4,0.0,1013.60004
1995-05-26,21.13,53.7,0.0,1015.8
1995-05-27,23.34,59.2,0.0,1017.7
1995-05-28,22.26,71.8,6.9,1019.9
1995-05-29,23.58,63.3,0.0,1017.8
1995-05-30,22.119999,66.9,1.4,1013.60004
1995-05-31,22.89,65.700005,13.900001,1010.10004
1995-06-01,20.82,74.1,3.9,1008.4
1995-06-02,18.5,69.200005,0.8,1010.60004
1995-06-03,15.339999,65.700005,0.0,1014.3
1995-06-04,17.6,59.3,0.0,1017.7
1995-06-05,18.49,70.1,8.3,1017.0
1995-06-06,18.76,67.6,6.9,1014.5
1995-06-07,17.029999,82.200005,1.1,1012.2
1995-06-08,19.41,71.200005,0.0,1012.9
1995-06-09,20.76,67.9,2.0,1013.8
1995-06-10,19.699999,71.0,0.0,1013.60004
1995-06-11,19.75,74.8,14.6,1009.2
1995-06-12,17.72,82.700005,14.6,1008.60004
1995-06-13,18.76,72.0,0.0,1010.10004
1995-06-14,19.65,64.3,0.0,1012.2
1995-06-15,18.039999,72.6,0.0,1014.4
1995-06-16,19.25,58.0,0.0,1014.7
1995-06-17,19.619999,56.100002,0.0,1015.3
1995-06-18,19.59,58.3,0.0,1014.10004
1995-06-19,20.13,62.600002,0.0,1018.3
1995-06-20,21.9,51.9,0.0,1021.5
1995-06-21,23.64,56.4,4.4,1019.0
1995-06-22,19.789999,76.1,0.0,1013.10004
1995-06-23,15.509999,58.7,0.0,1013.7
1995-06-24,15.4,69.200005,2.2,1013.5
1995-06-25,15.219999,82.200005,5.4,1012.2
1995-06-26,17.25,82.6,3.4,1010.7
1995-06-27,20.65,68.4,0.0,1011.10004
1995-06-28,23.1,59.600002,0.0,1009.8
1995-06-29,21.67,52.8,0.0,1011.5
1995-06-30,23.529999,52.8,0.0,1012.3
1995-07-01,25.64,53.2,0.0,1013.10004
1995-07-02,25.599998,56.4,0.0,1011.0
1995-07-03,25.67,56.7,0.0,1005.5
1995-07-04,23.65,60.5,0.0,1008.2
1995-07-05,21.83,54.100002,0.0,1016.8
1995-07-06,22.55,48.2,0.0,1017.9
1995-07-07,22.869999,52.5,0.0,1017.7
1995-07-08,24.21,48.9,0.0,1020.5
1995-07-09,25.33,48.4,0.0,1020.2
1995-07-10,26.16,46.2,0.0,1017.5
1995-07-11,26.68,44.4,0.0,1011.5
1995-07-12,27.529999,43.2,0.0,1010.7
1995-07-13,27.41,49.9,0.0,1013.2
1995-07-14,24.519999,64.8,7.6,1011.9
1995-07-15,23.43,71.4,3.2,1010.4
1995-07-16,24.74,63.5,0.0,1009.60004
1995-07-17,23.68,55.600002,0.0,1011.9
1995-07-18,24.779999,46.5,0.0,1014.5
1995-07-19,24.34,54.7,0.0,1017.2
1995-07-20,25.55,46.5,0.0,1019.5
1995-07-21,25.65,47.5,0.0,1018.60004
1995-07-22,27.98,46.9,0.0,1015.0
1995-07-23,26.49,55.600002,0.0,1014.3
1995-07-24,23.15,56.4,0.0,1018.3
1995-07-25,23.42,51.8,0.0,1017.8
1995-07-26,24.57,45.9,0.0,1017.2
1995-07-27,25.38,42.7,0.0,1017.5
1995-07-28,25.76,44.8,0.0,1015.9
1995-07-29,24.72,52.100002,0.0,1015.10004
1995-07-30,25.35,43.8,0.0,1014.10004
1995-07-31,25.93,40.2,0.0,1013.0
1995-08-01,24.55,47.3,3.1000001,1011.9
1995-08-02,21.39,58.100002,0.0,1012.60004
1995-08-03,20.63,58.0,1.3000001,1011.8
1995-08-04,22.279999,57.0,0.0,1011.0
1995-08-05,22.529999,51.600002,1.8000001,1013.60004
1995-08-06,23.779999,46.5,0.0,1015.8
1995-08-07,24.35,45.3,8.0,1013.3
1995-08-08,23.119999,68.3,5.9,1011.3
1995-08-09,19.15,77.8,3.5,1016.5
1995-08-10,21.189999,53.0,0.0,1019.8
1995-08-11,22.449999,47.0,0.0,1021.10004
1995-08-12,21.99,40.5,0.0,1022.0
1995-08-13,21.949999,46.3,0.0,1019.10004
1995-08-14,23.369999,40.600002,0.0,1013.9
1995-08-15,22.25,60.0,0.0,1012.8
1995-08-16,18.92,57.600002,0.0,1013.60004
1995-08-17,20.119999,65.9,0.0,1016.3
1995-08-18,23.15,55.3,0.0,1017.10004
1995-08-19,23.05,54.9,0.0,1017.60004
1995-08-20,21.71,66.5,0.7,1015.60004
1995-08-21,22.81,66.3,1.8000001,1014.5
1995-08-22,23.23,63.7,0.0,1015.10004
1995-08-23,25.279999,55.8,0.0,1015.3
1995-08-24,24.34,63.100002,1.6,1012.10004
1995-08-25,22.8,63.9,5.1,1010.10004
1995-08-26,21.289999,66.9,0.0,1007.2
1995-08-27,19.029999,60.4,1.3000001,1009.9
1995-08-28,14.509999,82.8,19.9,1004.7
1995-08-29,13.059999,71.4,0.0,1006.3
1995-08-30,12.88,72.6,0.0,1011.4
1995-08-31,13.23,61.7,0.0,1014.5
1995-09-01,12.7699995,69.200005,1.1,1011.9
1995-09-02,13.349999,81.700005,0.0,1011.3
1995-09-03,15.49,78.3,14.900001,1009.9
1995-09-04,14.03,87.0,6.8,1004.2
1995-09-05,15.25,57.5,0.0,1008.0
1995-09-06,15.679999,69.0,0.0,1006.5
1995-09-07,17.58,64.200005,0.0,1008.60004
1995-09-08,17.57,74.8,9.8,1006.9
1995-09-09,16.859999,80.4,7.2000003,1008.5
1995-09-10,16.98,65.8,0.0,1014.5
1995-09-11,17.55,64.1,0.0,1015.7
1995-09-12,19.26,66.8,0.0,1017.9
1995-09-13,20.89,65.8,0.0,1016.5
1995-09-14,19.81,77.0,2.0,1010.60004
1995-09-15,16.5,83.9,3.1000001,1004.10004
1995-09-16,16.039999,69.5,0.0,1011.7
1995-09-17,15.21,86.0,7.0,1016.3
1995-09-18,16.01,80.3,0.0,1020.7
1995-09-19,15.48,81.1,8.5,1019.4
1995-09-20,14.559999,87.1,3.1000001,1010.4
1995-09-21,15.29,82.6,0.0,1009.9
1995-09-22,12.799999,80.700005,0.0,1015.9
1995-09-23,13.12,74.1,0.0,1019.8
1995-09-24,14.259999,70.6,0.0,1020.5
1995-09-25,13.32,77.3,0.0,1018.7
1995-09-26,14.48,74.5,0.0,1020.9
1995-09-27,16.369999,68.0,0.0,1017.2
1995-09-28,13.639999,72.3,1.1,1014.2
1995-09-29,10.53,68.5,0.0,1015.7
1995-09-30,10.01,62.9,2.4,1015.3
1995-10-01,8.059999,72.4,0.0,1015.2
1995-10-02,10.63,76.5,0.0,1022.9
1995-10-03,12.46,78.3,0.0,1026.2001
1995-10-04,14.99,73.3,0.0,1024.4
1995-10-05,15.98,74.5,0.0,1022.10004
1995-10-06,16.55,78.0,0.0,1024.0
1995-10-07,17.55,75.1,0.0,1027.4
1995-10-08,16.69,82.4,0.0,1028.7001
1995-10-09,17.24,85.0,0.0,1026.9
1995-10-10,16.99,84.9,0.0,1026.3
1995-10-11,16.81,81.5,0.0,1026.0
1995-10-12,16.359999,74.700005,0.0,1026.6
1995-10-13,15.9,81.1,0.0,1025.9
1995-10-14,15.69,81.0,0.0,1022.3
1995-10-15,14.28,82.9,0.0,1021.9
1995-10-16,12.83,83.700005,0.0,1024.9
1995-10-17,13.759999,81.5,0.0,1028.9
1995-10-18,13.11,80.8,0.0,1028.8
1995-10-19,13.929999,78.9,0.0,1026.7001
1995-10-20,14.75,68.9,0.0,1020.60004
1995-10-21,11.8,58.4,0.0,1021.2
1995-10-22,7.71,64.0,0.0,1029.1
1995-10-23,6.2799997,61.7,0.0,1033.4
1995-10-24,6.5499997,65.1,0.0,1032.8
1995-10-25,6.71,69.4,0.0,1028.2001
1995-10-26,7.46,66.0,0.0,1027.1
1995-10-27,7.98,68.9,0.0,1025.0
1995-10-28,8.55,72.700005,0.0,1020.0
1995-10-29,10.82,79.200005,0.0,1018.10004
1995-10-30,10.4,79.700005,0.0,1018.5
1995-10-31,12.07,77.8,0.0,1022.4
1995-11-01,9.76,79.4,7.6,1016.3
1995-11-02,8.09,81.9,0.5,1005.7
1995-11-03,5.46,78.6,4.2000003,1003.4
1995-11-04,3.1799998,71.9,0.0,1006.0
1995-11-05,1.5,78.4,1.9,1018.8
1995-11-06,2.4299998,68.5,0.0,1017.4
1995-11-07,3.9399998,66.700005,0.0,1012.10004
1995-11-08,2.6499999,60.5,0.0,1017.9
1995-11-09,1.35,62.4,0.0,1019.4
1995-11-10,2.1399999,72.8,0.0,1023.10004
1995-11-11,2.02,77.1,0.0,1024.7001
1995-11-12,4.5,80.6,0.0,1020.7
1995-11-13,6.1099997,70.8,0.0,1021.8
1995-11-14,6.1099997,74.200005,0.0,1018.10004
1995-11-15,7.6099997,79.8,0.0,1014.4
1995-11-16,9.58,84.5,2.3,1008.2
1995-11-17,11.809999,83.3,9.3,1001.2
1995-11-18,4.68,65.200005,0.0,1006.2
1995-11-19,0.7,71.9,1.1,1016.2
1995-11-20,1.2099999,88.9,4.1,1016.2
1995-11-21,-0.29,75.4,0.0,1031.7001
1995-11-22,-1.9599999,77.0,0.0,1033.6
1995-11-23,-3.02,82.700005,0.0,1030.7001
1995-11-24,-2.8899999,89.5,0.0,1029.9
1995-11-25,-3.33,88.3,0.0,1027.4
1995-11-26,-1.65,81.4,0.0,1024.0
1995-11-27,2.28,73.8,0.0,1019.4
1995-11-28,5.69,73.6,1.8000001,1017.7
1995-11-29,5.89,89.9,11.5,1019.10004
1995-11-30,4.68,92.3,2.1000001,1025.2001
1995-12-01,3.6399999,84.0,0.0,1030.2001
1995-12-02,3.79,88.8,0.0,1029.8
1995-12-03,4.0499997,87.200005,0.0,1024.8
1995-12-04,3.1699998,87.5,7.3,1019.0
1995-12-05,0.17,,6.8,1018.60004
1995-12-06,0.0,93.1,3.9,1023.4
1995-12-07,2.3999999,85.5,0.0,1027.0
1995-12-08,3.1799998,80.1,0.0,1034.0
1995-12-09,2.61,77.9,0.0,1035.9
1995-12-10,1.81,80.0,0.0,1036.8
1995-12-11,-0.29,90.5,2.0,1028.4
1995-12-12,0.26,89.0,6.4,1022.9
1995-12-13,-0.22999999,85.6,14.900001,1024.0
1995-12-14,2.4099998,85.5,0.0,1022.2
1995-12-15,1.52,80.1,0.0,1029.1
1995-12-16,-1.0699999,83.200005,0.0,1031.9
1995-12-17,-0.12,86.8,0.0,1028.3
1995-12-18,0.69,90.4,0.0,1019.0
1995-12-19,2.56,86.6,0.0,1014.2
1995-12-20,2.87,84.6,0.0,1012.5
1995-12-21,1.4599999,65.1,2.5,1020.3
1995-12-22,-1.65,83.8,0.0,1017.8
1995-12-23,1.89,88.5,4.7000003,1001.4
1995-12-24,6.72,85.700005,0.0,997.4
1995-12-25,5.04,90.700005,5.4,997.5
1995-12-26,3.9499998,82.5,13.6,998.8
1995-12-27,0.93,85.0,0.1,1005.4
1995-12-28,-3.5,75.6,0.0,1015.0
1995-12-29,-6.77,78.700005,0.0,1025.8
1995-12-30,-5.1,74.1,1.8000001,1020.5
1995-12-31,-3.8799999,85.8,11.1,1010.10004
1996-01-01,0.38,,6.3,1002.9
1996-01-02,0.89,91.8,1.1,1006.0
1996-01-03,-2.6699998,81.8,1.8000001,1014.8
1996-01-04,-1.5699999,76.0,0.0,1019.8
1996-01-05,-1.91,79.4,0.0,1017.8
1996-01-06,-5.8599997,87.0,0.0,1017.2
1996-01-07,-2.82,86.4,1.2,1016.9
1996-01-08,1.9599999,86.5,4.9,1018.7
1996-01-09,2.31,90.5,15.3,1022.3
1996-01-10,3.07,90.3,0.0,1021.2
1996-01-11,3.52,86.6,0.0,1019.3
1996-01-12,3.9199998,83.9,0.0,1017.7
1996-01-13,2.8899999,79.700005,0.0,1023.10004
1996-01-14,1.9399999,79.4,0.0,1028.9
1996-01-15,1.88,80.4,0.0,1033.1
1996-01-16,-1.93,86.5,0.0,1033.6
1996-01-17,-2.73,85.6,0.0,1034.0
1996-01-18,-4.24,87.9,0.0,1027.5
1996-01-19,-2.79,84.9,0.90000004,1021.10004
1996-01-20,-1.87,82.700005,0.0,1022.8
1996-01-21,-1.18,78.9,0.0,1026.4
1996-01-22,-3.8899999,85.4,0.0,1028.1
1996-01-23,-5.23,78.9,1.7,1029.2001
1996-01-24,-5.45,85.0,16.2,1022.7
1996-01-25,-6.19,84.1,6.2000003,1019.2
1996-01-26,-3.78,90.3,0.0,1019.0
1996-01-27,0.64,87.1,9.0,1018.0
1996-01-28,0.72999996,90.5,0.0,1020.8
1996-01-29,0.25,91.5,0.0,1023.9
1996-01-30,-0.71,68.4,0.0,1027.9
1996-01-31,-2.35,65.3,0.0,1032.2001
1996-02-01,-4.97,66.8,0.0,1032.6
1996-02-02,-6.3599997,78.3,0.0,1023.5
1996-02-03,-2.51,77.8,0.3,1012.4
1996-02-04,0.59999996,77.0,0.0,1011.10004
1996-02-05,-2.7,69.3,0.0,1011.0
1996-02-06,-3.61,65.9,2.0,1007.4
1996-02-07,-4.93,81.6,0.0,1008.3
1996-02-08,-4.65,84.6,5.4,1005.2
1996-02-09,-6.27,77.9,0.0,1016.0
1996-02-10,-5.0899997,80.5,0.0,1022.8
1996-02-11,-4.71,83.4,0.0,1023.4
1996-02-12,-2.83,85.8,0.0,1020.3
1996-02-13,-1.54,86.5,13.1,1006.60004
1996-02-14,1.3399999,87.0,0.0,1009.0
1996-02-15,-1.4499999,75.5,0.0,1024.6
1996-02-16,-1.0,72.9,0.0,1021.2
1996-02-17,3.75,69.3,0.0,1010.2
1996-02-18,3.9099998,65.6,0.0,1013.0
1996-02-19,2.48,75.200005,1.4,1003.8
1996-02-20,3.03,81.8,0.0,1002.2
1996-02-21,1.1999999,73.6,0.0,1006.8
1996-02-22,-2.1699998,70.0,0.0,1011.5
1996-02-23,-2.6499999,66.4,0.0,1015.2
1996-02-24,-3.33,66.8,0.0,1015.4
1996-02-25,-1.8499999,66.8,0.0,1022.5
1996-02-26,-0.98999995,67.5,0.0,1027.6
1996-02-27,0.31,63.3,0.0,1025.9
1996-02-28,0.39,64.3,0.0,1026.4
1996-02-29,0.93,65.8,0.0,1023.7
1996-03-01,1.41,70.6,0.0,1012.9
1996-03-02,-0.24,69.1,0.0,1010.2
1996-03-03,-1.3399999,65.1,0.0,1011.4
1996-03-04,-2.36,65.200005,0.0,1015.5
1996-03-05,-1.7099999,62.8,0.0,1018.60004
1996-03-06,2.78,67.0,0.0,1020.0
1996-03-07,1.54,64.0,0.0,1024.4
1996-03-08,1.0699999,59.9,0.0,1030.9
1996-03-09,0.5,60.8,0.0,1031.8
1996-03-10,-0.5,57.8,0.0,1027.7001
1996-03-11,-1.24,62.4,0.0,1020.5
1996-03-12,-1.4499999,72.3,1.7,1016.4
1996-03-13,0.96999997,86.8,2.9,1014.5
1996-03-14,3.6799998,81.200005,0.0,1015.60004
1996-03-15,5.29,71.8,0.0,1017.10004
1996-03-16,5.7599998,72.8,0.0,1015.3
1996-03-17,6.12,77.0,0.0,1016.4
1996-03-18,4.27,87.8,0.0,1019.60004
1996-03-19,4.22,69.5,0.0,1018.3
1996-03-20,2.87,75.8,0.0,1016.2
1996-03-21,4.36,65.8,0.0,1018.8
1996-03-22,5.41,63.100002,0.0,1020.10004
1996-03-23,6.67,61.100002,0.0,1023.5
1996-03-24,6.2999997,75.0,3.3,1023.10004
1996-03-25,7.5,76.4,0.0,1019.5
1996-03-26,6.8799996,67.9,0.0,1017.60004
1996-03-27,6.3999996,75.1,2.5,1009.4
1996-03-28,4.75,52.5,0.0,1011.8
1996-03-29,5.39,55.100002,0.0,1009.8
1996-03-30,5.08,64.1,0.0,1009.3
1996-03-31,4.5699997,62.100002,0.0,1010.10004
1996-04-01,4.73,61.7,2.4,1013.60004
1996-04-02,5.92,89.700005,17.1,1009.10004
1996-04-03,9.15,88.0,4.7000003,1009.5
1996-04-04,10.99,82.6,0.7,1014.10004
1996-04-05,12.009999,71.200005,0.0,1015.10004
1996-04-06,13.37,61.8,0.0,1016.2
1996-04-07,13.889999,49.2,0.0,1018.5
1996-04-08,13.549999,42.600002,0.0,1021.10004
1996-04-09,12.9,49.8,0.0,1019.8
1996-04-10,10.49,52.600002,0.0,1017.60004
1996-04-11,11.88,50.3,0.0,1012.4
1996-04-12,10.08,65.200005,0.4,1009.5
1996-04-13,4.18,58.8,0.0,1013.8
1996-04-14,3.35,77.0,1.6,1015.5
1996-04-15,4.5899997,63.9,0.0,1015.9
1996-04-16,7.6699996,65.200005,0.0,1011.7
1996-04-17,12.91,51.0,0.0,1010.8
1996-04-18,13.66,50.2,0.0,1015.3
1996-04-19,15.75,43.8,0.0,1019.60004
1996-04-20,16.14,46.8,0.0,1019.9
1996-04-21,17.17,47.5,0.0,1019.10004
1996-04-22,17.539999,47.100002,0.0,1019.9
1996-04-23,17.859999,44.8,0.0,1016.8
1996-04-24,17.51,48.5,0.0,1015.3
1996-04-25,17.07,68.4,0.0,1019.10004
1996-04-26,17.38,65.8,0.0,1018.8
1996-04-27,16.949999,65.1,0.0,1016.2
1996-04-28,16.84,60.2,0.0,1010.5
1996-04-29,18.859999,58.3,0.0,1005.5
1996-04-30,17.93,64.4,0.7,1005.4
1996-05-01,16.859999,76.9,6.7000003,1003.2
1996-05-02,17.82,62.2,0.0,1002.10004
1996-05-03,16.44,63.2,5.0,1004.10004
1996-05-04,14.33,62.3,0.0,1010.10004
1996-05-05,15.74,58.8,0.0,1016.10004
1996-05-06,16.02,69.3,0.0,1014.9
1996-05-07,19.5,70.6,0.0,1013.3
1996-05-08,19.67,70.8,5.4,1011.2
1996-05-09,19.02,70.0,2.4,1006.5
1996-05-10,16.09,76.8,3.3,1006.10004
1996-05-11,17.56,76.1,2.4,1008.10004
1996-05-12,19.47,72.1,6.4,1005.9
1996-05-13,18.38,80.9,6.7000003,1007.9
1996-05-14,17.5,83.3,6.6,1004.0
1996-05-15,20.51,69.9,0.0,1003.9
1996-05-16,20.15,72.200005,0.0,1007.60004
1996-05-17,21.32,68.4,0.0,1010.7
1996-05-18,22.91,57.9,0.0,1010.0
1996-05-19,25.14,47.4,0.0,1009.4
1996-05-20,20.24,65.1,3.9,1008.8
1996-05-21,15.94,58.600002,0.0,1018.2
1996-05-22,14.92,68.6,0.3,1020.7
1996-05-23,14.969999,54.2,0.0,1021.4
1996-05-24,17.82,57.100002,0.0,1019.8
1996-05-25,21.1,52.600002,0.0,1014.7
1996-05-26,17.89,64.1,0.0,1013.8
1996-05-27,17.89,64.700005,11.2,1011.3
1996-05-28,14.059999,75.0,0.0,1006.8
1996-05-29,12.929999,67.8,0.0,1018.2
1996-05-30,18.199999,61.8,0.0,1022.7
1996-05-31,20.75,62.3,0.0,1021.7
1996-06-01,22.619999,58.8,0.0,1019.2
1996-06-02,24.039999,58.7,0.0,1015.3
1996-06-03,25.24,58.7,0.0,1014.2
1996-06-04,23.15,67.3,0.0,1019.2
1996-06-05,20.31,65.0,0.0,1025.7001
1996-06-06,22.41,53.600002,0.0,1025.2001
1996-06-07,23.96,56.9,0.0,1023.0
1996-06-08,25.39,53.4,0.0,1021.2
1996-06-09,26.22,54.3,0.0,1019.5
1996-06-10,27.72,52.3,0.0,1019.8
1996-06-11,27.18,52.4,0.0,1020.3
1996-06-12,26.9,54.0,0.0,1019.5
1996-06-13,22.21,60.3,0.0,1018.5
1996-06-14,16.859999,42.7,0.0,1024.0
1996-06-15,17.33,45.0,0.0,1023.60004
1996-06-16,17.539999,47.9,0.0,1021.60004
1996-06-17,18.359999,54.3,0.0,1020.10004
1996-06-18,20.72,49.8,0.0,1015.0
1996-06-19,20.3,60.2,2.2,1009.0
1996-06-20,21.449999,60.3,12.900001,1007.8
1996-06-21,19.39,75.3,10.0,1009.0
1996-06-22,20.41,77.3,1.8000001,1004.8
1996-06-23,13.9,76.1,1.4,1011.2
1996-06-24,15.48,62.3,0.0,1019.5
1996-06-25,17.51,62.3,0.0,1020.60004
1996-06-26,18.14,64.1,0.0,1014.8
1996-06-27,18.15,59.9,0.0,1015.2
1996-06-28,18.47,63.5,0.0,1016.9
1996-06-29,20.82,56.600002,0.0,1014.0
1996-06-30,17.92,62.4,0.0,1012.8
1996-07-01,16.33,73.700005,2.5,1012.7
1996-07-02,18.47,67.8,13.2,1011.9
1996-07-03,18.9,72.9,0.0,1013.0
1996-07-04,20.88,67.4,0.0,1017.2
1996-07-05,23.59,67.3,0.0,1014.10004
1996-07-06,23.949999,64.200005,0.8,1007.2
1996-07-07,22.779999,61.5,0.0,1007.9
1996-07-08,24.019999,62.5,6.7000003,1001.8
1996-07-09,15.15,60.4,0.0,1013.60004
1996-07-10,17.31,56.100002,0.0,1017.8
1996-07-11,17.029999,66.700005,0.0,1016.60004
1996-07-12,16.35,73.9,0.0,1017.3
1996-07-13,21.539999,61.600002,0.0,1021.4
1996-07-14,24.57,55.7,0.0,1023.0
1996-07-15,25.13,58.4,0.0,1019.60004
1996-07-16,22.06,57.2,0.0,1018.0
1996-07-17,17.91,51.0,0.0,1022.0
1996-07-18,18.18,54.7,1.2,1018.4
1996-07-19,16.73,51.600002,0.0,1020.5
1996-07-20,17.31,50.4,0.0,1022.5
1996-07-21,17.71,53.9,0.0,1024.1
1996-07-22,18.89,50.7,0.0,1023.5
1996-07-23,19.34,54.7,0.0,1021.7
1996-07-24,20.55,52.600002,1.0,1014.2
1996-07-25,18.66,72.4,2.7,1013.4
1996-07-26,19.82,64.5,0.0,1016.7
1996-07-27,21.64,58.100002,0.0,1020.0
1996-07-28,23.75,56.0,0.0,1017.9
1996-07-29,25.17,57.7,0.0,1014.7
1996-07-30,25.26,60.0,0.0,1010.2
1996-07-31,22.88,59.0,0.0,1013.10004
1996-08-01,23.779999,56.2,0.0,1017.5
1996-08-02,25.029999,52.2,0.0,1018.7
1996-08-03,24.49,65.3,0.0,1016.10004
1996-08-04,18.27,74.6,0.0,1016.2
1996-08-05,16.26,74.8,0.0,1017.7
1996-08-06,17.619999,69.4,0.0,1017.3
1996-08-07,21.07,60.8,0.0,1017.3
1996-08-08,20.789999,60.2,0.0,1016.10004
1996-08-09,20.59,55.7,0.0,1016.60004
1996-08-10,21.01,50.600002,0.0,1017.60004
1996-08-11,22.21,50.2,0.0,1014.7
1996-08-12,20.47,56.2,5.2000003,1013.3
1996-08-13,19.83,73.0,3.2,1013.9
1996-08-14,20.779999,69.5,0.0,1012.8
1996-08-15,21.76,61.9,3.5,1014.8
1996-08-16,20.48,69.0,0.0,1013.60004
1996-08-17,19.83,67.0,0.0,1014.60004
1996-08-18,22.039999,53.9,0.0,1015.8
1996-08-19,23.05,48.2,0.0,1016.9
1996-08-20,22.269999,48.8,0.0,1016.7
1996-08-21,22.189999,55.8,0.0,1014.5
1996-08-22,21.98,55.7,0.0,1010.3
1996-08-23,21.949999,61.2,0.0,1008.7
1996-08-24,23.06,56.4,0.0,1009.9
1996-08-25,22.31,60.2,0.0,1011.10004
1996-08-26,20.31,69.1,0.0,1014.7
1996-08-27,22.199999,65.8,8.8,1016.9
1996-08-28,23.189999,69.8,3.8,1014.3
1996-08-29,20.97,77.0,0.0,1015.3
1996-08-30,21.96,70.5,7.3,1016.10004
1996-08-31,18.68,80.3,0.8,1017.0
1996-09-01,18.55,78.9,12.5,1015.0
1996-09-02,18.06,83.3,15.1,1014.60004
1996-09-03,18.279999,85.5,2.0,1014.60004
1996-09-04,19.65,61.4,0.0,1012.4
1996-09-05,17.27,65.3,0.0,1007.7
1996-09-06,12.61,72.700005,2.6000001,1006.7
1996-09-07,10.37,80.3,7.8,1006.7
1996-09-08,13.33,70.8,0.0,1007.5
1996-09-09,13.299999,71.3,0.0,1013.9
1996-09-10,12.759999,70.1,0.0,1014.7
1996-09-11,14.73,62.7,0.0,1013.4
1996-09-12,14.809999,76.3,5.0,1007.5
1996-09-13,12.79,76.8,1.6,999.9
1996-09-14,10.5,72.1,0.7,1006.7
1996-09-15,11.36,70.4,1.3000001,1015.2
1996-09-16,11.16,69.200005,0.0,1016.4
1996-09-17,10.679999,72.700005,1.4,1015.10004
1996-09-18,11.74,73.9,0.0,1018.10004
1996-09-19,12.5199995,67.1,0.0,1017.5
1996-09-20,12.88,71.200005,0.0,1010.60004
1996-09-21,11.84,82.9,5.8,1009.60004
1996-09-22,12.95,92.5,10.3,1008.4
1996-09-23,13.4,,36.7,999.8
1996-09-24,11.12,87.4,0.0,1000.9
1996-09-25,11.719999,75.3,2.2,1010.60004
1996-09-26,12.04,79.5,0.0,1015.0
1996-09-27,11.099999,72.9,0.0,1016.4
1996-09-28,11.88,79.200005,0.0,1018.10004
1996-09-29,14.589999,66.3,0.0,1024.4
1996-09-30,14.58,72.0,0.0,1022.7
1996-10-01,15.25,60.600002,0.0,1016.0
1996-10-02,15.44,64.8,0.0,1011.4
1996-10-03,12.2699995,85.0,2.5,1019.9
1996-10-04,12.099999,67.0,0.0,1024.0
1996-10-05,13.509999,75.700005,0.0,1016.5
1996-10-06,16.18,72.4,0.0,1015.9
1996-10-07,16.73,74.3,0.0,1019.9
1996-10-08,15.73,71.4,0.0,1018.8
1996-10-09,14.509999,75.6,0.0,1017.2
1996-10-10,14.15,76.700005,0.0,1018.0
1996-10-11,14.67,69.200005,0.0,1021.7
1996-10-12,12.849999,70.0,0.0,1022.2
1996-10-13,12.79,73.200005,0.0,1022.4
1996-10-14,13.429999,71.4,0.0,1021.7
1996-10-15,15.21,66.8,0.0,1017.2
1996-10-16,16.49,67.0,1.1,1010.7
1996-10-17,15.73,79.6,0.0,1009.5
1996-10-18,13.099999,84.5,1.1,1011.4
1996-10-19,12.92,70.200005,0.0,1012.2
1996-10-20,12.599999,68.1,1.2,1018.0
1996-10-21,10.53,76.3,0.0,1014.8
1996-10-22,8.679999,81.4,2.4,1017.9
1996-10-23,9.82,73.700005,0.90000004,1022.7
1996-10-24,8.51,73.4,0.0,1026.5
1996-10-25,8.4,71.8,0.0,1027.0
1996-10-26,6.6,73.3,0.0,1028.4
1996-10-27,6.92,77.0,0.0,1027.0
1996-10-28,6.8999996,90.6,2.5,1018.8
1996-10-29,10.74,84.3,0.0,1012.0
1996-10-30,11.429999,57.7,0.0,1016.8
1996-10-31,8.929999,60.8,0.0,1025.3
1996-11-01,7.79,72.9,0.0,1020.9
1996-11-02,12.2699995,70.9,0.0,1024.2001
1996-11-03,12.15,72.0,0.0,1023.60004
1996-11-04,12.17,77.200005,0.0,1021.0
1996-11-05,12.0,72.8,0.0,1014.0
1996-11-06,13.25,56.3,0.0,1019.8
1996-11-07,11.639999,69.0,0.0,1015.8
1996-11-08,11.719999,65.5,0.0,1020.0
1996-11-09,8.639999,71.200005,0.0,1030.1
1996-11-10,8.01,70.700005,0.0,1026.3
1996-11-11,12.19,66.6,0.0,1017.0
1996-11-12,12.12,72.3,0.0,1014.7
1996-11-13,14.33,67.9,0.0,1011.5
1996-11-14,12.719999,77.3,0.0,1013.2
1996-11-15,12.03,76.1,0.0,1021.3
1996-11-16,11.61,77.5,1.3000001,1023.10004
1996-11-17,11.7699995,85.6,0.5,1015.60004
1996-11-18,11.67,86.5,1.4,1006.9
1996-11-19,11.54,79.700005,0.0,1003.60004
1996-11-20,10.15,82.1,12.7,997.7
1996-11-21,7.5899997,75.1,0.0,999.8
1996-11-22,4.66,74.6,0.5,1013.0
1996-11-23,4.23,73.4,0.0,1014.9
1996-11-24,3.3,79.3,0.0,1014.9
1996-11-25,2.62,74.9,0.0,1015.4
1996-11-26,1.5799999,80.700005,0.0,1006.5
1996-11-27,1.86,87.9,0.0,1006.3
1996-11-28,0.79999995,,1.7,1008.5
1996-11-29,2.58,80.0,0.0,1014.9
1996-11-30,0.19999999,92.3,5.0,1006.9
1996-12-01,2.1699998,79.3,0.0,1008.7
1996-12-02,2.74,75.1,0.0,1010.8
1996-12-03,3.6299999,80.8,0.0,1014.0
1996-12-04,0.71,91.0,0.0,1022.60004
1996-12-05,0.22,,0.0,1023.9
1996-12-06,0.97999996,,0.0,1024.3
1996-12-07,0.77,91.700005,0.0,1028.6
1996-12-08,0.81,,0.0,1031.9
1996-12-09,1.5999999,,0.0,1032.4
1996-12-10,0.19999999,,0.0,1027.2001
1996-12-11,1.04,,0.0,1022.7
1996-12-12,2.84,92.5,0.0,1019.10004
1996-12-13,4.73,91.700005,7.7000003,1010.4
1996-12-14,6.21,,8.900001,1001.10004
1996-12-15,3.07,72.9,0.0,1010.2
1996-12-16,4.36,74.0,0.0,1019.7
1996-12-17,2.48,87.200005,0.0,1019.7
1996-12-18,2.32,90.4,0.0,1014.9
1996-12-19,4.13,92.200005,2.3,1008.0
1996-12-20,4.2999997,,15.6,1005.60004
1996-12-21,1.8499999,86.0,0.0,1011.9
1996-12-22,-1.04,66.6,9.3,1020.8
1996-12-23,-3.73,87.6,8.8,1010.4
1996-12-24,-2.35,83.700005,0.0,1006.8
1996-12-25,-4.5499997,80.0,0.0,1011.9
1996-12-26,-6.92,61.8,0.0,1026.0
1996-12-27,-9.349999,60.3,0.0,1036.4
1996-12-28,-10.11,61.600002,0.0,1029.1
1996-12-29,-9.139999,70.8,1.9,1021.3
1996-12-30,-8.76,83.200005,0.90000004,1010.60004
1996-12-31,-9.26,82.4,1.3000001,1018.4
1997-01-01,-7.6499996,86.700005,10.1,1022.60004
1997-01-02,-4.37,86.3,3.8,1023.5
1997-01-03,-2.28,90.1,4.9,1019.10004
1997-01-04,1.05,92.4,7.3,1008.4
1997-01-05,1.17,90.700005,0.0,1006.7
1997-01-06,-1.1,81.3,0.0,1017.60004
1997-01-07,-1.18,78.9,0.0,1022.5
1997-01-08,-0.35999998,78.4,0.0,1018.9
1997-01-09,-3.53,85.700005,0.0,1015.2
1997-01-10,0.12,83.3,0.0,1015.5
1997-01-11,2.45,81.200005,0.0,1023.5
1997-01-12,-0.51,88.6,0.0,1030.7001
1997-01-13,-0.85999995,87.8,0.0,1032.9
1997-01-14,0.82,86.4,0.0,1030.7001
1997-01-15,-1.79,92.8,0.0,1031.5
1997-01-16,-0.81,,0.0,1029.5
1997-01-17,-1.67,90.9,0.0,1028.1
1997-01-18,-2.6599998,90.200005,0.0,1025.1
1997-01-19,-2.27,87.200005,0.0,1023.4
1997-01-20,-0.93,90.4,0.0,1021.4
1997-01-21,0.65,85.4,0.0,1031.9
1997-01-22,-2.02,91.9,0.0,1038.6
1997-01-23,-1.02,,0.0,1033.4
1997-01-24,0.79999995,91.700005,0.0,1030.1
1997-01-25,1.0,88.700005,0.0,1035.2001
1997-01-26,-1.77,71.5,0.0,1038.6
1997-01-27,-3.4399998,78.4,0.0,1034.9
1997-01-28,-1.64,80.200005,0.0,1032.2001
1997-01-29,2.8899999,71.8,0.0,1033.7001
1997-01-30,1.77,73.5,0.0,1033.4
1997-01-31,2.05,74.700005,0.0,1026.5
1997-02-01,0.13,65.200005,0.0,1027.0
1997-02-02,-1.4399999,65.700005,0.0,1029.3
1997-02-03,-3.33,71.700005,0.0,1031.4
1997-02-04,-3.07,73.200005,0.0,1030.2001
1997-02-05,-1.0699999,83.1,0.0,1021.7
1997-02-06,2.37,75.200005,0.0,1027.6
1997-02-07,1.25,71.8,0.0,1038.3
1997-02-08,-0.59,87.4,0.0,1035.5
1997-02-09,0.58,87.3,0.0,1032.3
1997-02-10,0.79999995,87.6,0.0,1028.5
1997-02-11,1.93,74.700005,0.0,1022.9
1997-02-12,5.7799997,74.700005,0.0,1016.9
1997-02-13,8.22,77.6,0.0,1006.9
1997-02-14,6.5499997,59.600002,0.0,1004.7
1997-02-15,5.21,70.0,0.0,1006.4
1997-02-16,3.33,65.0,0.0,1019.60004
1997-02-17,0.17999999,69.4,0.0,1029.0
1997-02-18,-0.07,69.0,0.0,1029.4
1997-02-19,2.04,75.6,0.0,1021.8
1997-02-20,3.11,76.9,0.0,1023.5
1997-02-21,6.2799997,69.200005,0.0,1026.5
1997-02-22,9.03,71.200005,0.0,1026.5
1997-02-23,9.03,72.4,0.0,1024.7001
1997-02-24,8.5199995,75.1,0.0,1019.10004
1997-02-25,10.15,69.8,0.0,1016.3
1997-02-26,11.61,72.1,1.0,1012.0
1997-02-27,8.559999,65.1,0.0,1019.60004
1997-02-28,5.1099997,61.8,0.0,1034.3
1997-03-01,7.0899997,59.100002,0.0,1031.5
1997-03-02,8.96,61.7,0.0,1029.8
1997-03-03,10.37,64.700005,0.0,1028.1
1997-03-04,6.67,70.0,0.0,1033.5
1997-03-05,7.1099997,62.4,0.0,1028.8
1997-03-06,8.28,57.9,0.0,1027.5
1997-03-07,10.179999,56.100002,0.0,1029.3
1997-03-08,8.44,43.8,0.0,1033.0
1997-03-09,7.83,49.8,0.0,1034.9
1997-03-10,9.01,53.600002,0.0,1034.4
1997-03-11,7.93,50.4,0.0,1037.5
1997-03-12,8.62,54.3,0.0,1033.4
1997-03-13,10.12,53.4,0.0,1023.0
1997-03-14,11.139999,62.7,0.0,1018.9
1997-03-15,11.57,61.4,0.0,1018.3
1997-03-16,10.389999,60.600002,2.6000001,1016.4
1997-03-17,2.31,86.200005,1.9,1018.5
1997-03-18,2.18,52.5,2.6000001,1023.3
1997-03-19,0.26,79.700005,2.1000001,1008.0
1997-03-20,2.84,75.0,0.0,1006.7
1997-03-21,1.53,55.100002,0.0,1018.0
1997-03-22,2.9399998,58.7,0.0,1020.9
1997-03-23,2.3999999,60.100002,0.0,1021.60004
1997-03-24,3.1,53.7,0.0,1016.3
1997-03-25,5.19,52.8,0.0,1015.7
1997-03-26,5.22,48.8,0.0,1022.8
1997-03-27,6.27,67.0,0.0,1018.60004
1997-03-28,10.7,60.7,1.5,1006.10004
1997-03-29,7.6299996,57.8,0.0,1008.4
1997-03-30,6.79,55.100002,0.0,1014.0
1997-03-31,7.96,54.9,0.0,1021.2
1997-04-01,9.8,59.2,0.0,1019.4
1997-04-02,13.219999,51.5,0.0,1014.2
1997-04-03,15.67,51.0,0.0,1008.7
1997-04-04,10.16,53.5,0.0,1006.7
1997-04-05,5.33,59.100002,6.8,1014.0
1997-04-06,6.21,68.3,1.9,1007.3
1997-04-07,3.59,51.100002,0.0,1022.2
1997-04-08,3.8799999,45.100002,0.0,1030.0
1997-04-09,5.42,43.0,0.0,1032.5
1997-04-10,10.69,41.0,0.0,1025.8
1997-04-11,12.46,46.0,4.0,1009.5
1997-04-12,5.6299996,57.3,0.0,1012.2
1997-04-13,4.0899997,49.8,0.0,1020.4
1997-04-14,6.45,50.600002,2.4,1020.4
1997-04-15,6.91,63.4,0.0,1011.2
1997-04-16,3.6899998,52.2,0.0,1014.7
1997-04-17,3.29,65.9,0.0,1012.7
1997-04-18,8.91,55.5,0.0,1012.10004
1997-04-19,12.179999,47.9,3.2,1007.8
1997-04-20,4.0299997,82.3,4.1,1009.60004
1997-04-21,6.46,54.3,0.0,1011.10004
1997-04-22,5.5299997,65.5,4.5,1004.3
1997-04-23,8.29,53.7,0.0,1012.60004
1997-04-24,8.72,46.8,0.0,1023.3
1997-04-25,10.49,53.100002,0.0,1021.3
1997-04-26,11.46,65.5,0.90000004,1016.10004
1997-04-27,14.67,65.1,0.0,1014.8
1997-04-28,16.47,52.7,0.0,1015.2
1997-04-29,13.88,66.4,0.0,1010.3
1997-04-30,13.719999,65.1,2.8,1012.5
1997-05-01,14.509999,64.1,0.0,1020.60004
1997-05-02,15.889999,58.3,0.0,1023.5
1997-05-03,18.91,49.4,0.0,1014.8
1997-05-04,20.09,47.8,0.0,1009.0
1997-05-05,20.189999,46.5,0.0,1004.5
1997-05-06,20.18,44.9,0.2,999.8
1997-05-07,17.25,49.100002,0.7,1001.60004
1997-05-08,14.73,69.8,14.0,1001.4
1997-05-09,12.63,58.600002,0.0,1008.5
1997-05-10,15.36,50.600002,0.0,1017.4
1997-05-11,18.359999,50.7,0.0,1020.60004
1997-05-12,20.23,49.7,0.0,1021.4
1997-05-13,22.65,47.0,0.0,1022.60004
1997-05-14,23.4,47.7,0.0,1021.8
1997-05-15,23.66,49.100002,0.0,1020.10004
1997-05-16,23.72,47.100002,0.0,1017.7
1997-05-17,21.81,55.8,0.0,1015.60004
1997-05-18,21.88,58.0,0.0,1012.7
1997-05-19,22.35,60.8,0.0,1009.9
1997-05-20,22.619999,53.100002,0.0,1006.9
1997-05-21,19.82,58.9,8.1,1006.7
1997-05-22,15.04,78.5,9.7,1007.2
1997-05-23,16.52,55.5,1.5,1014.4
1997-05-24,16.279999,62.7,3.2,1018.7
1997-05-25,14.28,52.0,0.0,1024.8
1997-05-26,13.009999,53.100002,0.0,1023.7
1997-05-27,12.799999,66.700005,3.2,1015.8
1997-05-28,11.79,67.5,0.2,1014.4
1997-05-29,13.25,62.100002,0.0,1019.8
1997-05-30,12.259999,63.0,0.0,1017.2
1997-05-31,10.78,65.5,0.0,1017.8
1997-06-01,13.7,60.4,0.0,1016.5
1997-06-02,14.83,66.0,0.0,1015.8
1997-06-03,16.65,68.6,0.0,1013.7
1997-06-04,17.07,67.3,3.9,1016.0
1997-06-05,18.5,57.600002,0.0,1016.7
1997-06-06,17.66,69.6,0.7,1012.9
1997-06-07,17.14,70.3,0.0,1014.8
1997-06-08,18.779999,63.4,0.0,1018.10004
1997-06-09,21.33,60.0,0.0,1021.0
1997-06-10,22.82,53.0,0.0,1019.10004
1997-06-11,23.279999,50.4,0.0,1015.0
1997-06-12,23.35,53.600002,0.0,1010.60004
1997-06-13,22.46,64.4,3.6000001,1008.4
1997-06-14,23.3,67.5,12.1,1007.9
1997-06-15,20.89,58.7,0.0,1011.5
1997-06-16,22.21,50.0,0.0,1017.10004
1997-06-17,20.9,66.5,0.2,1013.2
1997-06-18,18.15,63.3,0.0,1014.3
1997-06-19,19.779999,60.5,10.6,1013.0
1997-06-20,18.24,70.1,1.1,1003.9
1997-06-21,20.609999,53.600002,0.0,1008.9
1997-06-22,24.38,55.7,0.0,1006.5
1997-06-23,18.49,65.8,3.9,1005.7
1997-06-24,19.35,51.4,0.0,1010.5
1997-06-25,18.91,52.600002,0.0,1010.4
1997-06-26,20.14,47.8,0.0,1006.7
1997-06-27,23.519999,48.8,0.0,1006.5
1997-06-28,27.22,46.7,0.0,1010.5
1997-06-29,28.13,47.8,0.0,1009.2
1997-06-30,25.869999,56.9,8.5,1003.9
1997-07-01,19.65,66.8,3.9,1008.8
1997-07-02,22.039999,51.100002,0.0,1016.60004
1997-07-03,23.48,51.600002,0.0,1015.5
1997-07-04,25.15,51.100002,0.0,1015.0
1997-07-05,22.07,68.5,2.4,1013.10004
1997-07-06,18.19,76.1,6.1,1009.2
1997-07-07,15.36,81.8,0.8,1006.3
1997-07-08,17.93,82.700005,6.8,1007.4
1997-07-09,19.779999,73.1,0.0,1008.4
1997-07-10,22.71,55.4,0.0,1010.9
1997-07-11,21.01,57.9,0.0,1012.2
1997-07-12,20.73,64.6,0.0,1013.2
1997-07-13,21.41,56.4,0.0,1014.8
1997-07-14,20.6,55.600002,0.0,1017.7
1997-07-15,20.63,58.7,0.0,1016.5
1997-07-16,21.31,57.4,0.0,1016.2
1997-07-17,21.529999,60.9,9.400001,1013.10004
1997-07-18,18.69,85.6,11.3,1006.2
1997-07-19,17.5,79.700005,2.8,1005.0
1997-07-20,17.71,68.1,0.0,1010.4
1997-07-21,18.59,62.7,1.5,1013.0
1997-07-22,19.32,72.5,0.0,1014.9
1997-07-23,23.21,58.600002,0.0,1017.0
1997-07-24,23.31,62.4,0.0,1014.5
1997-07-25,21.8,72.3,2.2,1007.8
1997-07-26,19.47,66.700005,0.0,1008.9
1997-07-27,22.14,59.7,0.0,1013.2
1997-07-28,23.74,50.9,0.0,1018.10004
1997-07-29,21.88,59.9,0.0,1019.60004
1997-07-30,22.41,61.7,0.0,1016.8
1997-07-31,23.269999,56.7,0.0,1014.10004
1997-08-01,18.27,66.5,3.9,1010.4
1997-08-02,17.34,68.8,0.0,1011.10004
1997-08-03,21.66,64.5,0.0,1013.8
1997-08-04,23.55,62.2,0.0,1016.0
1997-08-05,24.42,53.2,0.0,1015.5
1997-08-06,23.48,56.100002,0.0,1015.2
1997-08-07,22.14,58.3,0.0,1014.10004
1997-08-08,23.22,61.8,0.0,1016.10004
1997-08-09,22.23,67.1,0.5,1017.0
1997-08-10,22.189999,61.100002,0.0,1019.3
1997-08-11,23.38,48.3,0.0,1020.8
1997-08-12,23.83,46.9,0.0,1021.7
1997-08-13,24.63,48.3,0.0,1019.7
1997-08-14,25.4,48.600002,0.0,1018.4
1997-08-15,25.76,49.2,0.0,1015.60004
1997-08-16,22.99,61.600002,6.3,1015.3
1997-08-17,23.26,56.4,0.0,1019.0
1997-08-18,22.789999,48.8,0.0,1019.10004
1997-08-19,23.269999,46.7,0.0,1018.60004
1997-08-20,23.59,54.8,0.0,1019.60004
1997-08-21,23.48,50.4,0.0,1021.4
1997-08-22,23.33,47.9,0.0,1021.8
1997-08-23,21.99,59.0,1.8000001,1019.60004
1997-08-24,22.269999,61.0,0.0,1017.2
1997-08-25,22.42,55.4,2.0,1014.10004
1997-08-26,22.47,63.4,0.0,1010.2
1997-08-27,23.25,65.200005,1.2,1007.9
1997-08-28,24.189999,67.3,0.0,1005.9
1997-08-29,18.88,71.0,1.6,1006.2
1997-08-30,16.43,70.1,5.8,1010.60004
1997-08-31,19.93,71.6,0.0,1012.7
1997-09-01,22.02,62.5,0.0,1016.8
1997-09-02,22.439999,65.8,0.0,1018.2
1997-09-03,23.32,61.4,0.0,1019.0
1997-09-04,23.029999,64.9,0.0,1020.0
1997-09-05,22.029999,63.7,0.0,1020.7
1997-09-06,22.99,63.0,0.0,1021.0
1997-09-07,21.02,72.3,2.0,1020.8
1997-09-08,20.279999,63.0,0.0,1021.3
1997-09-09,19.83,54.5,0.0,1014.5
1997-09-10,15.82,47.4,0.0,1015.10004
1997-09-11,15.54,51.9,0.0,1019.9
1997-09-12,17.859999,59.9,0.0,1016.5
1997-09-13,22.23,61.4,3.5,1011.3
1997-09-14,16.05,69.8,0.0,1019.5
1997-09-15,15.059999,55.9,0.0,1026.1
1997-09-16,15.259999,59.0,0.0,1029.1
1997-09-17,15.92,64.200005,0.0,1027.2001
1997-09-18,16.699999,62.9,0.0,1025.2001
1997-09-19,17.71,63.2,0.90000004,1020.5
1997-09-20,14.639999,62.3,0.0,1023.10004
1997-09-21,12.599999,55.0,0.0,1026.8
1997-09-22,13.17,57.0,0.0,1026.0
1997-09-23,14.58,58.3,0.0,1023.3
1997-09-24,14.61,60.7,0.0,1020.3
1997-09-25,14.57,60.0,0.0,1024.8
1997-09-26,16.39,60.0,0.0,1021.60004
1997-09-27,15.78,57.0,0.0,1013.9
1997-09-28,12.74,62.2,0.0,1016.5
1997-09-29,13.11,62.2,0.0,1021.7
1997-09-30,13.87,69.6,0.0,1018.5
1997-10-01,14.5199995,65.1,5.7000003,1015.0
1997-10-02,13.96,77.6,2.5,1005.9
1997-10-03,11.96,54.9,0.0,1013.0
1997-10-04,11.62,59.5,0.0,1021.0
1997-10-05,14.759999,59.5,0.0,1017.10004
1997-10-06,16.17,69.200005,0.0,1015.4
1997-10-07,18.23,64.1,0.0,1012.10004
1997-10-08,18.98,68.3,0.0,1014.60004
1997-10-09,19.18,68.4,0.0,1014.8
1997-10-10,20.23,67.200005,0.0,1008.3
1997-10-11,15.88,54.8,0.0,1004.4
1997-10-12,12.33,73.3,1.3000001,997.60004
1997-10-13,10.55,65.700005,0.0,1004.9
1997-10-14,8.34,69.9,0.0,1011.10004
1997-10-15,8.32,63.2,0.0,1010.7
1997-10-16,8.179999,66.9,0.0,1014.5
1997-10-17,6.8399997,61.2,0.0,1024.7001
1997-10-18,6.68,60.0,0.0,1031.3
1997-10-19,7.6499996,64.0,0.0,1027.2001
1997-10-20,7.8199997,64.1,0.0,1017.4
1997-10-21,7.87,61.0,0.0,1014.60004
1997-10-22,7.0299997,52.8,0.0,1018.60004
1997-10-23,8.33,61.3,0.0,1013.9
1997-10-24,6.43,61.2,0.0,1014.2
1997-10-25,5.17,54.0,0.0,1020.9
1997-10-26,4.8199997,52.7,0.0,1022.10004
1997-10-27,3.0,65.4,0.0,1024.9
1997-10-28,1.37,61.9,0.0,1033.2001
1997-10-29,1.1899999,64.8,0.0,1039.0
1997-10-30,1.88,58.600002,0.0,1037.3
1997-10-31,4.33,63.4,0.0,1034.0
1997-11-01,5.0699997,66.8,0.0,1029.2001
1997-11-02,5.0699997,72.4,0.0,1021.10004
1997-11-03,6.49,73.9,0.0,1015.8
1997-11-04,3.8899999,60.8,0.0,1024.2001
1997-11-05,4.37,61.600002,0.0,1021.9
1997-11-06,9.49,64.700005,0.0,1012.3
1997-11-07,13.38,67.9,0.6,1008.9
1997-11-08,14.929999,81.4,1.3000001,1005.7
1997-11-09,14.12,75.1,2.5,1008.60004
1997-11-10,13.24,84.1,0.0,1009.4
1997-11-11,10.69,88.0,1.1,1009.9
1997-11-12,11.09,80.6,0.0,1010.60004
1997-11-13,12.679999,83.5,9.7,1004.5
1997-11-14,8.05,88.1,3.6000001,1002.5
1997-11-15,6.45,73.9,0.0,1016.0
1997-11-16,4.47,75.9,0.0,1018.10004
1997-11-17,4.68,84.5,0.0,1018.3
1997-11-18,4.33,70.0,2.5,1013.4
1997-11-19,1.26,61.7,0.0,1014.7
1997-11-20,-0.11,69.1,0.0,1013.9
1997-11-21,0.31,82.0,0.0,1013.7
1997-11-22,1.8399999,89.0,0.0,1016.9
1997-11-23,3.32,82.3,4.8,1021.3
1997-11-24,4.5699997,91.1,4.3,1020.60004
1997-11-25,5.6099997,89.9,0.0,1018.4
1997-11-26,7.49,85.6,1.3000001,1015.2
1997-11-27,7.1099997,93.6,0.0,1018.3
1997-11-28,6.2799997,,0.0,1018.5
1997-11-29,6.75,,2.4,1014.7
1997-11-30,7.9199996,90.1,0.0,1010.4
1997-12-01,7.5299997,92.3,2.0,1007.5
1997-12-02,7.39,89.8,0.0,1003.9
1997-12-03,7.49,86.9,0.0,998.8
1997-12-04,4.49,73.3,0.0,1002.8
1997-12-05,3.11,78.1,0.0,1017.0
1997-12-06,2.2,82.1,0.0,1023.2
1997-12-07,1.56,83.0,0.0,1022.5
1997-12-08,0.049999997,87.4,0.0,1019.7
1997-12-09,-0.41,89.0,1.3000001,1019.60004
1997-12-10,1.25,91.3,0.0,1021.10004
1997-12-11,2.84,89.8,1.2,1014.3
1997-12-12,6.58,87.5,2.6000001,1006.0
1997-12-13,6.83,79.6,0.0,1011.0
1997-12-14,4.17,74.5,0.0,1018.0
1997-12-15,0.28,77.700005,0.0,1021.60004
1997-12-16,-2.02,60.9,0.0,1031.8
1997-12-17,-4.35,62.5,0.90000004,1037.2001
1997-12-18,-4.02,73.4,0.0,1030.6
1997-12-19,-1.29,67.8,0.0,1020.10004
1997-12-20,1.86,81.4,5.0,1012.0
1997-12-21,3.9099998,,1.1,1009.3
1997-12-22,6.44,89.9,0.0,1011.2
1997-12-23,5.24,88.3,0.0,1018.10004
1997-12-24,4.5299997,84.700005,0.0,1026.8
1997-12-25,4.3399997,91.9,0.0,1022.8
1997-12-26,4.44,91.3,6.5,1015.0
1997-12-27,6.92,83.6,0.0,1009.4
1997-12-28,5.85,80.200005,0.0,1008.3
1997-12-29,4.37,76.700005,0.0,1008.8
1997-12-30,3.22,78.6,0.0,1017.10004
1997-12-31,-0.22999999,,0.0,1020.10004
1998-01-01,2.9099998,,0.0,1021.5
1998-01-02,6.66,87.200005,0.0,1013.60004
1998-01-03,6.74,80.5,1.5,1011.7
1998-01-04,7.77,74.5,0.0,1013.0
1998-01-05,4.5699997,77.6,0.0,1013.4
1998-01-06,5.9,67.0,0.0,1011.7
1998-01-07,6.1,62.8,0.0,1021.10004
1998-01-08,9.23,65.3,0.0,1025.5
1998-01-09,11.12,59.2,0.0,1025.5
1998-01-10,9.92,69.0,0.0,1028.5
1998-01-11,5.3199997,84.9,0.0,1031.2001
1998-01-12,3.55,91.3,0.0,1027.4
1998-01-13,2.75,,0.0,1020.2
1998-01-14,3.48,87.9,0.0,1018.0
1998-01-15,5.35,83.700005,0.0,1022.9
1998-01-16,4.0299997,90.200005,0.0,1020.5
1998-01-17,5.64,82.4,0.0,1016.8
1998-01-18,3.98,67.5,0.0,1022.2
1998-01-19,2.84,87.200005,11.900001,1008.4
1998-01-20,3.98,91.200005,21.9,1003.3
1998-01-21,4.79,82.200005,6.3,1012.7
1998-01-22,4.83,82.0,3.4,1019.4
1998-01-23,5.0299997,55.5,0.0,1023.3
1998-01-24,0.22999999,72.8,0.0,1021.9
1998-01-25,-1.5,84.3,0.0,1025.6
1998-01-26,-1.09,67.4,0.0,1030.4
1998-01-27,-2.85,80.3,0.0,1027.9
1998-01-28,-4.44,85.1,0.0,1020.4
1998-01-29,-1.35,74.3,0.0,1018.10004
1998-01-30,-2.51,72.4,0.0,1020.60004
1998-01-31,-1.3299999,68.0,0.0,1014.7
1998-02-01,-6.06,53.3,0.0,1025.7001
1998-02-02,-5.2,63.3,0.0,1019.5
1998-02-03,-1.01,65.4,0.0,1012.10004
1998-02-04,0.32999998,60.0,0.0,1018.9
1998-02-05,-0.07,58.2,0.0,1019.5
1998-02-06,0.82,60.5,0.0,1022.4
1998-02-07,2.6399999,66.9,0.0,1024.4
1998-02-08,3.1699998,67.6,0.0,1026.0
1998-02-09,4.2999997,55.8,0.0,1031.9
1998-02-10,6.8599997,47.3,0.0,1030.9
1998-02-11,6.92,50.9,0.0,1030.6
1998-02-12,11.3,39.7,0.0,1025.0
1998-02-13,13.08,57.4,0.0,1023.7
1998-02-14,11.71,67.9,0.0,1029.4
1998-02-15,13.36,58.9,0.0,1024.7001
1998-02-16,15.11,51.7,0.0,1019.8
1998-02-17,9.719999,43.0,0.0,1018.3
1998-02-18,5.19,49.7,0.0,1035.2001
1998-02-19,9.22,50.2,0.0,1028.5
1998-02-20,9.23,59.7,0.0,1028.5
1998-02-21,8.67,62.7,0.0,1028.4
1998-02-22,10.7699995,54.4,0.0,1021.9
1998-02-23,11.0,61.2,0.0,1023.2
1998-02-24,9.969999,62.600002,0.0,1027.4
1998-02-25,10.3,61.3,0.0,1028.6
1998-02-26,9.23,54.100002,0.0,1032.7001
1998-02-27,12.2699995,54.3,0.0,1024.2001
1998-02-28,11.55,53.600002,0.0,1012.5
1998-03-01,6.15,54.600002,0.0,1015.3
1998-03-02,5.93,55.9,0.0,1021.9
1998-03-03,10.679999,44.8,0.0,1020.4
1998-03-04,13.54,56.7,0.0,1015.10004
1998-03-05,10.99,56.8,0.5,1010.60004
1998-03-06,7.74,48.4,0.0,1020.60004
1998-03-07,11.04,52.3,4.7000003,1014.5
1998-03-08,10.95,63.5,0.0,1005.8
1998-03-09,5.04,59.5,0.0,1008.0
1998-03-10,1.55,43.2,0.0,1021.9
1998-03-11,0.17,35.3,0.0,1020.5
1998-03-12,0.62,32.100002,0.0,1019.10004
1998-03-13,3.1999998,42.4,0.0,1021.2
1998-03-14,4.96,57.0,1.2,1016.10004
1998-03-15,3.49,42.2,0.0,1018.60004
1998-03-16,2.18,37.5,0.0,1021.3
1998-03-17,3.3999999,45.0,0.0,1020.9
1998-03-18,5.92,52.4,0.0,1026.0
1998-03-19,7.81,57.100002,0.0,1025.5
1998-03-20,3.4399998,57.0,0.0,1022.7
1998-03-21,1.52,52.7,0.0,1021.10004
1998-03-22,2.05,51.4,0.0,1025.0
1998-03-23,3.07,39.2,0.0,1029.7001
1998-03-24,2.99,37.600002,0.0,1026.4
1998-03-25,4.0699997,41.100002,0.0,1027.7001
1998-03-26,5.0099998,42.2,0.0,1026.2001
1998-03-27,5.39,38.7,0.0,1024.6
1998-03-28,7.1299996,57.3,0.0,1021.3
1998-03-29,8.44,56.9,0.0,1020.2
1998-03-30,8.91,48.0,0.0,1023.3
1998-03-31,10.37,44.600002,0.0,1022.3
1998-04-01,13.21,44.7,0.0,1014.3
1998-04-02,14.839999,51.0,0.0,1008.10004
1998-04-03,16.289999,53.3,0.0,1007.5
1998-04-04,16.39,54.7,0.0,1007.10004
1998-04-05,17.369999,54.0,3.4,1009.2
1998-04-06,13.98,79.4,14.1,1008.8
1998-04-07,13.24,61.4,0.0,1009.10004
1998-04-08,14.049999,55.100002,6.5,1004.9
1998-04-09,10.28,87.4,6.1,1003.9
1998-04-10,11.55,74.4,0.0,1006.0
1998-04-11,13.94,60.2,0.0,1003.4
1998-04-12,11.46,61.0,2.4,1000.8
1998-04-13,9.23,61.5,0.0,1002.5
1998-04-14,7.96,70.6,0.0,1006.8
1998-04-15,9.94,60.4,0.0,1013.4
1998-04-16,10.29,72.3,4.1,1002.7
1998-04-17,10.38,82.1,8.6,998.10004
1998-04-18,10.75,86.5,23.2,995.7
1998-04-19,8.66,83.1,0.0,1001.4
1998-04-20,10.37,60.5,0.0,1011.3
1998-04-21,11.509999,61.4,0.0,1014.0
1998-04-22,12.53,73.6,0.0,1018.2
1998-04-23,13.4,63.600002,0.0,1019.3
1998-04-24,13.92,66.700005,0.0,1018.2
1998-04-25,14.66,74.1,0.5,1017.10004
1998-04-26,15.74,64.9,0.0,1014.8
1998-04-27,17.57,48.100002,0.0,1010.8
1998-04-28,17.619999,46.600002,0.0,1008.8
1998-04-29,16.64,63.4,1.4,1010.7
1998-04-30,14.9,79.1,1.6,1012.2
1998-05-01,15.719999,72.8,0.0,1013.8
1998-05-02,14.17,79.5,5.5,1010.2
1998-05-03,14.58,76.4,0.0,1008.7
1998-05-04,13.299999,85.700005,27.1,998.8
1998-05-05,11.79,55.0,0.0,1003.0
1998-05-06,13.349999,52.600002,0.0,1011.7
1998-05-07,16.89,52.3,0.0,1020.4
1998-05-08,18.14,55.7,0.0,1027.8
1998-05-09,19.57,52.9,0.0,1027.1
1998-05-10,20.73,53.0,0.0,1023.0
1998-05-11,21.289999,51.3,0.0,1019.3
1998-05-12,21.76,49.7,0.0,1018.0
1998-05-13,21.27,55.3,3.2,1017.8
1998-05-14,16.67,44.600002,0.0,1020.7
1998-05-15,13.96,59.3,3.2,1016.60004
1998-05-16,11.05,73.0,2.6000001,1015.0
1998-05-17,11.179999,81.200005,13.5,1016.10004
1998-05-18,12.7699995,84.1,5.9,1018.2
1998-05-19,13.929999,88.4,10.400001,1014.3
1998-05-20,17.08,73.200005,0.0,1012.7
1998-05-21,17.85,62.0,0.0,1012.4
1998-05-22,13.7699995,54.9,0.0,1012.60004
1998-05-23,12.3,57.0,0.0,1015.4
1998-05-24,12.94,50.8,0.0,1014.8
1998-05-25,13.48,73.4,3.6000001,1011.5
1998-05-26,16.8,62.8,0.0,1008.2
1998-05-27,19.359999,56.2,0.0,1011.9
1998-05-28,21.15,54.8,0.0,1014.8
1998-05-29,22.16,53.600002,0.0,1013.0
1998-05-30,19.82,73.4,6.6,1012.7
1998-05-31,20.97,64.9,0.0,1013.10004
1998-06-01,18.72,66.6,0.0,1013.60004
1998-06-02,19.939999,56.0,0.0,1015.2
1998-06-03,22.99,54.100002,0.0,1017.5
1998-06-04,24.39,57.100002,0.0,1018.3
1998-06-05,24.16,63.100002,0.0,1019.3
1998-06-06,26.63,56.7,0.0,1018.10004
1998-06-07,28.279999,48.100002,0.0,1013.9
1998-06-08,26.06,57.5,5.3,1012.8
1998-06-09,21.88,72.5,0.0,1013.9
1998-06-10,24.01,61.8,0.0,1009.2
1998-06-11,22.74,67.1,2.8,1003.60004
1998-06-12,18.109999,77.4,11.900001,1003.7
1998-06-13,13.009999,82.700005,0.0,1009.7
1998-06-14,14.889999,74.6,0.0,1011.2
1998-06-15,18.6,56.600002,0.0,1011.7
1998-06-16,18.41,61.2,0.0,1015.8
1998-06-17,18.34,59.600002,0.0,1020.9
1998-06-18,17.42,54.9,0.0,1019.7
1998-06-19,17.609999,50.3,0.0,1020.3
1998-06-20,19.16,62.600002,0.0,1021.4
1998-06-21,22.859999,56.2,0.0,1020.5
1998-06-22,25.22,54.2,0.0,1014.4
1998-06-23,21.43,52.8,0.0,1016.7
1998-06-24,20.15,61.2,0.0,1015.2
1998-06-25,21.289999,63.7,0.0,1013.8
1998-06-26,24.18,61.4,3.7,1014.7
1998-06-27,23.619999,70.6,8.1,1015.10004
1998-06-28,25.07,62.600002,0.0,1014.2
1998-06-29,23.029999,56.7,0.0,1017.8
1998-06-30,22.619999,68.3,10.5,1014.2
1998-07-01,23.5,62.5,5.0,1010.4
1998-07-02,20.82,68.8,0.0,1008.0
1998-07-03,17.31,72.6,2.3,1013.10004
1998-07-04,18.039999,67.1,0.0,1012.60004
1998-07-05,17.08,69.200005,0.0,1012.5
1998-07-06,19.27,64.9,0.0,1010.2
1998-07-07,21.46,65.700005,14.900001,1004.9
1998-07-08,15.49,68.6,0.0,1003.10004
1998-07-09,15.36,65.200005,0.0,1007.9
1998-07-10,18.039999,69.4,0.0,1010.4
1998-07-11,20.83,59.3,0.0,1010.10004
1998-07-12,19.47,66.9,0.0,1012.4
1998-07-13,23.97,63.7,0.0,1011.5
1998-07-14,20.25,68.0,7.2000003,1009.3
1998-07-15,19.27,62.3,0.0,1013.10004
1998-07-16,20.5,50.0,1.3000001,1013.3
1998-07-17,19.359999,58.9,0.0,1013.2
1998-07-18,22.74,54.0,0.0,1014.3
1998-07-19,25.019999,58.7,0.0,1015.9
1998-07-20,27.01,58.4,0.0,1017.60004
1998-07-21,28.97,49.4,0.0,1016.9
1998-07-22,29.47,47.5,0.0,1016.5
1998-07-23,30.109999,50.2,0.0,1015.10004
1998-07-24,29.019999,50.5,0.0,1014.8
1998-07-25,27.039999,58.3,5.5,1015.2
1998-07-26,24.39,70.6,0.0,1014.9
1998-07-27,26.289999,65.3,6.4,1013.3
1998-07-28,23.26,72.3,1.3000001,1007.9
1998-07-29,22.15,61.100002,0.0,1009.10004
1998-07-30,23.74,56.5,0.0,1012.9
1998-07-31,26.13,52.4,0.0,1013.8
1998-08-01,27.0,60.9,0.0,1014.8
1998-08-02,29.22,53.4,0.0,1016.4
1998-08-03,30.369999,49.0,0.0,1017.3
1998-08-04,29.269999,54.7,2.7,1016.8
1998-08-05,24.699999,53.100002,0.0,1019.3
1998-08-06,22.47,47.600002,0.0,1024.0
1998-08-07,22.76,48.7,0.0,1022.4
1998-08-08,24.91,49.600002,0.0,1019.4
1998-08-09,26.529999,46.7,0.0,1014.60004
1998-08-10,22.48,42.7,0.0,1019.60004
1998-08-11,22.59,49.5,0.0,1021.3
1998-08-12,25.199999,51.7,0.0,1017.2
1998-08-13,26.769999,48.5,0.0,1012.10004
1998-08-14,22.51,52.3,0.0,1012.3
1998-08-15,21.67,53.7,0.0,1016.3
1998-08-16,23.51,55.600002,0.0,1018.3
1998-08-17,25.73,54.8,0.0,1016.4
1998-08-18,25.42,56.7,3.7,1015.0
1998-08-19,23.48,62.8,0.0,1013.10004
1998-08-20,23.0,59.4,0.0,1016.2
1998-08-21,23.269999,61.4,5.1,1010.2
1998-08-22,19.609999,66.4,6.4,1007.10004
1998-08-23,17.43,63.8,0.0,1013.0
1998-08-24,19.15,61.9,5.0,1012.3
1998-08-25,16.88,56.100002,0.0,1015.2
1998-08-26,17.68,54.4,0.0,1016.3
1998-08-27,18.52,54.4,4.1,1010.8
1998-08-28,15.32,60.5,0.0,1014.3
1998-08-29,15.009999,59.100002,0.0,1015.0
1998-08-30,16.0,59.0,0.0,1016.4
1998-08-31,15.429999,64.6,2.9,1016.10004
1998-09-01,16.19,60.100002,0.0,1018.9
1998-09-02,17.84,60.2,2.1000001,1022.2
1998-09-03,15.15,85.8,13.2,1020.5
1998-09-04,15.75,83.3,0.0,1017.4
1998-09-05,16.94,86.5,22.1,1013.60004
1998-09-06,15.599999,92.5,10.6,1009.5
1998-09-07,17.17,81.4,0.0,1012.4
1998-09-08,17.64,73.4,0.0,1014.7
1998-09-09,18.89,70.5,0.0,1017.60004
1998-09-10,18.449999,73.4,0.0,1018.5
1998-09-11,20.369999,69.0,0.0,1012.2
1998-09-12,21.07,67.8,17.800001,999.3
1998-09-13,13.63,79.200005,6.8,993.10004
1998-09-14,10.65,83.0,8.5,997.9
1998-09-15,12.78,71.3,3.2,1005.7
1998-09-16,15.5199995,65.0,3.5,1006.8
1998-09-17,14.11,77.0,1.7,1008.8
1998-09-18,13.58,72.1,1.9,1016.3
1998-09-19,14.41,72.4,1.5,1024.1
1998-09-20,16.289999,68.1,0.0,1023.4
1998-09-21,16.77,57.9,0.0,1023.7
1998-09-22,15.16,65.3,0.0,1023.2
1998-09-23,14.469999,63.5,0.0,1022.2
1998-09-24,14.66,71.200005,0.0,1023.5
1998-09-25,15.7,73.0,0.0,1019.60004
1998-09-26,17.869999,79.4,0.0,1013.10004
1998-09-27,18.55,84.700005,11.1,1008.2
1998-09-28,16.83,91.700005,12.5,1002.3
1998-09-29,15.5199995,83.3,3.7,1004.5
1998-09-30,16.9,73.3,0.0,1008.9
1998-10-01,13.889999,88.8,12.2,1009.9
1998-10-02,12.63,,11.900001,1007.8
1998-10-03,12.2,88.200005,0.0,1008.10004
1998-10-04,10.059999,84.8,0.0,1009.10004
1998-10-05,11.4,91.200005,4.0,1012.3
1998-10-06,14.75,,3.3,1015.60004
1998-10-07,17.41,81.3,1.4,1017.0
1998-10-08,15.49,87.700005,6.3,1019.2
1998-10-09,15.5,86.3,0.0,1021.60004
1998-10-10,15.65,79.200005,0.0,1015.7
1998-10-11,15.21,68.4,1.0,1013.7
1998-10-12,13.38,78.6,2.3,1010.3
1998-10-13,10.88,67.4,0.0,1015.0
1998-10-14,10.71,65.5,0.0,1022.5
1998-10-15,12.73,86.5,0.8,1021.3
1998-10-16,14.63,78.200005,0.0,1022.0
1998-10-17,15.25,74.700005,0.0,1018.3
1998-10-18,14.88,70.6,0.1,1015.60004
1998-10-19,11.36,82.700005,14.5,1016.60004
1998-10-20,9.62,79.0,0.0,1016.7
1998-10-21,8.82,70.4,0.0,1029.1
1998-10-22,9.55,74.5,0.0,1029.9
1998-10-23,9.76,80.4,0.0,1027.2001
1998-10-24,9.74,82.200005,0.0,1018.5
1998-10-25,8.83,90.4,6.3,1006.8
1998-10-26,9.62,72.0,0.0,1008.0
1998-10-27,8.2,66.6,0.0,1017.5
1998-10-28,11.639999,66.5,0.0,1013.3
1998-10-29,13.11,76.6,3.5,1007.0
1998-10-30,9.87,54.3,0.0,1013.5
1998-10-31,8.07,58.100002,0.0,1014.0
1998-11-01,7.9199996,74.0,4.9,1003.7
1998-11-02,7.77,64.0,0.0,1009.7
1998-11-03,8.349999,77.8,2.4,1007.5
1998-11-04,9.469999,90.3,20.7,1003.9
1998-11-05,8.11,74.9,0.0,1013.9
1998-11-06,7.12,65.5,0.0,1024.5
1998-11-07,7.0299997,65.200005,0.0,1028.2001
1998-11-08,5.0899997,71.9,0.0,1029.3
1998-11-09,5.5499997,79.4,1.1,1023.5
1998-11-10,5.77,92.6,18.800001,1017.5
1998-11-11,6.7999997,85.8,0.0,1012.9
1998-11-12,4.8199997,79.3,0.0,1015.8
1998-11-13,3.1999998,81.8,0.0,1014.8
1998-11-14,2.4199998,86.8,1.1,1011.0
1998-11-15,4.21,90.5,13.7,1006.7
1998-11-16,3.9199998,72.8,0.0,1012.3
1998-11-17,2.3,71.700005,0.0,1017.9
1998-11-18,1.26,69.0,0.0,1020.9
1998-11-19,0.0,71.8,0.0,1024.0
1998-11-20,-1.1899999,75.1,0.0,1025.3
1998-11-21,-1.68,63.5,0.0,1031.3
1998-11-22,0.24,65.5,0.0,1034.9
1998-11-23,4.38,71.5,0.0,1025.1
1998-11-24,3.6399999,78.1,0.0,1021.10004
1998-11-25,1.5699999,89.3,0.0,1020.4
1998-11-26,1.25,,3.5,1020.10004
1998-11-27,1.87,87.700005,0.0,1021.0
1998-11-28,1.8,86.5,0.0,1023.7
1998-11-29,1.53,90.200005,0.0,1019.3
1998-11-30,1.28,88.4,0.0,1023.4
1998-12-01,0.45999998,80.0,0.0,1031.6
1998-12-02,1.11,75.3,0.0,1032.7001
1998-12-03,0.17999999,81.4,0.0,1028.8
1998-12-04,-0.94,92.0,13.2,1010.9
1998-12-05,-0.25,84.1,0.0,1004.5
1998-12-06,-0.61,74.9,0.0,1009.8
1998-12-07,-1.22,74.1,0.0,1018.7
1998-12-08,-3.5,78.6,0.0,1025.7001
1998-12-09,-3.54,76.0,0.0,1028.5
1998-12-10,-3.9099998,78.8,0.0,1025.0
1998-12-11,-6.75,81.1,0.0,1026.5
1998-12-12,-4.77,78.700005,0.0,1029.4
1998-12-13,-2.6399999,92.1,1.3000001,1026.7001
1998-12-14,5.46,71.700005,0.0,1025.4
1998-12-15,3.1599998,89.8,0.0,1028.3
1998-12-16,3.6999998,89.0,1.6,1027.8
1998-12-17,4.7599998,80.8,0.0,1029.3
1998-12-18,0.089999996,,0.0,1028.1
1998-12-19,-1.28,,0.0,1019.2
1998-12-20,-0.62,,3.6000001,1012.60004
1998-12-21,0.0,89.6,0.2,1010.8
1998-12-22,-0.59999996,72.200005,0.0,1019.8
1998-12-23,-2.6699998,77.9,0.0,1029.4
1998-12-24,-7.52,86.8,0.0,1033.4
1998-12-25,-7.29,83.200005,0.0,1035.9
1998-12-26,-8.4,90.4,0.0,1032.5
1998-12-27,-7.7999997,87.9,0.0,1027.6
1998-12-28,-4.8399997,75.9,0.0,1026.0
1998-12-29,-1.8399999,77.200005,0.0,1024.2001
1998-12-30,-1.4,83.9,0.0,1026.4
1998-12-31,-4.33,,0.0,1030.7001
1999-01-01,-3.5,88.8,0.0,1029.7001
1999-01-02,-1.03,85.8,0.0,1023.10004
1999-01-03,2.6699998,79.8,0.0,1016.2
1999-01-04,3.49,84.5,0.0,1018.0
1999-01-05,2.05,92.700005,0.0,1025.5
1999-01-06,1.04,,0.0,1024.9
1999-01-07,0.81,,0.0,1015.0
1999-01-08,4.39,88.6,0.0,1006.5
1999-01-09,4.37,85.1,0.0,1005.10004
1999-01-10,3.31,86.5,0.0,1015.8
1999-01-11,2.59,,2.7,1016.0
1999-01-12,3.81,81.8,0.0,1013.60004
1999-01-13,1.52,83.8,1.1,1011.5
1999-01-14,3.1999998,71.5,0.0,1012.10004
1999-01-15,4.2599998,76.8,0.0,1017.60004
1999-01-16,3.49,82.200005,0.0,1019.7
1999-01-17,1.66,90.6,0.0,1022.60004
1999-01-18,2.1499999,86.1,0.0,1025.3
1999-01-19,1.01,90.9,0.0,1028.5
1999-01-20,-1.37,,0.0,1030.9
1999-01-21,-2.34,,0.0,1031.2001
1999-01-22,-2.98,,0.0,1029.1
1999-01-23,-2.77,,0.0,1029.1
1999-01-24,-2.53,,0.0,1029.9
1999-01-25,-2.26,,0.0,1029.8
1999-01-26,-2.27,,0.0,1019.3
1999-01-27,-0.52,,1.2,1006.60004
1999-01-28,1.64,84.0,0.0,1005.0
1999-01-29,-1.1,82.5,0.0,1009.0
1999-01-30,-4.89,54.100002,0.0,1021.7
1999-01-31,-4.7,58.3,0.0,1026.3
1999-02-01,-4.5,64.3,0.0,1030.4
1999-02-02,-0.34,83.8,0.0,1027.5
1999-02-03,3.1599998,84.700005,0.6,1026.2001
1999-02-04,4.44,86.0,1.0,1019.7
1999-02-05,6.44,70.0,1.8000001,1002.3
1999-02-06,3.6499999,63.2,0.0,1000.8
1999-02-07,3.6299999,61.600002,0.0,999.8
1999-02-08,1.87,68.6,0.0,999.60004
1999-02-09,-0.32,79.0,17.4,1002.5
1999-02-10,-0.08,92.4,7.8,1000.9
1999-02-11,-1.25,87.200005,5.3,1003.9
1999-02-12,-2.5,77.1,1.3000001,1011.3
1999-02-13,-1.8399999,88.700005,1.6,1017.3
1999-02-14,-2.45,87.6,0.0,1024.2001
1999-02-15,-1.4399999,79.700005,0.0,1024.4
1999-02-16,-1.75,78.0,1.2,1015.2
1999-02-17,1.8399999,72.1,0.0,1005.4
1999-02-18,0.02,67.200005,0.0,1011.0
1999-02-19,-0.02,78.0,1.9,1019.60004
1999-02-20,4.31,86.3,3.2,1012.5
1999-02-21,3.58,83.5,3.2,1010.7
1999-02-22,3.78,87.9,5.6,996.4
1999-02-23,2.4099998,73.0,0.0,996.60004
1999-02-24,2.4299998,70.8,0.0,1006.2
1999-02-25,2.4199998,66.1,0.0,1015.3
1999-02-26,3.87,57.7,0.0,1019.8
1999-02-27,7.22,57.8,0.0,1018.2
1999-02-28,7.21,69.1,0.0,1019.5
1999-03-01,9.099999,63.8,0.0,1020.8
1999-03-02,10.59,70.700005,0.0,1012.8
1999-03-03,11.95,64.1,0.0,1008.3
1999-03-04,12.7,58.9,0.0,1003.9
1999-03-05,9.059999,71.200005,1.5,998.5
1999-03-06,7.29,80.0,2.8,1002.9
1999-03-07,5.29,89.9,9.0,1005.9
1999-03-08,5.2,71.1,0.0,1011.5
1999-03-09,5.68,75.5,0.0,1013.8
1999-03-10,9.969999,73.200005,0.0,1014.0
1999-03-11,8.59,63.9,0.0,1014.5
1999-03-12,5.71,66.0,0.0,1020.9
1999-03-13,4.58,66.8,0.0,1021.3
1999-03-14,3.35,59.2,0.0,1026.5
1999-03-15,5.48,66.200005,0.0,1025.0
1999-03-16,3.1799998,72.0,0.0,1026.2001
1999-03-17,3.24,55.4,0.0,1029.0
1999-03-18,3.6599998,55.7,0.0,1024.6
1999-03-19,4.71,50.3,0.0,1016.4
1999-03-20,6.16,54.2,0.0,1014.5
1999-03-21,5.18,70.8,0.0,1014.3
1999-03-22,8.059999,61.7,0.0,1009.4
1999-03-23,9.4,58.8,0.0,1010.10004
1999-03-24,8.88,59.7,0.0,1015.7
1999-03-25,11.84,52.2,0.0,1016.2
1999-03-26,13.599999,48.7,0.0,1010.60004
1999-03-27,14.549999,47.7,0.0,1006.9
1999-03-28,12.429999,57.2,0.0,1006.0
1999-03-29,12.08,73.5,0.0,1011.9
1999-03-30,13.03,62.100002,0.0,1015.8
1999-03-31,14.839999,48.100002,0.0,1015.60004
1999-04-01,13.88,47.7,0.0,1015.3
1999-04-02,11.34,53.3,0.8,1013.7
1999-04-03,14.65,42.8,0.0,1015.2
1999-04-04,14.71,39.100002,0.0,1019.4
1999-04-05,15.42,55.7,0.0,1022.8
1999-04-06,15.309999,52.100002,0.0,1023.7
1999-04-07,16.35,52.5,0.0,1012.3
1999-04-08,12.74,65.5,0.0,1012.0
1999-04-09,13.13,52.2,0.0,1019.0
1999-04-10,13.29,53.0,0.0,1017.2
1999-04-11,12.67,72.4,0.0,1009.8
1999-04-12,12.49,58.8,0.0,1008.0
1999-04-13,11.61,75.700005,2.4,1001.10004
1999-04-14,11.759999,54.7,0.0,1004.60004
1999-04-15,15.2,44.7,0.0,1009.4
1999-04-16,18.1,49.2,6.8,1006.9
1999-04-17,10.28,82.3,6.7000003,1000.5
1999-04-18,6.7799997,82.200005,9.6,1008.10004
1999-04-19,9.0,53.3,0.0,1012.5
1999-04-20,8.809999,51.7,0.0,1015.2
1999-04-21,10.32,66.200005,1.6,1015.7
1999-04-22,13.46,77.700005,0.0,1015.5
1999-04-23,13.54,81.8,7.5,1015.10004
1999-04-24,12.96,88.6,5.0,1011.60004
1999-04-25,12.889999,85.1,4.1,1012.9
1999-04-26,14.21,78.4,0.0,1014.0
1999-04-27,14.57,77.6,6.3,1015.10004
1999-04-28,15.509999,74.3,1.3000001,1016.3
1999-04-29,16.65,63.600002,0.0,1013.5
1999-04-30,16.32,64.8,0.0,1012.2
1999-05-01,18.6,61.100002,1.9,1015.0
1999-05-02,17.67,61.7,0.0,1015.60004
1999-05-03,16.82,58.9,0.0,1019.7
1999-05-04,16.529999,59.100002,5.5,1016.3
1999-05-05,11.5,63.0,2.6000001,1014.9
1999-05-06,11.139999,50.8,0.0,1023.10004
1999-05-07,11.679999,62.4,0.0,1023.0
1999-05-08,14.74,59.8,0.0,1016.2
1999-05-09,16.9,64.0,0.0,1016.10004
1999-05-10,17.91,60.100002,0.0,1019.0
1999-05-11,17.949999,61.0,0.0,1014.60004
1999-05-12,17.19,69.6,0.3,1011.3
1999-05-13,17.07,68.700005,3.5,1011.4
1999-05-14,15.28,78.9,8.400001,1010.60004
1999-05-15,16.109999,67.700005,0.0,1008.3
1999-05-16,12.41,59.4,0.0,1012.60004
1999-05-17,13.599999,57.9,1.1,1020.0
1999-05-18,12.82,68.1,0.0,1022.7
1999-05-19,15.41,51.0,0.0,1023.9
1999-05-20,18.619999,56.9,1.8000001,1014.3
1999-05-21,18.08,65.6,0.0,1007.10004
1999-05-22,17.51,72.4,9.900001,1011.0
1999-05-23,16.609999,73.700005,0.0,1015.5
1999-05-24,16.69,52.5,0.0,1021.10004
1999-05-25,18.09,56.3,0.0,1017.3
1999-05-26,20.199999,55.5,0.0,1016.5
1999-05-27,20.359999,57.100002,0.0,1021.10004
1999-05-28,21.88,56.2,0.0,1022.5
1999-05-29,22.769999,57.0,0.0,1022.10004
1999-05-30,23.68,55.9,0.0,1017.3
1999-05-31,24.51,62.600002,0.0,1015.10004
1999-06-01,21.49,64.8,0.0,1017.9
1999-06-02,21.859999,61.9,0.0,1017.8
1999-06-03,21.57,62.600002,0.0,1012.8
1999-06-04,19.1,75.700005,33.5,1010.4
1999-06-05,18.89,77.700005,0.0,1011.4
1999-06-06,22.07,66.0,0.0,1012.60004
1999-06-07,25.039999,60.100002,0.0,1015.8
1999-06-08,22.93,64.4,3.4,1016.9
1999-06-09,19.189999,71.4,2.0,1021.7
1999-06-10,21.22,71.700005,0.0,1022.10004
1999-06-11,23.25,66.5,8.2,1016.60004
1999-06-12,18.43,85.6,7.5,1017.10004
1999-06-13,18.02,85.5,11.2,1016.8
1999-06-14,20.529999,80.0,0.0,1017.3
1999-06-15,20.35,82.1,12.900001,1018.10004
1999-06-16,20.83,80.1,28.1,1018.8
1999-06-17,19.81,86.0,17.4,1014.9
1999-06-18,19.119999,88.4,11.3,1010.5
1999-06-19,18.119999,78.700005,0.0,1014.5
1999-06-20,20.22,75.200005,0.0,1013.8
1999-06-21,19.15,79.3,37.3,1006.5
1999-06-22,11.94,90.200005,25.9,1001.5
1999-06-23,13.719999,69.4,0.0,1013.8
1999-06-24,14.589999,68.6,0.0,1020.3
1999-06-25,16.52,58.2,0.0,1020.10004
1999-06-26,19.109999,57.600002,0.0,1016.5
1999-06-27,21.57,60.5,0.0,1014.4
1999-06-28,23.01,62.7,0.0,1013.9
1999-06-29,22.92,65.200005,0.0,1017.60004
1999-06-30,23.18,61.9,0.0,1015.9
1999-07-01,23.189999,67.4,0.0,1014.9
1999-07-02,23.189999,61.2,0.0,1014.0
1999-07-03,23.609999,60.8,0.0,1014.4
1999-07-04,25.05,59.0,0.0,1014.3
1999-07-05,26.13,55.8,0.0,1014.0
1999-07-06,28.16,56.4,0.0,1012.10004
1999-07-07,22.449999,74.0,17.800001,1013.3
1999-07-08,21.06,77.5,3.9,1015.3
1999-07-09,20.869999,85.200005,28.0,1015.9
1999-07-10,22.18,87.1,22.300001,1013.7
1999-07-11,22.14,79.700005,2.5,1015.0
1999-07-12,21.3,83.8,10.7,1014.60004
1999-07-13,23.029999,78.9,0.0,1010.3
1999-07-14,22.13,78.700005,3.5,1004.7
1999-07-15,20.83,60.600002,0.0,1009.60004
1999-07-16,20.66,56.5,0.0,1015.7
1999-07-17,21.3,59.3,0.0,1019.0
1999-07-18,22.359999,59.100002,0.0,1018.7
1999-07-19,22.789999,57.3,0.0,1018.4
1999-07-20,23.3,60.5,0.0,1016.10004
1999-07-21,24.76,61.9,0.0,1014.10004
1999-07-22,22.41,65.200005,17.5,1012.4
1999-07-23,16.789999,86.0,2.6000001,1010.8
1999-07-24,18.66,76.6,0.0,1017.2
1999-07-25,21.609999,74.700005,6.9,1017.8
1999-07-26,21.74,80.8,0.0,1013.5
1999-07-27,21.32,81.8,2.0,1013.4
1999-07-28,23.029999,68.6,0.0,1014.3
1999-07-29,21.949999,58.2,0.0,1013.7
1999-07-30,21.18,55.3,0.0,1013.2
1999-07-31,21.82,55.3,0.0,1012.5
1999-08-01,20.63,65.5,0.0,1014.2
1999-08-02,20.39,66.9,0.0,1014.8
1999-08-03,20.76,65.200005,0.0,1014.3
1999-08-04,21.18,68.1,0.0,1014.8
1999-08-05,22.18,65.8,0.0,1014.7
1999-08-06,23.43,74.200005,0.0,1012.7
1999-08-07,25.09,73.1,5.9,1008.4
1999-08-08,24.65,74.6,0.0,1005.3
1999-08-09,26.63,70.6,0.0,1006.5
1999-08-10,25.529999,71.8,1.3000001,1009.2
1999-08-11,21.76,71.200005,0.0,1013.5
1999-08-12,20.98,64.1,0.0,1013.10004
1999-08-13,18.83,69.200005,0.1,1010.60004
1999-08-14,18.24,53.7,0.0,1012.5
1999-08-15,20.71,60.9,1.9,1010.2
1999-08-16,19.52,75.5,31.5,1010.8
1999-08-17,20.05,72.8,0.0,1008.7
1999-08-18,22.55,67.8,0.0,1011.2
1999-08-19,22.76,69.6,0.0,1013.4
1999-08-20,19.88,82.200005,16.1,1016.5
1999-08-21,19.55,67.200005,0.0,1016.4
1999-08-22,18.55,58.100002,0.0,1016.9
1999-08-23,17.23,60.9,0.0,1019.5
1999-08-24,18.109999,62.5,0.0,1020.7
1999-08-25,18.57,61.100002,0.0,1021.4
1999-08-26,18.8,57.100002,0.0,1021.8
1999-08-27,18.07,67.6,0.0,1021.2
1999-08-28,20.41,64.5,0.0,1019.2
1999-08-29,20.4,67.700005,0.0,1016.8
1999-08-30,20.039999,76.1,5.3,1014.60004
1999-08-31,18.02,87.5,3.3,1012.9
1999-09-01,16.869999,74.0,0.0,1013.3
1999-09-02,15.63,75.9,0.0,1016.10004
1999-09-03,19.13,75.3,2.0,1017.9
1999-09-04,16.83,75.5,0.0,1021.10004
1999-09-05,17.05,69.8,0.0,1021.4
1999-09-06,17.779999,66.9,0.0,1018.3
1999-09-07,18.15,65.1,0.0,1016.10004
1999-09-08,19.24,69.4,0.0,1017.3
1999-09-09,21.68,61.4,0.0,1018.3
1999-09-10,23.08,53.7,0.0,1022.2
1999-09-11,21.26,57.3,0.0,1022.7
1999-09-12,20.48,63.600002,0.0,1018.2
1999-09-13,20.039999,64.0,0.0,1015.10004
1999-09-14,19.51,63.8,0.0,1014.4
1999-09-15,19.38,66.8,0.0,1014.10004
1999-09-16,19.6,61.2,0.0,1012.7
1999-09-17,20.76,73.0,0.0,1011.10004
1999-09-18,20.64,71.0,0.0,1012.10004
1999-09-19,21.23,65.8,0.0,1011.8
1999-09-20,20.939999,65.700005,0.0,1012.9
1999-09-21,18.99,71.4,3.5,1011.8
1999-09-22,17.71,82.3,0.0,1014.7
1999-09-23,19.16,76.0,0.0,1016.5
1999-09-24,20.949999,69.200005,0.0,1018.10004
1999-09-25,21.46,68.6,0.0,1015.5
1999-09-26,22.9,68.0,0.0,1009.0
1999-09-27,19.689999,69.200005,0.0,1012.2
1999-09-28,18.58,79.8,14.900001,1008.9
1999-09-29,17.21,65.3,0.0,1010.10004
1999-09-30,18.39,61.8,0.0,1008.0
1999-10-01,17.49,61.9,0.0,1009.2
1999-10-02,17.02,64.700005,0.0,1015.5
1999-10-03,19.6,68.700005,0.0,1010.60004
1999-10-04,13.009999,82.200005,10.1,1010.5
1999-10-05,12.21,87.5,9.6,1011.8
1999-10-06,11.11,84.8,2.4,1018.0
1999-10-07,11.21,74.4,0.0,1024.6
1999-10-08,10.5199995,71.0,0.0,1025.9
1999-10-09,11.74,76.9,0.0,1022.2
1999-10-10,13.5199995,79.8,0.0,1019.8
1999-10-11,15.45,74.0,0.0,1022.9
1999-10-12,14.78,76.5,0.0,1025.2001
1999-10-13,12.04,68.4,0.0,1026.3
1999-10-14,11.16,67.700005,0.0,1020.60004
1999-10-15,10.34,63.0,0.0,1018.7
1999-10-16,8.04,65.1,0.0,1019.2
1999-10-17,6.43,67.6,0.0,1021.8
1999-10-18,5.56,66.4,0.0,1025.7001
1999-10-19,6.0299997,62.5,0.0,1019.4
1999-10-20,6.1,68.5,0.0,1021.0
1999-10-21,6.7,84.8,1.4,1020.4
1999-10-22,8.2699995,78.200005,0.0,1018.10004
1999-10-23,10.66,73.4,7.3,1015.60004
1999-10-24,10.75,92.6,3.4,1010.4
1999-10-25,16.109999,77.6,1.6,1010.10004
1999-10-26,15.66,86.3,2.9,1015.60004
1999-10-27,14.53,68.0,0.0,1021.3
1999-10-28,13.09,70.1,0.0,1026.3
1999-10-29,12.09,83.200005,0.0,1025.7001
1999-10-30,9.79,81.0,0.0,1028.3
1999-10-31,10.809999,86.0,0.0,1022.9
1999-11-01,11.71,70.6,0.0,1029.3
1999-11-02,9.2699995,85.1,0.0,1025.2001
1999-11-03,11.219999,80.700005,0.0,1023.5
1999-11-04,11.45,68.700005,0.0,1026.9
1999-11-05,10.0199995,80.8,0.0,1024.0
1999-11-06,10.37,77.3,0.0,1014.7
1999-11-07,10.75,79.200005,0.0,1015.8
1999-11-08,7.35,90.5,15.1,1021.3
1999-11-09,6.89,,20.6,1023.5
1999-11-10,5.46,,8.400001,1023.7
1999-11-11,6.2999997,91.5,0.0,1029.1
1999-11-12,5.54,,0.0,1031.6
1999-11-13,3.52,,0.0,1025.0
1999-11-14,4.69,88.0,2.4,1011.9
1999-11-15,3.36,86.3,0.0,1015.5
1999-11-16,1.3199999,72.5,3.7,1022.9
1999-11-17,0.65,,5.0,1013.10004
1999-11-18,1.75,90.0,0.0,1006.0
1999-11-19,-0.11,,13.3,1004.2
1999-11-20,0.26999998,86.200005,0.0,1009.7
1999-11-21,-1.9,92.6,11.8,1016.5
1999-11-22,0.03,90.6,3.6000001,1010.5
1999-11-23,-0.42,81.4,4.3,1011.4
1999-11-24,0.61,91.0,3.2,1016.2
1999-11-25,1.4699999,89.0,0.0,1029.5
1999-11-26,0.87,,0.0,1035.4
1999-11-27,0.32,90.200005,0.0,1035.0
1999-11-28,-0.69,,0.0,1037.7001
1999-11-29,-0.75,,0.0,1037.7001
1999-11-30,-1.9499999,,0.0,1034.2001
1999-12-01,-2.73,,0.0,1025.5
1999-12-02,3.9299998,84.8,0.0,1019.9
1999-12-03,4.8399997,74.4,0.0,1022.8
1999-12-04,6.39,85.4,0.0,1012.3
1999-12-05,4.3199997,82.4,0.0,1011.5
1999-12-06,1.8199999,75.5,0.0,1025.2001
1999-12-07,0.56,76.9,0.0,1025.7001
1999-12-08,2.9299998,77.4,0.0,1019.4
1999-12-09,2.6499999,87.0,0.0,1017.2
1999-12-10,4.42,85.700005,2.7,1009.7
1999-12-11,5.37,,0.0,1009.10004
1999-12-12,4.87,,9.900001,1008.3
1999-12-13,6.1,86.1,3.7,1004.3
1999-12-14,4.35,81.1,2.7,1005.2
1999-12-15,4.2599998,78.5,0.0,1002.3
1999-12-16,1.8,78.1,0.0,1013.3
1999-12-17,0.34,82.1,0.0,1025.5
1999-12-18,0.22999999,89.700005,0.0,1019.5
1999-12-19,2.2,91.8,4.9,1009.7
1999-12-20,0.29,81.4,0.0,1013.4
1999-12-21,-1.48,74.5,0.0,1023.0
1999-12-22,-2.49,74.3,0.0,1036.6
1999-12-23,-5.66,82.5,0.0,1038.3
1999-12-24,-6.8999996,86.4,0.0,1035.4
1999-12-25,-8.04,87.9,2.6000001,1022.10004
1999-12-26,-2.54,89.9,15.6,1003.9
1999-12-27,3.72,80.0,2.3,993.0
1999-12-28,1.03,,21.5,989.0
1999-12-29,1.74,81.4,0.0,1000.8
1999-12-30,1.8299999,85.3,0.0,1019.60004
1999-12-31,-1.65,87.3,0.0,1025.3
2000-01-01,-4.92,90.6,0.0,1026.7001
2000-01-02,-3.54,92.6,0.0,1029.7001
2000-01-03,-1.03,93.0,0.0,1029.3
2000-01-04,-1.0,91.8,0.0,1025.1
2000-01-05,0.17999999,89.1,0.0,1023.4
2000-01-06,-0.56,89.5,0.0,1026.0
2000-01-07,-2.96,,0.0,1029.9
2000-01-08,-1.25,,0.0,1030.1
2000-01-09,-1.61,,0.0,1028.9
2000-01-10,-0.29,89.5,0.0,1032.2001
2000-01-11,0.98999995,86.3,0.0,1038.1
2000-01-12,0.0,81.8,0.0,1037.6
2000-01-13,-3.32,,1.7,1033.2001
2000-01-14,-1.15,87.5,0.0,1029.0
2000-01-15,-0.66999996,88.6,0.0,1029.4
2000-01-16,-0.88,79.0,0.0,1029.1
2000-01-17,1.65,78.5,2.5,1014.2
2000-01-18,2.1,84.8,4.8,999.9
2000-01-19,0.81,74.4,0.0,1011.3
2000-01-20,-0.28,76.8,0.0,1022.0
2000-01-21,1.13,73.6,0.0,1007.60004
2000-01-22,-3.6499999,62.7,0.0,1017.4
2000-01-23,-3.3799999,69.700005,0.0,1010.9
2000-01-24,-4.54,51.9,0.0,1015.10004
2000-01-25,-6.6299996,71.1,0.0,1026.4
2000-01-26,-4.31,63.3,0.0,1027.3
2000-01-27,1.1,72.5,0.0,1026.6
2000-01-28,0.57,59.8,0.0,1022.7
2000-01-29,2.23,72.8,4.5,1015.9
2000-01-30,6.2,71.200005,4.2000003,1007.7
2000-01-31,8.099999,75.3,0.0,1017.60004
2000-02-01,9.29,76.1,0.0,1024.2001
2000-02-02,6.98,79.700005,0.0,1016.60004
2000-02-03,7.23,66.4,0.0,1020.9
2000-02-04,3.8799999,59.7,0.0,1035.0
2000-02-05,6.75,75.700005,0.0,1027.3
2000-02-06,9.059999,80.0,0.0,1026.2001
2000-02-07,3.8999999,91.9,0.0,1023.10004
2000-02-08,7.81,77.700005,3.3,1016.0
2000-02-09,7.74,72.1,0.0,1011.7
2000-02-10,5.42,67.5,0.0,1022.9
2000-02-11,3.62,79.6,0.0,1025.8
2000-02-12,5.31,76.8,0.0,1027.0
2000-02-13,6.45,68.6,0.0,1021.8
2000-02-14,3.8799999,71.1,0.0,1018.5
2000-02-15,1.91,77.200005,0.6,1020.4
2000-02-16,3.77,80.3,7.7000003,1010.8
2000-02-17,3.27,75.0,0.0,1001.7
2000-02-18,2.07,70.1,0.0,1010.10004
2000-02-19,2.1499999,78.9,0.0,1008.10004
2000-02-20,3.28,85.4,0.0,1012.7
2000-02-21,1.4499999,68.0,0.0,1022.0
2000-02-22,-0.26999998,64.3,0.0,1026.5
2000-02-23,0.04,75.200005,0.0,1026.5
2000-02-24,1.77,79.4,0.0,1028.2001
2000-02-25,5.74,69.3,0.0,1021.8
2000-02-26,4.91,65.700005,0.0,1028.9
2000-02-27,4.8599997,63.0,0.0,1032.7001
2000-02-28,4.74,60.8,0.0,1034.9
2000-02-29,5.75,54.9,0.0,1026.4
2000-03-01,7.71,63.4,8.900001,1010.0
2000-03-02,5.72,77.0,3.6000001,1010.10004
2000-03-03,5.0699997,63.9,0.0,1017.7
2000-03-04,5.81,65.0,0.0,1011.4
2000-03-05,1.65,64.8,0.0,1024.1
2000-03-06,3.1499999,63.0,0.0,1031.5
2000-03-07,7.27,49.9,0.0,1024.5
2000-03-08,10.76,64.0,0.5,1019.9
2000-03-09,12.7699995,69.6,5.6,1012.0
2000-03-10,6.39,57.3,0.0,1016.8
2000-03-11,3.3999999,75.700005,3.1000001,1017.9
2000-03-12,7.24,66.8,0.0,1019.0
2000-03-13,4.98,61.2,0.0,1028.3
2000-03-14,7.41,62.0,1.6,1022.4
2000-03-15,6.3999996,60.600002,0.0,1015.0
2000-03-16,1.63,77.1,3.3,1016.5
2000-03-17,0.71,77.6,3.4,1016.3
2000-03-18,1.61,75.1,0.0,1016.9
2000-03-19,1.6899999,74.4,0.0,1021.2
2000-03-20,3.1699998,62.2,0.0,1022.5
2000-03-21,5.4,68.6,0.0,1021.0
2000-03-22,9.41,68.3,0.0,1020.8
2000-03-23,10.309999,61.4,0.0,1016.8
2000-03-24,10.17,65.8,0.0,1013.4
2000-03-25,9.2,66.0,0.0,1016.8
2000-03-26,10.7,72.6,1.1,1015.0
2000-03-27,11.04,86.3,4.7000003,1007.0
2000-03-28,11.139999,66.0,0.0,1010.0
2000-03-29,11.599999,71.8,1.8000001,1013.4
2000-03-30,10.48,68.6,3.9,1008.4
2000-03-31,8.59,68.700005,0.0,1009.0
2000-04-01,9.8,71.1,7.9,1005.60004
2000-04-02,10.3,77.3,0.0,1004.9
2000-04-03,11.69,70.6,0.0,1006.5
2000-04-04,13.849999,72.4,16.9,999.8
2000-04-05,11.889999,92.5,23.6,992.4
2000-04-06,6.8599997,56.9,0.0,1008.5
2000-04-07,7.0299997,48.4,0.0,1021.10004
2000-04-08,6.5299997,57.3,0.0,1019.9
2000-04-09,6.0099998,53.600002,0.0,1019.8
2000-04-10,8.96,49.100002,0.0,1013.8
2000-04-11,10.929999,59.8,0.6,1005.3
2000-04-12,12.53,69.700005,0.0,1000.8
2000-04-13,13.639999,62.100002,1.5,1005.3
2000-04-14,15.67,53.600002,0.0,1007.0
2000-04-15,16.869999,55.600002,3.6000001,1004.5
2000-04-16,14.49,61.8,0.0,1007.10004
2000-04-17,17.57,52.3,0.0,1007.3
2000-04-18,19.51,51.7,0.0,1006.60004
2000-04-19,20.26,47.0,0.0,1005.7
2000-04-20,20.609999,47.7,0.0,1009.5
2000-04-21,21.71,45.3,0.0,1012.5
2000-04-22,20.779999,46.8,0.0,1014.60004
2000-04-23,20.21,48.100002,0.0,1013.60004
2000-04-24,20.279999,45.600002,0.0,1006.5
2000-04-25,15.61,80.4,4.6,1008.8
2000-04-26,16.76,80.0,0.0,1013.4
2000-04-27,18.25,70.700005,0.0,1016.3
2000-04-28,18.96,64.6,0.0,1016.3
2000-04-29,20.4,53.9,0.0,1016.9
2000-04-30,20.23,57.100002,0.0,1019.10004
2000-05-01,18.92,71.0,5.3,1015.4
2000-05-02,18.47,44.600002,0.0,1014.9
2000-05-03,14.219999,48.0,0.0,1021.3
2000-05-04,15.639999,52.3,0.0,1020.4
2000-05-05,17.369999,48.7,0.0,1018.3
2000-05-06,18.38,44.600002,0.0,1017.3
2000-05-07,20.06,46.3,0.0,1018.5
2000-05-08,20.6,51.2,0.0,1019.4
2000-05-09,20.17,63.2,0.0,1019.5
2000-05-10,21.56,61.3,0.0,1016.9
2000-05-11,22.869999,55.9,0.0,1014.0
2000-05-12,21.96,53.0,0.0,1014.3
2000-05-13,16.3,39.9,0.0,1021.7
2000-05-14,17.65,43.4,0.0,1023.3
2000-05-15,20.47,44.600002,0.0,1022.4
2000-05-16,22.22,43.2,0.0,1019.3
2000-05-17,23.0,39.5,0.0,1014.9
2000-05-18,23.019999,45.7,0.0,1008.8
2000-05-19,16.619999,72.200005,2.0,1006.9
2000-05-20,13.83,69.4,0.2,1008.60004
2000-05-21,13.73,57.5,0.0,1011.5
2000-05-22,12.75,74.3,7.9,1012.2
2000-05-23,14.74,71.9,0.0,1017.0
2000-05-24,17.27,60.4,0.0,1018.8
2000-05-25,19.97,54.3,0.0,1017.2
2000-05-26,22.05,51.600002,0.0,1017.2
2000-05-27,24.06,46.9,0.0,1014.5
2000-05-28,24.369999,51.7,0.0,1012.4
2000-05-29,16.859999,71.200005,0.0,1010.9
2000-05-30,15.44,51.2,0.0,1016.7
2000-05-31,15.059999,72.5,1.2,1014.60004
2000-06-01,16.279999,55.8,0.0,1022.9
2000-06-02,17.85,51.4,0.0,1025.5
2000-06-03,20.88,46.5,0.0,1021.60004
2000-06-04,23.4,43.9,0.0,1019.0
2000-06-05,25.34,43.5,0.0,1016.8
2000-06-06,25.769999,52.4,0.0,1011.2
2000-06-07,19.14,59.600002,0.0,1015.0
2000-06-08,19.14,47.8,0.0,1021.60004
2000-06-09,21.9,45.3,0.0,1020.4
2000-06-10,24.39,41.4,0.0,1017.5
2000-06-11,26.529999,42.4,0.0,1016.7
2000-06-12,27.779999,40.7,0.0,1019.8
2000-06-13,28.26,52.0,0.0,1022.5
2000-06-14,28.71,50.3,0.0,1018.2
2000-06-15,24.59,57.7,0.0,1015.60004
2000-06-16,18.539999,52.2,0.0,1017.60004
2000-06-17,15.67,44.600002,0.0,1023.9
2000-06-18,17.65,41.2,0.0,1027.5
2000-06-19,19.63,40.9,0.0,1026.3
2000-06-20,23.63,42.3,0.0,1020.0
2000-06-21,26.4,38.100002,0.0,1015.2
2000-06-22,28.93,34.600002,0.0,1013.4
2000-06-23,27.33,39.100002,0.0,1012.4
2000-06-24,22.17,51.600002,2.6000001,1012.0
2000-06-25,16.71,75.6,3.0,1011.0
2000-06-26,16.96,59.4,0.0,1016.2
2000-06-27,16.43,46.7,0.0,1018.2
2000-06-28,18.529999,40.7,0.0,1014.9
2000-06-29,19.52,39.600002,0.0,1013.8
2000-06-30,18.97,46.600002,3.0,1015.0
2000-07-01,22.01,57.2,0.0,1013.0
2000-07-02,24.869999,51.0,0.0,1012.3
2000-07-03,26.31,56.100002,2.0,1010.3
2000-07-04,26.74,56.100002,0.0,1007.7
2000-07-05,24.109999,51.0,0.0,1012.0
2000-07-06,23.96,40.2,0.0,1016.3
2000-07-07,23.75,50.8,3.4,1012.5
2000-07-08,22.14,63.8,0.0,1005.0
2000-07-09,14.7,77.6,4.9,1005.9
2000-07-10,20.26,51.100002,0.0,1005.4
2000-07-11,20.84,62.9,2.5,1001.7
2000-07-12,17.96,71.6,2.3,1006.7
2000-07-13,17.31,54.5,0.0,1010.0
2000-07-14,18.01,52.2,0.5,1007.10004
2000-07-15,15.7699995,83.700005,15.3,1003.60004
2000-07-16,14.53,86.3,0.0,1004.8
2000-07-17,16.18,70.700005,0.0,1011.5
2000-07-18,17.3,68.8,0.0,1015.4
2000-07-19,19.029999,58.4,0.0,1014.10004
2000-07-20,17.89,66.0,0.0,1014.7
2000-07-21,19.279999,55.9,0.0,1016.3
2000-07-22,19.8,61.3,0.0,1016.3
2000-07-23,21.97,60.0,0.0,1014.4
2000-07-24,22.73,65.3,0.0,1010.60004
2000-07-25,25.119999,47.5,0.0,1007.7
2000-07-26,23.26,65.6,0.0,1007.8
2000-07-27,22.02,60.2,0.0,1013.7
2000-07-28,21.74,66.8,12.5,1010.8
2000-07-29,18.89,72.0,0.0,1009.7
2000-07-30,19.439999,66.6,0.0,1015.5
2000-07-31,19.439999,65.700005,0.0,1020.0
2000-08-01,20.789999,55.8,0.0,1021.7
2000-08-02,23.47,52.100002,0.0,1019.9
2000-08-03,24.49,57.4,0.0,1017.3
2000-08-04,24.07,62.7,0.0,1016.0
2000-08-05,23.0,67.5,0.0,1017.3
2000-08-06,24.66,63.7,1.7,1013.5
2000-08-07,21.63,72.700005,0.0,1014.10004
2000-08-08,21.199999,57.5,0.0,1017.0
2000-08-09,21.96,56.8,0.0,1018.8
2000-08-10,22.769999,54.3,0.0,1018.10004
2000-08-11,23.96,52.5,0.0,1014.8
2000-08-12,25.67,51.4,0.0,1013.10004
2000-08-13,26.779999,48.600002,0.0,1015.7
2000-08-14,25.619999,54.600002,0.0,1017.9
2000-08-15,25.359999,54.5,0.0,1018.2
2000-08-16,26.029999,51.3,0.0,1015.9
2000-08-17,27.63,45.600002,0.0,1014.3
2000-08-18,28.8,40.8,0.0,1014.8
2000-08-19,29.57,39.9,0.0,1016.3
2000-08-20,29.51,39.5,0.0,1014.10004
2000-08-21,29.22,42.4,0.0,1011.8
2000-08-22,26.97,43.3,0.0,1013.7
2000-08-23,25.32,46.8,0.0,1017.10004
2000-08-24,21.63,44.4,0.0,1020.3
2000-08-25,21.01,43.9,0.0,1015.60004
2000-08-26,18.5,46.100002,0.0,1018.0
2000-08-27,19.15,50.0,0.0,1018.7
2000-08-28,20.48,54.0,0.0,1018.10004
2000-08-29,20.96,59.5,0.0,1017.60004
2000-08-30,21.64,52.3,0.0,1015.7
2000-08-31,18.949999,77.6,2.8,1011.10004
2000-09-01,18.13,83.3,2.8,1005.7
2000-09-02,18.92,73.5,6.2000003,1007.2
2000-09-03,17.779999,65.1,0.0,1008.4
2000-09-04,17.07,61.3,0.0,1012.5
2000-09-05,14.87,59.9,0.0,1015.4
2000-09-06,14.58,55.3,0.0,1016.0
2000-09-07,13.12,81.6,1.8000001,1012.0
2000-09-08,15.799999,66.8,0.0,1020.2
2000-09-09,16.69,57.600002,0.0,1026.3
2000-09-10,17.93,53.9,0.0,1023.4
2000-09-11,19.33,53.100002,0.0,1016.60004
2000-09-12,20.97,58.9,0.0,1015.10004
2000-09-13,21.359999,57.4,0.0,1014.2
2000-09-14,21.539999,61.2,0.0,1013.60004
2000-09-15,19.56,57.9,0.0,1016.4
2000-09-16,16.65,56.9,4.7000003,1014.7
2000-09-17,16.26,72.700005,0.0,1009.4
2000-09-18,16.32,70.0,0.0,1010.7
2000-09-19,15.11,71.700005,1.1,1011.7
2000-09-20,16.1,86.1,0.0,1010.7
2000-09-21,16.63,74.5,1.0,1010.7
2000-09-22,14.73,81.0,0.0,1016.5
2000-09-23,12.9,84.700005,1.6,1023.5
2000-09-24,12.9,77.6,0.0,1024.8
2000-09-25,13.79,83.1,0.0,1024.9
2000-09-26,14.16,74.6,0.0,1025.1
2000-09-27,14.37,67.700005,0.0,1023.5
2000-09-28,14.429999,63.100002,0.0,1019.60004
2000-09-29,15.2,63.2,0.0,1015.5
2000-09-30,16.81,59.0,0.0,1014.8
2000-10-01,18.359999,61.0,2.5,1014.10004
2000-10-02,17.88,80.5,6.8,1011.5
2000-10-03,18.48,78.3,0.0,1017.0
2000-10-04,18.96,74.200005,0.0,1019.8
2000-10-05,17.43,71.4,0.0,1017.8
2000-10-06,16.119999,75.3,0.0,1016.3
2000-10-07,15.349999,82.5,0.0,1016.9
2000-10-08,13.679999,80.4,0.0,1016.10004
2000-10-09,12.3,84.5,0.0,1013.7
2000-10-10,12.259999,84.0,0.0,1007.7
2000-10-11,15.24,72.5,0.0,1004.8
2000-10-12,18.529999,65.1,0.0,1009.2
2000-10-13,18.539999,69.9,0.0,1016.9
2000-10-14,17.449999,74.6,0.0,1019.60004
2000-10-15,16.66,74.0,0.0,1018.8
2000-10-16,15.339999,74.0,0.0,1019.2
2000-10-17,16.9,71.5,0.0,1021.0
2000-10-18,15.78,75.3,0.0,1022.4
2000-10-19,13.799999,79.6,0.0,1023.8
2000-10-20,11.719999,60.7,0.0,1030.0
2000-10-21,9.09,62.100002,0.0,1034.2001
2000-10-22,8.04,67.4,0.0,1034.9
2000-10-23,8.26,67.700005,0.0,1031.8
2000-10-24,9.25,70.200005,0.0,1024.9
2000-10-25,13.44,71.1,0.0,1019.7
2000-10-26,12.86,77.1,0.0,1015.2
2000-10-27,10.96,70.4,0.0,1017.2
2000-10-28,10.37,75.9,0.0,1023.9
2000-10-29,10.2699995,70.4,0.0,1022.10004
2000-10-30,12.009999,73.700005,0.0,1016.8
2000-10-31,17.14,60.2,0.0,1009.10004
2000-11-01,12.11,84.9,4.1,1009.2
2000-11-02,7.6099997,,0.0,1014.7
2000-11-03,10.65,88.4,0.3,1012.9
2000-11-04,12.04,91.8,14.400001,1010.4
2000-11-05,8.29,85.6,0.0,1017.4
2000-11-06,9.15,80.3,0.5,1010.60004
2000-11-07,11.63,90.5,9.7,998.3
2000-11-08,11.23,81.1,0.0,1004.5
2000-11-09,10.2,80.3,4.2000003,1012.60004
2000-11-10,7.29,91.8,2.3,1019.2
2000-11-11,6.8999996,84.8,0.0,1026.4
2000-11-12,4.99,91.6,0.0,1025.2001
2000-11-13,8.23,85.1,0.0,1014.8
2000-11-14,13.759999,69.3,0.0,1012.3
2000-11-15,14.49,73.8,0.0,1016.10004
2000-11-16,10.96,87.3,0.0,1016.5
2000-11-17,11.059999,82.5,0.0,1014.3
2000-11-18,9.0199995,88.200005,1.3000001,1013.8
2000-11-19,8.07,91.700005,0.0,1013.9
2000-11-20,9.42,84.3,0.0,1011.2
2000-11-21,10.48,78.6,0.0,1013.2
2000-11-22,8.72,85.6,0.0,1017.10004
2000-11-23,8.74,83.700005,0.0,1017.8
2000-11-24,7.87,86.1,0.0,1014.9
2000-11-25,9.29,83.200005,4.1,1012.5
2000-11-26,8.08,90.8,6.6,1006.7
2000-11-27,7.0299997,83.700005,0.0,1013.8
2000-11-28,5.81,82.1,0.0,1022.8
2000-11-29,5.2599998,82.9,0.0,1024.4
2000-11-30,3.1599998,91.5,0.0,1024.4
2000-12-01,2.8799999,,0.0,1024.5
2000-12-02,2.6,92.1,0.0,1022.9
2000-12-03,2.9399998,,0.0,1023.3
2000-12-04,5.0099998,93.4,0.0,1024.3
2000-12-05,5.06,,0.0,1026.5
2000-12-06,2.7,,0.0,1026.9
2000-12-07,0.94,,0.0,1025.8
2000-12-08,2.5,90.1,0.0,1021.60004
2000-12-09,5.46,82.700005,2.5,1020.4
2000-12-10,5.64,,1.3000001,1021.0
2000-12-11,8.55,83.6,0.0,1024.2001
2000-12-12,6.96,89.200005,0.0,1025.9
2000-12-13,8.59,84.9,0.0,1020.10004
2000-12-14,8.98,83.9,0.0,1015.0
2000-12-15,7.0699997,89.700005,4.6,1004.8
2000-12-16,5.7,68.3,0.0,1006.2
2000-12-17,4.36,63.3,0.0,1014.3
2000-12-18,2.8799999,79.0,0.0,1019.7
2000-12-19,1.17,90.9,1.3000001,1022.10004
2000-12-20,-1.4499999,89.1,0.0,1028.6
2000-12-21,-1.76,67.700005,0.0,1031.6
2000-12-22,-3.02,70.4,0.0,1030.4
2000-12-23,-4.7999997,81.5,0.0,1024.8
2000-12-24,-6.22,90.200005,0.0,1016.8
2000-12-25,-1.27,90.6,3.1000001,1005.8
2000-12-26,3.05,,9.900001,997.0
2000-12-27,4.73,,5.0,996.9
2000-12-28,6.42,,0.0,993.10004
2000-12-29,4.74,87.700005,9.3,1000.10004
2000-12-30,2.69,92.0,5.2000003,996.4
2000-12-31,1.36,77.6,0.0,1013.9
2001-01-01,-1.16,86.1,0.0,1019.8
2001-01-02,-0.59999996,92.0,0.3,1015.7
2001-01-03,1.51,,3.1000001,1012.4
2001-01-04,1.29,,0.0,1015.60004
2001-01-05,2.4099998,,0.0,1014.2
2001-01-06,5.48,,0.0,1009.10004
2001-01-07,6.58,93.200005,6.3,1013.2
2001-01-08,7.52,,2.8,1010.5
2001-01-09,3.8799999,90.8,6.1,1008.5
2001-01-10,1.8499999,89.200005,0.0,1019.3
2001-01-11,1.77,,0.0,1018.9
2001-01-12,0.69,77.9,0.0,1023.5
2001-01-13,-0.12,76.3,0.0,1031.8
2001-01-14,-2.01,75.1,0.0,1036.0
2001-01-15,-2.61,78.1,0.0,1034.2001
2001-01-16,-2.6399999,82.200005,0.0,1031.7001
2001-01-17,0.17999999,79.1,0.0,1029.6
2001-01-18,0.14,76.5,0.0,1027.9
2001-01-19,-0.76,84.5,0.0,1028.4
2001-01-20,-0.68,84.1,0.0,1029.8
2001-01-21,-1.42,87.5,0.0,1030.2001
2001-01-22,-1.93,90.4,1.8000001,1028.4
2001-01-23,-0.91999996,,4.7000003,1021.5
2001-01-24,-0.04,,7.1,1021.7
2001-01-25,1.3199999,,15.5,1018.5
2001-01-26,2.3999999,,8.2,1013.10004
2001-01-27,4.89,91.9,0.0,1007.10004
2001-01-28,5.56,78.1,0.0,1007.7
2001-01-29,4.7799997,,4.3,1010.60004
2001-01-30,3.36,,13.3,1012.60004
2001-01-31,1.5699999,89.3,0.0,1011.2
2001-02-01,1.52,67.9,0.0,1014.5
2001-02-02,-1.35,72.8,0.0,1017.4
2001-02-03,-1.1999999,70.5,0.0,1015.2
2001-02-04,3.52,81.0,0.0,1010.3
2001-02-05,6.22,,1.6,1009.8
2001-02-06,9.08,78.8,0.0,1015.9
2001-02-07,9.91,76.1,0.0,1017.5
2001-02-08,11.4,72.6,0.0,1012.9
2001-02-09,11.45,63.600002,0.0,1013.8
2001-02-10,9.05,74.9,0.0,1025.7001
2001-02-11,5.72,72.9,0.0,1037.3
2001-02-12,4.4,75.0,0.0,1035.8
2001-02-13,5.85,79.3,0.0,1024.5
2001-02-14,5.92,70.700005,0.0,1027.4
2001-02-15,4.6,69.4,0.0,1032.7001
2001-02-16,4.36,72.700005,0.0,1029.9
2001-02-17,4.88,70.700005,0.0,1027.4
2001-02-18,3.12,65.6,0.0,1025.4
2001-02-19,3.04,61.600002,0.0,1025.4
2001-02-20,3.8899999,80.200005,0.0,1018.5
2001-02-21,4.45,75.200005,0.0,1014.7
2001-02-22,4.47,71.6,3.3,1004.0
2001-02-23,2.48,85.4,0.0,999.2
2001-02-24,0.13,65.200005,0.0,1005.8
2001-02-25,-0.56,63.7,0.0,1011.8
2001-02-26,-0.08,60.5,0.0,1007.10004
2001-02-27,0.21,62.9,0.0,1007.60004
2001-02-28,1.13,65.200005,2.5,1011.5
2001-03-01,1.51,,3.4,1001.9
2001-03-02,2.28,88.4,12.7,1005.0
2001-03-03,4.2,,8.6,997.5
2001-03-04,9.679999,88.3,3.7,1001.2
2001-03-05,7.7,81.700005,0.0,1008.7
2001-03-06,4.47,67.3,0.0,1025.9
2001-03-07,5.68,66.700005,0.0,1025.9
2001-03-08,6.87,55.0,0.0,1019.10004
2001-03-09,9.45,74.9,0.0,1011.3
2001-03-10,10.58,80.5,0.0,1011.8
2001-03-11,11.69,75.9,1.3000001,1012.7
2001-03-12,12.61,75.9,0.0,1012.10004
2001-03-13,10.809999,81.8,6.7000003,1005.5
2001-03-14,9.46,64.4,0.0,1006.60004
2001-03-15,9.49,68.700005,1.4,1012.60004
2001-03-16,9.969999,71.5,0.0,1014.4
2001-03-17,12.9,71.5,3.6000001,1005.10004
2001-03-18,12.55,76.5,0.0,1002.5
2001-03-19,10.469999,73.1,1.1,1006.8
2001-03-20,6.45,50.4,2.5,1013.7
2001-03-21,2.1599998,89.700005,3.3,1010.0
2001-03-22,3.1499999,93.0,4.5,1003.9
2001-03-23,9.0199995,82.5,1.8000001,1007.9
2001-03-24,11.559999,88.9,1.5,1007.10004
2001-03-25,12.65,85.6,3.4,996.9
2001-03-26,10.99,72.5,0.0,1000.7
2001-03-27,4.2799997,77.0,0.0,1011.5
2001-03-28,2.71,67.5,0.0,1016.3
2001-03-29,5.23,76.3,0.0,1015.7
2001-03-30,9.309999,68.4,0.0,1013.5
2001-03-31,11.58,65.700005,0.0,1022.0
2001-04-01,11.429999,59.7,0.0,1025.6
2001-04-02,12.9,51.9,0.0,1023.7
2001-04-03,12.67,50.2,0.0,1020.0
2001-04-04,14.099999,42.7,0.0,1016.0
2001-04-05,10.29,63.5,0.0,1010.9
2001-04-06,10.809999,52.3,0.0,1013.2
2001-04-07,13.33,47.5,0.0,1009.4
2001-04-08,12.4,68.5,6.9,1006.0
2001-04-09,7.31,91.0,4.6,1011.2
2001-04-10,8.51,87.6,1.9,1012.5
2001-04-11,11.45,82.700005,0.0,1011.8
2001-04-12,12.2,64.8,0.0,1013.5
2001-04-13,6.1299996,52.7,0.0,1014.8
2001-04-14,4.33,59.600002,0.0,1015.4
2001-04-15,6.0299997,45.0,0.0,1013.60004
2001-04-16,9.5,58.100002,0.0,1010.4
2001-04-17,8.96,83.9,3.3,1011.10004
2001-04-18,9.94,59.0,0.0,1007.8
2001-04-19,11.559999,63.7,0.0,1006.9
2001-04-20,11.8,79.3,7.6,1005.4
2001-04-21,12.09,89.4,0.4,997.4
2001-04-22,9.41,81.200005,0.0,996.0
2001-04-23,9.389999,73.8,0.0,996.5
2001-04-24,12.349999,57.2,0.0,1006.10004
2001-04-25,14.92,51.0,0.0,1013.9
2001-04-26,13.44,68.8,0.0,1016.0
2001-04-27,14.009999,52.9,0.0,1018.5
2001-04-28,15.69,50.5,0.0,1015.0
2001-04-29,17.81,49.3,0.0,1015.2
2001-04-30,19.25,52.3,0.0,1015.7
2001-05-01,19.63,45.0,0.0,1018.9
2001-05-02,20.38,49.9,0.0,1017.60004
2001-05-03,21.64,50.3,0.0,1010.10004
2001-05-04,21.24,54.3,1.6,1004.8
2001-05-05,20.31,65.4,0.0,1004.4
2001-05-06,20.21,63.3,5.8,1004.7
2001-05-07,17.73,73.200005,5.2000003,1009.5
2001-05-08,18.119999,69.1,1.6,1013.8
2001-05-09,18.58,45.7,0.0,1017.8
2001-05-10,17.91,46.100002,0.0,1017.2
2001-05-11,17.14,57.3,0.0,1012.0
2001-05-12,14.889999,48.100002,0.0,1014.10004
2001-05-13,13.83,42.8,0.0,1016.2
2001-05-14,16.119999,41.2,0.0,1015.0
2001-05-15,17.63,49.600002,0.0,1012.10004
2001-05-16,20.07,56.600002,0.0,1013.7
2001-05-17,21.48,55.7,0.0,1014.2
2001-05-18,20.99,58.3,0.0,1010.2
2001-05-19,14.74,63.0,0.0,1018.0
2001-05-20,16.48,52.5,0.0,1022.9
2001-05-21,18.16,53.4,0.0,1019.9
2001-05-22,17.33,58.8,0.0,1015.9
2001-05-23,15.86,39.7,0.0,1023.7
2001-05-24,18.369999,42.8,0.0,1021.10004
2001-05-25,19.91,47.4,0.0,1014.10004
2001-05-26,19.57,44.7,0.0,1017.0
2001-05-27,21.22,39.9,0.0,1019.9
2001-05-28,21.47,65.3,0.0,1017.7
2001-05-29,23.82,56.600002,0.0,1014.2
2001-05-30,20.689999,43.2,0.0,1013.3
2001-05-31,19.699999,53.5,0.1,1011.2
2001-06-01,15.849999,64.6,0.0,1011.2
2001-06-02,16.18,51.8,0.0,1012.9
2001-06-03,14.469999,72.700005,16.4,1008.4
2001-06-04,11.559999,67.4,0.0,1012.10004
2001-06-05,14.16,61.8,0.0,1019.4
2001-06-06,16.88,57.5,0.0,1014.2
2001-06-07,19.42,57.5,0.0,1012.60004
2001-06-08,21.68,51.9,0.0,1012.8
2001-06-09,20.74,61.2,0.0,1011.3
2001-06-10,22.74,61.9,0.0,1009.60004
2001-06-11,16.41,77.700005,0.0,1011.5
2001-06-12,15.839999,56.600002,0.0,1021.3
2001-06-13,18.48,51.4,0.0,1017.4
2001-06-14,17.14,69.700005,11.8,1012.3
2001-06-15,20.189999,52.4,0.0,1013.10004
2001-06-16,21.91,56.100002,0.0,1012.3
2001-06-17,19.029999,80.3,2.8,1009.5
2001-06-18,17.46,81.5,18.9,1008.60004
2001-06-19,15.679999,81.200005,3.7,1011.0
2001-06-20,16.83,80.200005,2.3,1009.7
2001-06-21,18.93,70.0,0.0,1009.4
2001-06-22,18.73,63.600002,3.6000001,1008.0
2001-06-23,17.119999,56.3,0.0,1013.2
2001-06-24,19.34,61.3,0.0,1015.9
2001-06-25,20.66,54.7,0.0,1018.9
2001-06-26,21.13,48.100002,0.0,1018.5
2001-06-27,23.31,48.600002,0.0,1015.0
2001-06-28,23.67,58.2,0.0,1013.60004
2001-06-29,21.57,77.1,0.0,1017.4
2001-06-30,22.439999,65.3,0.0,1018.5
2001-07-01,20.25,71.5,1.9,1016.7
2001-07-02,17.99,74.200005,0.0,1019.5
2001-07-03,16.93,77.6,0.0,1018.60004
2001-07-04,17.74,76.3,6.7000003,1016.3
2001-07-05,19.01,69.700005,0.0,1016.4
2001-07-06,22.34,59.9,0.0,1016.5
2001-07-07,25.05,56.0,0.0,1012.10004
2001-07-08,23.07,54.8,0.0,1009.8
2001-07-09,22.519999,55.5,0.0,1013.0
2001-07-10,23.97,54.9,0.0,1014.4
2001-07-11,25.42,54.7,0.0,1013.0
2001-07-12,21.31,60.5,0.0,1014.8
2001-07-13,23.939999,53.9,0.0,1013.5
2001-07-14,27.13,56.100002,0.0,1012.5
2001-07-15,28.92,54.100002,0.0,1012.5
2001-07-16,28.9,49.0,3.0,1009.10004
2001-07-17,18.47,88.200005,14.3,1005.4
2001-07-18,20.619999,64.4,0.0,1008.2
2001-07-19,24.0,60.100002,0.0,1008.5
2001-07-20,22.789999,65.0,2.9,1004.9
2001-07-21,17.72,86.3,5.5,1012.3
2001-07-22,18.41,90.5,5.3,1012.5
2001-07-23,19.9,86.9,27.7,1010.60004
2001-07-24,20.449999,86.1,0.8,1008.8
2001-07-25,21.41,78.5,0.0,1010.0
2001-07-26,21.41,83.200005,2.2,1011.3
2001-07-27,22.22,72.5,0.0,1013.3
2001-07-28,24.01,59.3,0.0,1016.10004
2001-07-29,24.6,63.2,0.0,1017.8
2001-07-30,24.24,65.5,0.0,1018.9
2001-07-31,25.699999,59.7,0.0,1019.8
2001-08-01,25.63,56.8,0.0,1017.5
2001-08-02,24.609999,56.8,0.0,1018.9
2001-08-03,26.82,54.600002,0.0,1016.5
2001-08-04,28.26,56.7,0.0,1016.3
2001-08-05,23.789999,61.9,0.0,1014.3
2001-08-06,23.14,49.9,0.0,1016.7
2001-08-07,24.189999,48.7,0.0,1014.2
2001-08-08,25.609999,54.4,0.0,1013.10004
2001-08-09,25.859999,60.5,0.0,1015.0
2001-08-10,24.9,64.4,4.2000003,1015.3
2001-08-11,17.51,87.9,5.4,1020.10004
2001-08-12,18.32,62.0,0.0,1019.8
2001-08-13,20.18,55.3,0.0,1017.0
2001-08-14,23.619999,58.100002,0.0,1017.9
2001-08-15,24.019999,62.600002,0.0,1021.9
2001-08-16,24.949999,61.100002,0.0,1019.8
2001-08-17,25.529999,59.100002,0.0,1017.5
2001-08-18,25.97,59.100002,0.0,1014.9
2001-08-19,26.269999,55.8,0.0,1012.2
2001-08-20,25.93,56.7,15.400001,1011.4
2001-08-21,23.14,74.0,0.0,1014.60004
2001-08-22,22.81,77.3,3.1000001,1016.7
2001-08-23,22.49,79.1,4.2000003,1017.60004
2001-08-24,23.34,75.6,0.0,1018.0
2001-08-25,24.3,68.8,0.0,1018.10004
2001-08-26,24.71,64.200005,0.0,1017.7
2001-08-27,25.42,61.0,0.0,1013.60004
2001-08-28,19.76,51.2,0.0,1012.9
2001-08-29,17.35,56.100002,0.0,1012.0
2001-08-30,17.789999,55.8,0.0,1014.60004
2001-08-31,17.09,65.5,1.3000001,1013.10004
2001-09-01,18.41,73.8,0.0,1009.9
2001-09-02,16.41,77.8,0.0,1011.8
2001-09-03,16.73,67.5,0.0,1015.0
2001-09-04,18.72,69.200005,0.0,1011.8
2001-09-05,16.859999,93.0,11.5,1005.5
2001-09-06,16.109999,86.1,0.0,1003.3
2001-09-07,16.07,74.1,0.0,1007.9
2001-09-08,15.559999,83.700005,8.8,1007.8
2001-09-09,12.309999,82.0,1.4,1006.5
2001-09-10,12.07,75.3,0.0,1010.5
2001-09-11,12.65,80.8,0.0,1010.8
2001-09-12,13.24,72.5,1.3000001,1014.4
2001-09-13,15.71,73.1,0.0,1015.7
2001-09-14,16.92,77.1,2.4,1009.9
2001-09-15,14.059999,91.9,15.5,1009.7
2001-09-16,12.69,88.3,3.8,1008.2
2001-09-17,11.15,,16.4,1006.4
2001-09-18,12.13,86.700005,0.0,1012.8
2001-09-19,12.13,88.0,0.0,1020.9
2001-09-20,14.48,79.700005,0.0,1020.5
2001-09-21,16.19,76.3,0.0,1016.5
2001-09-22,16.22,79.4,0.0,1014.7
2001-09-23,15.839999,93.200005,12.0,1012.0
2001-09-24,18.96,86.6,2.4,1008.0
2001-09-25,17.02,83.8,0.0,1011.0
2001-09-26,14.34,89.0,0.0,1015.5
2001-09-27,12.04,77.3,0.0,1018.60004
2001-09-28,14.799999,77.6,0.0,1017.60004
2001-09-29,15.809999,78.700005,0.0,1018.3
2001-09-30,14.36,90.6,1.0,1017.3
2001-10-01,16.33,90.0,0.0,1018.2
2001-10-02,18.8,80.3,0.0,1019.10004
2001-10-03,19.07,79.4,0.0,1016.5
2001-10-04,17.029999,83.9,0.0,1013.2
2001-10-05,16.52,81.5,0.0,1015.4
2001-10-06,16.289999,84.4,0.0,1015.8
2001-10-07,17.119999,77.700005,0.0,1016.5
2001-10-08,19.75,74.9,0.0,1015.10004
2001-10-09,19.49,83.1,0.0,1016.9
2001-10-10,19.01,84.200005,0.0,1021.4
2001-10-11,17.6,67.9,0.0,1027.2001
2001-10-12,16.359999,72.6,0.0,1028.8
2001-10-13,14.94,81.9,0.0,1027.1
2001-10-14,14.66,85.0,0.0,1024.5
2001-10-15,14.75,81.8,0.0,1022.2
2001-10-16,15.32,82.0,0.0,1025.1
2001-10-17,13.929999,89.0,0.0,1026.3
2001-10-18,11.5,,0.0,1021.8
2001-10-19,12.11,,0.0,1019.9
2001-10-20,13.04,87.1,0.0,1019.10004
2001-10-21,16.1,80.3,0.0,1010.7
2001-10-22,14.99,77.6,0.0,1011.5
2001-10-23,13.91,79.4,0.0,1017.60004
2001-10-24,10.309999,70.8,0.0,1024.9
2001-10-25,9.09,65.700005,0.0,1028.3
2001-10-26,7.75,69.200005,0.0,1030.7001
2001-10-27,7.04,71.5,0.0,1028.7001
2001-10-28,7.22,82.9,1.1,1028.2001
2001-10-29,11.44,87.0,3.6000001,1023.9
2001-10-30,14.509999,80.4,0.0,1021.10004
2001-10-31,16.779999,68.6,0.0,1021.9
2001-11-01,11.86,61.4,0.0,1023.8
2001-11-02,7.31,66.9,0.0,1032.4
2001-11-03,4.91,67.700005,0.0,1034.1
2001-11-04,5.7999997,67.6,0.0,1026.6
2001-11-05,6.41,70.200005,0.0,1021.0
2001-11-06,5.8399997,84.0,0.0,1019.60004
2001-11-07,9.01,80.200005,0.0,1013.0
2001-11-08,10.13,86.700005,1.9,1001.4
2001-11-09,7.31,75.5,0.0,1002.10004
2001-11-10,4.21,70.200005,0.0,1025.0
2001-11-11,4.19,68.1,0.0,1028.7001
2001-11-12,3.6,87.3,4.0,1014.5
2001-11-13,4.48,92.9,10.2,1006.10004
2001-11-14,4.67,75.8,0.0,1013.7
2001-11-15,2.83,70.8,0.0,1034.8
2001-11-16,3.35,73.6,0.0,1031.5
2001-11-17,3.1699998,74.200005,0.0,1035.4
2001-11-18,-0.64,,0.0,1027.1
2001-11-19,0.37,,0.0,1019.60004
2001-11-20,3.73,75.700005,0.0,1021.10004
2001-11-21,5.0699997,71.1,0.0,1027.6
2001-11-22,5.23,71.1,0.0,1018.4
2001-11-23,3.3899999,73.700005,0.0,1007.5
2001-11-24,2.11,75.5,0.0,1012.4
2001-11-25,1.5799999,75.0,0.0,1011.8
2001-11-26,0.34,82.700005,0.0,1009.3
2001-11-27,-0.31,,3.1000001,1016.2
2001-11-28,0.52,,0.0,1017.7
2001-11-29,2.78,88.6,1.0,1018.9
2001-11-30,1.9599999,88.700005,0.0,1017.9
2001-12-01,0.61,84.0,0.0,1025.2001
2001-12-02,-0.17999999,89.9,0.0,1030.4
2001-12-03,-2.03,,0.0,1030.3
2001-12-04,-2.09,,0.90000004,1028.5
2001-12-05,-0.63,,0.1,1026.8
2001-12-06,0.14,,0.8,1022.9
2001-12-07,-0.69,90.3,0.0,1030.5
2001-12-08,-5.0699997,88.3,0.0,1039.4
2001-12-09,-5.42,80.6,0.0,1041.3
2001-12-10,-5.06,86.200005,0.0,1040.9
2001-12-11,-3.6399999,91.8,0.5,1032.9
2001-12-12,-2.96,93.200005,3.9,1022.8
2001-12-13,-6.3599997,87.8,1.3000001,1024.0
2001-12-14,-7.85,78.4,0.0,1035.8
2001-12-15,-7.97,82.700005,0.0,1032.5
2001-12-16,-5.83,82.9,0.0,1028.2001
2001-12-17,-6.94,80.3,0.0,1028.4
2001-12-18,-3.26,86.4,0.0,1029.0
2001-12-19,0.58,80.3,0.0,1025.8
2001-12-20,0.44,76.1,0.0,1019.10004
2001-12-21,-4.5899997,68.8,0.0,1020.5
2001-12-22,-1.27,84.700005,0.0,1007.4
2001-12-23,-1.9699999,84.1,0.0,1013.0
2001-12-24,-7.0899997,69.200005,0.0,1021.0
2001-12-25,-7.8799996,72.6,0.0,1011.10004
2001-12-26,-6.0099998,87.0,0.0,1004.4
2001-12-27,-1.4499999,83.1,0.0,1008.10004
2001-12-28,-2.58,79.3,1.4,1010.60004
2001-12-29,2.9399998,78.200005,1.0,1002.7
2001-12-30,3.6299999,72.9,0.0,1000.60004
2001-12-31,-0.84999996,74.700005,0.0,1017.0
2002-01-01,-3.6999998,67.9,0.0,1031.6
2002-01-02,-0.34,66.0,0.0,1023.5
2002-01-03,-5.6099997,59.9,0.0,1031.1
2002-01-04,-9.32,73.4,0.0,1037.5
2002-01-05,-7.5699997,69.8,0.0,1034.7001
2002-01-06,-4.02,64.700005,0.0,1030.4
2002-01-07,-1.31,73.5,0.0,1028.7001
2002-01-08,-1.1,85.200005,0.0,1034.2001
2002-01-09,-2.27,89.200005,0.0,1039.4
2002-01-10,-2.01,91.0,0.0,1039.3
2002-01-11,-3.0,92.3,0.0,1037.8
2002-01-12,-1.78,89.200005,0.0,1035.5
2002-01-13,-3.01,90.700005,0.0,1034.5
2002-01-14,-3.25,86.9,0.0,1033.1
2002-01-15,-3.3799999,87.5,0.0,1029.6
2002-01-16,-4.29,,0.0,1026.0
2002-01-17,-3.09,90.8,0.0,1028.3
2002-01-18,-1.9599999,84.200005,0.0,1026.2001
2002-01-19,-1.56,85.9,0.7,1024.1
2002-01-20,1.4599999,86.200005,0.0,1022.60004
2002-01-21,4.21,84.3,2.6000001,1015.3
2002-01-22,5.81,85.1,0.0,1015.10004
2002-01-23,3.74,85.1,0.0,1017.2
2002-01-24,5.56,80.200005,3.4,1012.0
2002-01-25,5.85,80.3,0.0,1017.7
2002-01-26,3.27,86.4,0.0,1023.60004
2002-01-27,5.2999997,86.9,0.0,1015.4
2002-01-28,9.8,79.3,0.0,1020.2
2002-01-29,11.74,53.7,0.0,1024.8
2002-01-30,9.33,62.9,0.0,1025.2001
2002-01-31,7.0699997,74.3,0.0,1020.0
2002-02-01,6.99,75.8,0.0,1026.3
2002-02-02,4.3399997,85.1,0.0,1034.5
2002-02-03,1.5,,0.0,1034.5
2002-02-04,1.16,,0.0,1026.5
2002-02-05,-0.14,,0.0,1021.10004
2002-02-06,1.54,,0.0,1011.9
2002-02-07,5.54,86.3,0.0,1017.8
2002-02-08,6.18,82.4,0.0,1022.8
2002-02-09,5.89,88.5,0.6,1018.9
2002-02-10,6.85,77.5,0.7,1009.9
2002-02-11,7.94,67.4,0.0,1015.4
2002-02-12,10.48,64.9,0.0,1013.4
2002-02-13,10.42,66.3,0.0,1013.4
2002-02-14,6.04,65.200005,0.0,1021.4
2002-02-15,2.03,52.8,0.0,1032.6
2002-02-16,2.7,49.8,0.0,1033.5
2002-02-17,3.9199998,61.8,0.0,1028.6
2002-02-18,4.71,83.4,4.3,1018.4
2002-02-19,5.95,70.700005,1.2,1017.2
2002-02-20,6.2599998,74.3,0.1,1008.4
2002-02-21,6.98,71.0,0.1,1001.4
2002-02-22,1.3,46.2,0.0,1015.9
2002-02-23,4.39,64.9,2.9,1007.2
2002-02-24,4.14,69.3,0.0,1004.60004
2002-02-25,3.55,72.0,1.5,1011.10004
2002-02-26,9.24,62.5,0.0,1010.0
2002-02-27,10.7,69.200005,0.0,1007.5
2002-02-28,8.74,71.700005,1.5,1008.5
2002-03-01,6.79,84.0,7.6,1014.7
2002-03-02,6.7799997,,5.9,1010.9
2002-03-03,5.29,68.5,0.0,1014.2
2002-03-04,4.5299997,64.1,0.0,1022.3
2002-03-05,6.5099998,65.8,0.0,1018.0
2002-03-06,9.73,66.6,0.0,1012.10004
2002-03-07,13.29,58.5,0.0,1010.5
2002-03-08,8.87,48.0,0.0,1023.3
2002-03-09,6.89,55.3,0.0,1020.60004
2002-03-10,8.09,49.0,0.0,1016.9
2002-03-11,6.94,45.3,0.0,1026.5
2002-03-12,7.71,47.600002,0.0,1023.7
2002-03-13,9.3,47.100002,0.0,1018.7
2002-03-14,11.38,45.9,0.0,1012.7
2002-03-15,11.929999,54.5,0.0,1013.0
2002-03-16,10.05,73.3,0.0,1018.2
2002-03-17,9.54,58.4,0.0,1020.5
2002-03-18,9.2,47.600002,0.0,1016.10004
2002-03-19,9.01,63.9,0.6,1007.10004
2002-03-20,8.429999,80.4,5.3,1010.7
2002-03-21,9.0,83.6,3.4,1014.60004
2002-03-22,9.34,67.9,0.0,1011.5
2002-03-23,4.5099998,62.100002,0.0,1013.2
2002-03-24,4.44,53.3,0.0,1016.7
2002-03-25,6.2999997,51.600002,0.0,1018.2
2002-03-26,6.1099997,47.9,0.0,1021.0
2002-03-27,6.6,41.8,0.0,1024.5
2002-03-28,6.3399997,46.5,0.0,1027.6
2002-03-29,8.84,46.100002,0.0,1026.5
2002-03-30,10.67,47.3,0.0,1023.7
2002-03-31,11.17,48.8,0.0,1019.60004
2002-04-01,12.389999,45.4,0.0,1017.4
2002-04-02,13.719999,50.2,0.0,1017.8
2002-04-03,12.42,37.9,0.0,1015.9
2002-04-04,8.09,47.2,0.0,1012.0
2002-04-05,7.17,43.9,0.0,1005.8
2002-04-06,4.04,39.0,0.0,1011.5
2002-04-07,3.3999999,41.7,0.0,1020.8
2002-04-08,5.7,40.600002,0.0,1021.7
2002-04-09,7.69,44.3,3.1000001,1018.8
2002-04-10,5.35,81.1,12.400001,1015.9
2002-04-11,8.37,83.200005,0.0,1016.0
2002-04-12,8.639999,79.6,3.2,1007.4
2002-04-13,12.059999,77.6,19.2,1003.2
2002-04-14,11.83,87.700005,3.8,1004.4
2002-04-15,11.509999,69.1,0.0,1010.0
2002-04-16,12.969999,54.4,0.0,1012.0
2002-04-17,14.9,53.7,0.0,1012.3
2002-04-18,14.53,62.0,3.4,1015.0
2002-04-19,14.95,73.4,0.0,1018.10004
2002-04-20,14.7,73.5,2.6000001,1021.5
2002-04-21,15.82,62.4,0.0,1026.7001
2002-04-22,15.61,67.0,1.9,1026.7001
2002-04-23,15.25,55.0,0.0,1023.4
2002-04-24,14.309999,59.2,0.0,1018.60004
2002-04-25,14.17,59.3,0.0,1018.8
2002-04-26,14.2,60.2,0.0,1013.0
2002-04-27,12.53,65.5,0.8,1009.0
2002-04-28,13.0,48.7,0.0,1014.3
2002-04-29,15.24,56.3,2.2,1011.5
2002-04-30,14.71,53.7,0.0,1016.2
2002-05-01,16.88,48.8,0.0,1015.0
2002-05-02,19.89,46.0,0.0,1012.10004
2002-05-03,21.47,51.5,0.0,1012.4
2002-05-04,23.029999,43.4,1.4,1011.5
2002-05-05,15.75,79.5,5.8,1014.3
2002-05-06,14.99,79.9,0.0,1019.60004
2002-05-07,17.67,60.7,0.0,1021.4
2002-05-08,19.27,48.600002,0.0,1019.7
2002-05-09,19.6,46.2,0.0,1016.7
2002-05-10,16.51,78.3,4.9,1014.3
2002-05-11,18.44,70.200005,0.0,1010.7
2002-05-12,18.09,72.4,0.2,1012.2
2002-05-13,18.58,71.6,0.0,1015.9
2002-05-14,19.529999,65.4,0.0,1017.7
2002-05-15,19.029999,53.2,0.0,1022.9
2002-05-16,18.52,54.7,0.0,1023.8
2002-05-17,20.539999,57.100002,0.0,1015.9
2002-05-18,21.52,55.0,0.0,1010.7
2002-05-19,20.52,46.9,0.0,1013.7
2002-05-20,18.83,49.8,0.0,1014.60004
2002-05-21,17.24,71.8,0.0,1014.5
2002-05-22,19.21,58.3,0.0,1013.2
2002-05-23,21.57,53.5,0.0,1009.0
2002-05-24,22.26,62.600002,0.0,1007.7
2002-05-25,21.46,66.8,3.1000001,1011.3
2002-05-26,22.05,72.1,0.0,1008.7
2002-05-27,20.699999,76.1,0.0,1006.60004
2002-05-28,19.439999,71.8,7.8,1004.10004
2002-05-29,17.02,77.3,0.6,1007.2
2002-05-30,18.73,58.600002,0.0,1016.4
2002-05-31,18.66,52.100002,0.0,1020.7
2002-06-01,18.35,48.7,0.0,1020.10004
2002-06-02,14.94,57.100002,0.0,1018.3
2002-06-03,16.47,71.700005,0.0,1012.60004
2002-06-04,18.31,70.700005,0.0,1011.60004
2002-06-05,19.33,65.6,4.4,1011.0
2002-06-06,18.31,78.4,2.2,1008.2
2002-06-07,18.66,63.600002,1.4,1004.0
2002-06-08,17.279999,74.700005,0.0,1007.5
2002-06-09,19.46,69.9,18.1,1007.3
2002-06-10,16.69,,12.7,1002.8
2002-06-11,18.13,65.5,0.0,1011.0
2002-06-12,19.47,58.7,0.0,1019.2
2002-06-13,21.38,61.8,0.0,1018.7
2002-06-14,23.89,60.8,0.0,1017.3
2002-06-15,24.949999,60.600002,0.0,1017.8
2002-06-16,25.18,60.4,0.0,1016.8
2002-06-17,24.029999,60.100002,0.0,1019.4
2002-06-18,24.83,55.600002,0.0,1021.3
2002-06-19,25.39,53.4,0.0,1021.3
2002-06-20,26.529999,50.600002,0.0,1020.7
2002-06-21,27.539999,51.7,0.0,1018.9
2002-06-22,26.93,54.9,0.0,1018.8
2002-06-23,27.88,54.2,0.0,1018.60004
2002-06-24,27.75,55.2,0.1,1015.5
2002-06-25,21.01,53.0,0.0,1021.10004
2002-06-26,21.24,45.4,0.0,1021.8
2002-06-27,22.519999,45.8,0.0,1016.5
2002-06-28,20.68,70.0,2.3,1010.0
2002-06-29,19.13,49.9,0.0,1016.60004
2002-06-30,19.01,50.4,0.0,1018.9
2002-07-01,21.51,46.5,0.0,1015.2
2002-07-02,24.65,47.100002,0.0,1011.2
2002-07-03,27.91,52.0,0.0,1009.60004
2002-07-04,20.6,71.4,5.0,1010.4
2002-07-05,20.46,52.9,0.0,1018.7
2002-07-06,23.369999,52.5,0.0,1014.4
2002-07-07,22.91,64.6,0.0,1014.3
2002-07-08,24.73,57.5,0.0,1016.2
2002-07-09,27.01,51.600002,0.0,1013.9
2002-07-10,28.4,49.3,0.0,1010.0
2002-07-11,26.84,51.7,0.0,1013.9
2002-07-12,26.519999,54.2,0.0,1016.10004
2002-07-13,27.099998,57.100002,1.9,1012.5
2002-07-14,23.93,70.6,1.3000001,1013.60004
2002-07-15,26.439999,63.3,0.0,1012.8
2002-07-16,26.81,65.8,1.6,1008.0
2002-07-17,25.01,66.4,6.7000003,1007.10004
2002-07-18,20.6,87.5,50.9,1007.8
2002-07-19,19.529999,84.0,0.0,1012.10004
2002-07-20,20.73,80.0,0.1,1014.5
2002-07-21,23.609999,65.5,2.8,1013.5
2002-07-22,21.35,63.600002,0.0,1013.4
2002-07-23,20.42,58.0,0.0,1015.0
2002-07-24,22.67,57.7,0.0,1010.7
2002-07-25,20.58,57.7,0.0,1010.0
2002-07-26,19.859999,54.7,0.0,1014.4
2002-07-27,22.109999,54.600002,0.0,1017.5
2002-07-28,25.039999,55.600002,0.0,1018.9
2002-07-29,26.43,56.600002,0.0,1015.4
2002-07-30,24.56,67.3,0.0,1010.5
2002-07-31,23.769999,75.1,9.400001,1008.5
2002-08-01,23.029999,79.8,0.0,1009.3
2002-08-02,24.289999,73.8,0.0,1011.4
2002-08-03,24.93,65.1,0.0,1012.60004
2002-08-04,23.05,71.3,0.2,1011.0
2002-08-05,23.119999,72.8,0.0,1010.0
2002-08-06,24.109999,62.100002,10.7,1009.2
2002-08-07,19.689999,91.200005,16.2,1005.2
2002-08-08,19.07,93.8,10.900001,1008.60004
2002-08-09,19.83,89.9,8.400001,1008.4
2002-08-10,21.55,75.9,0.0,1006.9
2002-08-11,20.85,87.3,20.4,1003.10004
2002-08-12,16.41,93.0,13.1,1001.8
2002-08-13,16.6,89.4,1.9,1006.9
2002-08-14,17.82,79.5,0.0,1011.7
2002-08-15,20.3,78.9,0.0,1011.3
2002-08-16,22.14,74.8,4.2000003,1011.7
2002-08-17,23.0,68.200005,0.0,1012.5
2002-08-18,23.609999,63.100002,0.0,1014.3
2002-08-19,22.72,63.3,0.0,1017.7
2002-08-20,20.449999,71.9,2.7,1019.2
2002-08-21,20.939999,68.8,0.0,1015.9
2002-08-22,20.56,72.200005,0.0,1015.0
2002-08-23,21.64,70.1,0.0,1017.2
2002-08-24,22.43,67.200005,0.0,1019.4
2002-08-25,22.98,61.3,0.0,1020.9
2002-08-26,23.39,55.3,0.0,1019.7
2002-08-27,22.76,63.3,0.0,1016.9
2002-08-28,21.449999,69.6,0.0,1015.60004
2002-08-29,22.18,61.8,0.0,1015.0
2002-08-30,22.439999,63.5,0.0,1016.9
2002-08-31,22.39,60.4,0.0,1016.9
2002-09-01,21.8,58.0,0.0,1017.7
2002-09-02,19.66,69.6,0.0,1022.0
2002-09-03,20.699999,61.5,0.0,1021.4
2002-09-04,22.4,56.2,0.0,1017.7
2002-09-05,21.71,66.5,0.0,1014.9
2002-09-06,20.74,74.3,0.0,1014.5
2002-09-07,21.029999,68.3,0.0,1014.3
2002-09-08,21.779999,63.100002,0.0,1014.7
2002-09-09,21.779999,61.8,0.0,1015.60004
2002-09-10,21.26,63.5,0.0,1014.3
2002-09-11,20.35,63.5,0.0,1015.8
2002-09-12,15.139999,44.0,0.0,1019.60004
2002-09-13,13.23,67.9,0.0,1020.8
2002-09-14,15.299999,59.9,0.7,1015.7
2002-09-15,13.719999,74.1,1.3000001,1010.2
2002-09-16,13.559999,68.5,0.0,1013.4
2002-09-17,13.41,68.700005,0.0,1015.5
2002-09-18,15.2699995,67.5,0.0,1015.4
2002-09-19,16.63,69.4,0.0,1015.8
2002-09-20,15.5199995,81.3,2.5,1016.4
2002-09-21,16.02,70.4,0.0,1013.8
2002-09-22,12.38,91.700005,9.400001,1008.3
2002-09-23,13.46,89.0,4.4,1004.10004
2002-09-24,11.65,,17.9,1006.4
2002-09-25,10.48,,2.8,1010.0
2002-09-26,9.53,76.200005,0.0,1011.3
2002-09-27,11.2,81.4,0.0,1014.3
2002-09-28,9.59,89.200005,3.9,1021.5
2002-09-29,12.429999,76.700005,0.0,1027.0
2002-09-30,11.59,71.9,0.0,1027.0
2002-10-01,11.8,72.200005,0.0,1024.7001
2002-10-02,12.99,70.9,0.0,1025.6
2002-10-03,11.98,78.700005,0.0,1024.1
2002-10-04,13.62,84.200005,0.8,1019.5
2002-10-05,12.4,78.5,0.0,1019.5
2002-10-06,11.7699995,78.9,0.0,1012.5
2002-10-07,9.32,71.9,0.0,1012.10004
2002-10-08,7.31,76.700005,0.0,1014.5
2002-10-09,8.179999,76.6,1.1,1017.9
2002-10-10,10.96,78.9,2.3,1015.0
2002-10-11,10.54,,9.1,1011.4
2002-10-12,9.08,,15.3,1007.7
2002-10-13,6.5499997,92.9,4.6,1012.4
2002-10-14,7.31,86.9,0.90000004,1018.3
2002-10-15,10.04,91.8,0.0,1017.7
2002-10-16,11.42,93.5,0.0,1012.8
2002-10-17,16.19,76.8,3.9,1005.10004
2002-10-18,10.49,86.200005,0.8,1007.60004
2002-10-19,8.55,81.4,2.4,1017.4
2002-10-20,6.0899997,88.1,0.0,1022.2
2002-10-21,9.679999,79.0,0.0,1015.3
2002-10-22,13.2699995,82.8,1.3000001,1005.2
2002-10-23,14.66,84.200005,2.8,1004.0
2002-10-24,10.51,71.5,0.0,1013.0
2002-10-25,7.8399997,79.4,2.2,1018.3
2002-10-26,13.79,68.700005,0.0,1013.8
2002-10-27,12.73,65.700005,0.0,1018.2
2002-10-28,12.07,47.600002,0.0,1019.2
2002-10-29,7.9199996,61.5,0.0,1025.2001
2002-10-30,8.099999,75.9,0.0,1016.9
2002-10-31,7.0499997,80.1,0.0,1022.0
2002-11-01,7.12,88.3,0.0,1022.8
2002-11-02,8.92,,1.5,1015.0
2002-11-03,6.64,72.200005,5.5,1014.8
2002-11-04,1.8499999,92.9,3.9,1012.7
2002-11-05,3.1899998,79.4,0.0,1018.7
2002-11-06,2.28,76.6,0.0,1026.4
2002-11-07,2.0,88.1,1.3000001,1015.8
2002-11-08,3.03,86.200005,0.0,1016.0
2002-11-09,3.6299999,91.0,0.0,1006.2
2002-11-10,5.43,69.200005,0.0,1007.9
2002-11-11,2.83,91.6,5.1,1008.8
2002-11-12,8.41,81.3,0.0,1017.10004
2002-11-13,6.75,92.1,1.3000001,1012.7
2002-11-14,11.469999,81.9,0.0,1005.3
2002-11-15,15.349999,69.9,0.0,1005.7
2002-11-16,16.24,63.7,0.0,1009.10004
2002-11-17,15.21,80.200005,0.0,1014.5
2002-11-18,13.33,82.3,0.0,1016.7
2002-11-19,11.61,74.4,0.0,1010.4
2002-11-20,9.0199995,73.0,0.0,1015.60004
2002-11-21,9.09,83.5,0.0,1012.7
2002-11-22,8.19,91.8,2.3,1005.10004
2002-11-23,7.93,83.1,0.0,1011.8
2002-11-24,6.58,90.1,0.0,1019.4
2002-11-25,7.83,82.700005,0.0,1017.7
2002-11-26,8.33,83.8,0.0,1017.9
2002-11-27,8.929999,80.5,0.0,1020.10004
2002-11-28,7.7599998,86.0,0.0,1020.9
2002-11-29,5.24,90.3,3.9,1018.4
2002-11-30,5.2,,2.8,1017.2
2002-12-01,4.02,,3.0,1019.0
2002-12-02,4.95,,5.1,1011.4
2002-12-03,7.3799996,90.4,0.7,1010.60004
2002-12-04,8.44,86.5,1.0,1013.2
2002-12-05,8.72,86.3,3.7,1013.4
2002-12-06,6.93,89.4,3.0,1018.5
2002-12-07,3.33,76.6,0.0,1022.8
2002-12-08,-0.19,49.100002,0.0,1029.0
2002-12-09,-5.14,59.3,0.0,1033.8
2002-12-10,-7.0899997,71.700005,0.0,1035.3
2002-12-11,-7.68,76.3,0.0,1034.1
2002-12-12,-6.19,74.0,0.0,1035.0
2002-12-13,-2.53,66.5,0.0,1029.8
2002-12-14,-1.39,76.8,0.0,1028.9
2002-12-15,-1.29,86.6,1.7,1028.4
2002-12-16,-1.29,,0.7,1026.1
2002-12-17,-0.97999996,,2.8,1022.60004
2002-12-18,-0.02,87.4,0.0,1022.9
2002-12-19,-1.17,76.1,0.0,1029.3
2002-12-20,-7.58,88.5,0.0,1029.5
2002-12-21,-3.5,92.3,0.0,1021.4
2002-12-22,-1.3199999,,5.0,1021.5
2002-12-23,-2.26,92.700005,0.8,1017.8
2002-12-24,-5.8199997,67.6,0.0,1025.8
2002-12-25,-8.67,59.9,0.0,1029.0
2002-12-26,-7.48,79.5,0.0,1028.1
2002-12-27,-6.3999996,93.0,0.0,1019.3
2002-12-28,-0.59999996,93.0,2.3,1008.60004
2002-12-29,3.04,91.9,1.4,1007.3
2002-12-30,4.25,90.0,2.6000001,1004.3
2002-12-31,3.51,86.3,5.0,1007.5
2003-01-01,-2.71,45.2,0.0,1017.4
2003-01-02,-2.23,88.6,4.5,1007.9
2003-01-03,6.22,74.8,0.0,999.10004
2003-01-04,4.48,85.4,2.3,1001.7
2003-01-05,0.35,89.200005,3.8,1004.0
2003-01-06,-5.0099998,71.0,1.7,1012.0
2003-01-07,-4.81,90.6,9.0,1008.3
2003-01-08,-8.63,80.6,0.0,1015.5
2003-01-09,-7.48,86.4,2.0,1017.10004
2003-01-10,-5.39,87.3,1.9,1014.8
2003-01-11,-5.1,83.6,0.0,1028.4
2003-01-12,-11.309999,82.700005,0.0,1032.1
2003-01-13,-10.82,83.4,0.0,1030.4
2003-01-14,-3.54,88.700005,0.0,1029.4
2003-01-15,4.0099998,76.200005,0.0,1028.6
2003-01-16,-0.81,84.9,0.0,1026.8
2003-01-17,0.61,79.1,0.0,1031.0
2003-01-18,-4.52,,0.0,1026.4
2003-01-19,-4.39,,0.0,1021.60004
2003-01-20,-3.6299999,,0.0,1019.4
2003-01-21,-2.46,,0.0,1012.4
2003-01-22,1.24,93.200005,1.4,1006.9
2003-01-23,1.36,,0.0,1013.2
2003-01-24,1.12,,0.0,1026.3
2003-01-25,2.86,85.6,0.0,1032.7001
2003-01-26,-0.48,91.700005,0.0,1029.5
2003-01-27,-0.85999995,,2.0,1024.2001
2003-01-28,3.31,87.3,0.0,1010.8
2003-01-29,1.88,82.4,0.0,1002.7
2003-01-30,-0.13,90.700005,0.0,1000.4
2003-01-31,0.06,90.200005,1.3000001,1004.4
2003-02-01,-0.7,76.5,0.0,1017.0
2003-02-02,-6.54,67.3,0.0,1018.9
2003-02-03,-6.7599998,77.4,4.4,1012.3
2003-02-04,-2.85,,12.7,995.10004
2003-02-05,-0.64,,5.9,991.9
2003-02-06,-0.26,77.5,0.0,1003.9
2003-02-07,-2.12,62.0,0.0,1019.2
2003-02-08,-4.7799997,72.1,0.0,1023.2
2003-02-09,-5.44,80.1,0.0,1025.0
2003-02-10,-0.97999996,80.8,0.0,1026.3
2003-02-11,-2.34,88.1,0.0,1029.0
2003-02-12,-5.0699997,68.700005,0.0,1031.7001
2003-02-13,-7.71,70.8,0.0,1031.2001
2003-02-14,-8.889999,77.4,0.0,1028.7001
2003-02-15,-6.17,74.8,0.0,1026.3
2003-02-16,-2.1299999,73.6,0.0,1031.6
2003-02-17,-5.15,73.5,0.0,1035.4
2003-02-18,-5.08,73.3,0.0,1027.1
2003-02-19,-1.3,73.4,0.0,1020.0
2003-02-20,0.19,75.3,0.0,1018.4
2003-02-21,1.92,73.1,0.0,1027.0
2003-02-22,-0.14999999,65.3,0.0,1035.0
2003-02-23,-2.86,80.6,0.0,1037.4
2003-02-24,-2.02,76.6,0.0,1033.3
2003-02-25,-4.93,81.200005,0.0,1033.2001
2003-02-26,-6.8199997,85.1,0.0,1030.1
2003-02-27,-4.75,80.6,0.0,1026.0
2003-02-28,-1.4499999,79.700005,0.0,1026.6
2003-03-01,2.11,75.4,0.0,1024.7001
2003-03-02,2.44,80.3,0.0,1018.4
2003-03-03,3.48,84.8,0.0,1016.10004
2003-03-04,2.34,92.8,0.0,1022.8
2003-03-05,0.72999996,86.4,0.0,1025.1
2003-03-06,0.62,74.0,0.0,1022.2
2003-03-07,0.45,71.4,0.0,1024.5
2003-03-08,2.0,79.5,0.0,1024.5
2003-03-09,5.56,78.8,0.5,1023.7
2003-03-10,7.2,84.4,0.0,1024.3
2003-03-11,4.8399997,92.5,0.0,1026.0
2003-03-12,8.26,76.9,0.0,1016.0
2003-03-13,4.88,49.600002,0.0,1020.4
2003-03-14,1.54,72.9,0.0,1026.4
2003-03-15,4.12,60.0,0.0,1033.1
2003-03-16,4.69,63.5,0.0,1035.9
2003-03-17,4.83,64.3,0.0,1029.3
2003-03-18,6.27,60.0,0.0,1025.6
2003-03-19,7.79,58.5,0.0,1021.5
2003-03-20,6.6499996,58.0,0.0,1018.2
2003-03-21,2.7,40.7,0.0,1025.6
2003-03-22,-0.45999998,41.600002,0.0,1032.1
2003-03-23,2.01,39.600002,0.0,1030.9
2003-03-24,7.56,35.4,0.0,1027.0
2003-03-25,11.349999,33.2,0.0,1021.3
2003-03-26,12.7,42.5,0.0,1020.10004
2003-03-27,12.74,41.600002,0.0,1022.3
2003-03-28,12.509999,47.2,0.0,1017.2
2003-03-29,12.82,49.5,0.0,1013.60004
2003-03-30,12.69,52.2,0.0,1013.10004
2003-03-31,12.849999,49.9,0.0,1013.9
2003-04-01,8.57,37.600002,0.0,1022.4
2003-04-02,10.349999,47.0,0.0,1005.8
2003-04-03,9.66,68.8,0.0,1008.2
2003-04-04,8.73,46.600002,0.0,1018.8
2003-04-05,5.5099998,65.4,1.2,1010.60004
2003-04-06,1.9399999,51.600002,0.0,1009.8
2003-04-07,1.54,49.7,0.0,1011.4
2003-04-08,1.77,49.4,0.0,1015.4
2003-04-09,2.45,55.600002,0.0,1016.10004
2003-04-10,8.76,53.2,5.8,1009.2
2003-04-11,7.5699997,74.1,0.0,1011.8
2003-04-12,8.05,60.100002,0.0,1018.9
2003-04-13,12.07,49.0,0.0,1019.8
2003-04-14,13.559999,49.4,0.0,1024.7001
2003-04-15,14.559999,49.3,0.0,1025.4
2003-04-16,14.13,43.600002,0.0,1025.4
2003-04-17,13.509999,46.0,0.0,1025.3
2003-04-18,13.099999,41.0,0.0,1017.5
2003-04-19,11.69,54.7,0.0,1017.7
2003-04-20,11.849999,51.100002,0.0,1020.5
2003-04-21,12.91,36.3,0.0,1017.2
2003-04-22,14.45,35.0,0.0,1012.10004
2003-04-23,13.13,54.4,2.7,1009.5
2003-04-24,11.37,73.700005,0.0,1013.7
2003-04-25,13.63,61.100002,0.0,1019.2
2003-04-26,16.22,50.0,0.0,1016.60004
2003-04-27,13.719999,72.200005,3.3,1012.2
2003-04-28,16.15,62.3,0.0,1015.2
2003-04-29,17.83,63.8,0.0,1015.5
2003-04-30,19.869999,55.9,0.0,1017.60004
2003-05-01,19.84,48.0,0.0,1019.5
2003-05-02,21.439999,48.8,0.0,1017.2
2003-05-03,18.76,55.4,0.0,1017.5
2003-05-04,16.46,49.100002,0.0,1025.9
2003-05-05,18.949999,42.7,0.0,1022.0
2003-05-06,22.32,42.9,0.0,1019.2
2003-05-07,24.14,45.7,0.0,1018.7
2003-05-08,23.859999,47.3,0.0,1016.7
2003-05-09,23.699999,54.0,0.0,1013.7
2003-05-10,22.6,53.7,0.6,1017.4
2003-05-11,22.93,60.4,0.0,1017.8
2003-05-12,23.189999,60.3,3.2,1016.2
2003-05-13,23.21,59.2,2.4,1011.7
2003-05-14,15.0199995,69.5,2.1000001,1014.4
2003-05-15,13.28,56.600002,0.0,1017.4
2003-05-16,13.46,53.3,0.0,1019.7
2003-05-17,15.469999,49.4,0.0,1019.10004
2003-05-18,18.69,46.0,0.0,1016.9
2003-05-19,20.3,51.7,0.0,1016.7
2003-05-20,19.17,61.8,10.1,1013.5
2003-05-21,13.559999,83.3,6.9,1014.7
2003-05-22,13.54,85.700005,1.3000001,1017.60004
2003-05-23,18.23,61.9,0.0,1017.7
2003-05-24,20.49,60.7,0.0,1014.5
2003-05-25,22.39,60.2,0.0,1011.3
2003-05-26,23.98,59.100002,0.0,1012.5
2003-05-27,24.16,58.2,0.0,1015.3
2003-05-28,24.08,57.600002,4.7000003,1014.3
2003-05-29,23.029999,59.5,0.0,1014.0
2003-05-30,21.859999,47.0,0.0,1014.9
2003-05-31,22.72,50.9,0.0,1013.2
2003-06-01,21.609999,63.9,0.0,1011.3
2003-06-02,20.97,71.8,0.8,1012.60004
2003-06-03,22.75,66.1,0.0,1015.3
2003-06-04,24.5,53.2,0.0,1018.4
2003-06-05,25.73,54.9,0.0,1019.3
2003-06-06,27.029999,53.2,0.0,1016.9
2003-06-07,26.15,60.8,0.0,1016.9
2003-06-08,26.81,52.2,0.0,1016.5
2003-06-09,26.63,60.7,0.0,1016.10004
2003-06-10,26.56,54.0,0.0,1018.3
2003-06-11,27.73,51.2,0.0,1017.4
2003-06-12,28.26,46.2,0.0,1018.5
2003-06-13,27.019999,53.9,0.0,1017.7
2003-06-14,25.619999,51.0,4.7000003,1018.0
2003-06-15,19.91,71.4,0.0,1016.4
2003-06-16,20.359999,67.3,2.1000001,1012.9
2003-06-17,21.17,57.3,0.0,1014.7
2003-06-18,20.22,67.3,1.1,1015.4
2003-06-19,21.6,65.6,0.0,1015.8
2003-06-20,21.73,61.8,0.0,1013.9
2003-06-21,19.619999,43.5,0.0,1014.60004
2003-06-22,20.09,44.8,0.0,1014.8
2003-06-23,23.68,46.600002,0.0,1014.3
2003-06-24,24.65,61.5,0.8,1014.2
2003-06-25,25.17,50.0,0.0,1013.8
2003-06-26,21.08,45.0,0.0,1014.5
2003-06-27,21.74,47.3,0.0,1013.4
2003-06-28,22.539999,45.4,0.0,1014.0
2003-06-29,22.949999,45.7,0.0,1012.4
2003-06-30,25.35,48.0,0.0,1008.2
2003-07-01,26.83,56.3,0.0,1001.10004
2003-07-02,22.49,49.600002,0.0,1006.0
2003-07-03,20.08,73.3,13.7,1009.7
2003-07-04,21.34,58.5,0.0,1011.0
2003-07-05,20.75,57.100002,0.0,1010.4
2003-07-06,20.699999,59.600002,0.0,1014.0
2003-07-07,19.949999,54.3,0.0,1017.4
2003-07-08,20.38,51.0,0.0,1015.7
2003-07-09,21.59,47.2,0.0,1013.60004
2003-07-10,22.05,47.3,0.0,1014.10004
2003-07-11,21.07,49.600002,0.0,1015.8
2003-07-12,21.63,55.7,0.0,1016.0
2003-07-13,20.71,51.600002,0.0,1015.0
2003-07-14,20.16,51.4,0.0,1015.60004
2003-07-15,22.88,47.5,0.0,1013.8
2003-07-16,24.98,49.600002,0.0,1013.4
2003-07-17,27.019999,46.0,5.2000003,1013.2
2003-07-18,20.1,87.9,10.0,1016.8
2003-07-19,23.82,67.1,0.0,1018.2
2003-07-20,25.09,64.700005,0.0,1017.9
2003-07-21,27.06,57.600002,0.0,1017.4
2003-07-22,26.06,64.700005,0.0,1017.3
2003-07-23,23.519999,73.1,0.0,1016.3
2003-07-24,25.21,62.7,0.0,1013.60004
2003-07-25,21.119999,77.9,1.8000001,1013.60004
2003-07-26,23.3,67.9,0.0,1014.4
2003-07-27,25.99,59.8,0.0,1015.8
2003-07-28,27.119999,56.7,17.7,1015.4
2003-07-29,20.18,84.3,5.1,1016.60004
2003-07-30,20.08,86.3,3.7,1013.60004
2003-07-31,20.97,85.5,6.3,1011.10004
2003-08-01,24.689999,67.8,0.0,1013.3
2003-08-02,25.64,58.4,0.0,1017.60004
2003-08-03,26.63,59.0,0.0,1019.3
2003-08-04,27.05,56.8,0.0,1020.9
2003-08-05,27.119999,57.5,0.0,1020.4
2003-08-06,25.72,50.4,0.0,1019.9
2003-08-07,23.8,50.600002,0.0,1020.10004
2003-08-08,24.49,48.3,0.0,1018.5
2003-08-09,24.9,48.5,0.0,1016.7
2003-08-10,25.189999,47.8,0.0,1014.9
2003-08-11,23.269999,37.600002,0.0,1017.2
2003-08-12,22.34,44.3,0.0,1022.2
2003-08-13,26.55,45.100002,0.0,1017.10004
2003-08-14,29.449999,42.7,1.2,1012.3
2003-08-15,23.08,71.6,0.0,1012.60004
2003-08-16,23.199999,65.6,0.0,1016.2
2003-08-17,24.67,60.100002,0.0,1017.60004
2003-08-18,27.74,48.0,0.0,1016.2
2003-08-19,25.199999,54.9,0.0,1016.4
2003-08-20,24.46,53.7,0.0,1017.10004
2003-08-21,24.39,57.4,0.0,1016.10004
2003-08-22,25.84,54.3,0.0,1015.2
2003-08-23,27.26,41.5,0.0,1014.4
2003-08-24,24.16,41.8,0.0,1013.10004
2003-08-25,21.34,45.8,0.0,1012.4
2003-08-26,21.18,46.7,0.0,1011.5
2003-08-27,23.49,42.8,0.0,1008.4
2003-08-28,23.23,44.9,0.0,1010.5
2003-08-29,27.55,43.8,1.1,1006.8
2003-08-30,21.26,67.3,8.6,1010.4
2003-08-31,16.44,88.200005,7.9,1012.60004
2003-09-01,16.58,64.3,0.0,1015.7
2003-09-02,15.58,62.600002,0.0,1018.0
2003-09-03,13.73,55.9,0.0,1025.1
2003-09-04,14.83,60.8,0.0,1027.0
2003-09-05,17.529999,58.100002,0.0,1023.7
2003-09-06,17.73,54.9,0.0,1022.4
2003-09-07,17.5,51.100002,0.0,1020.9
2003-09-08,19.08,42.7,0.0,1012.5
2003-09-09,20.529999,46.8,0.0,1008.10004
2003-09-10,18.46,67.4,0.2,1009.7
2003-09-11,18.4,63.3,0.0,1010.4
2003-09-12,14.82,71.700005,0.4,1015.8
2003-09-13,15.7,69.200005,0.0,1020.8
2003-09-14,16.55,52.600002,0.0,1025.6
2003-09-15,16.8,50.0,0.0,1026.0
2003-09-16,17.05,53.0,0.0,1023.7
2003-09-17,18.43,53.5,0.0,1021.60004
2003-09-18,19.55,55.9,0.0,1022.60004
2003-09-19,19.75,58.9,0.0,1024.2001
2003-09-20,20.09,59.7,0.0,1025.7001
2003-09-21,20.89,57.4,0.0,1023.8
2003-09-22,21.02,57.5,0.0,1018.60004
2003-09-23,21.33,53.2,0.0,1012.8
2003-09-24,15.21,80.200005,4.5,1021.60004
2003-09-25,14.88,56.2,0.0,1029.5
2003-09-26,14.03,62.7,0.0,1026.1
2003-09-27,14.73,68.1,0.0,1020.2
2003-09-28,16.449999,66.0,0.0,1017.0
2003-09-29,16.1,80.700005,8.2,1011.7
2003-09-30,14.969999,70.4,0.0,1015.2
2003-10-01,13.69,75.4,0.0,1018.10004
2003-10-02,18.67,67.1,0.0,1013.60004
2003-10-03,20.06,75.1,0.0,1010.3
2003-10-04,16.67,86.5,4.9,1005.3
2003-10-05,14.58,87.1,7.9,1001.2
2003-10-06,10.36,71.3,0.0,1009.4
2003-10-07,10.69,80.4,18.9,1009.10004
2003-10-08,9.4,77.200005,1.1,1003.9
2003-10-09,9.65,74.700005,1.4,1007.7
2003-10-10,10.57,80.3,0.0,1018.4
2003-10-11,14.759999,70.8,0.0,1021.10004
2003-10-12,12.509999,63.2,0.0,1022.4
2003-10-13,8.41,64.200005,0.0,1025.1
2003-10-14,7.95,66.8,0.0,1026.5
2003-10-15,7.49,68.8,0.0,1029.0
2003-10-16,5.39,80.200005,0.0,1028.4
2003-10-17,6.49,66.9,0.0,1029.2001
2003-10-18,5.31,73.5,0.0,1025.7001
2003-10-19,5.04,83.4,0.0,1016.0
2003-10-20,8.57,89.6,10.3,1005.3
2003-10-21,11.259999,88.1,3.7,1002.60004
2003-10-22,7.3399997,76.9,1.1,1012.8
2003-10-23,6.66,85.200005,9.5,1008.8
2003-10-24,1.78,90.9,0.8,1011.9
2003-10-25,1.17,70.9,0.0,1021.2
2003-10-26,3.1699998,75.0,0.0,1017.3
2003-10-27,3.49,80.0,0.0,1017.8
2003-10-28,2.74,75.5,0.0,1025.3
2003-10-29,3.6999998,85.5,5.9,1015.5
2003-10-30,6.22,,23.9,998.3
2003-10-31,8.99,84.8,0.0,1001.10004
2003-11-01,13.37,73.3,22.6,1001.9
2003-11-02,10.559999,90.9,1.4,1006.2
2003-11-03,8.29,88.5,0.0,1019.7
2003-11-04,9.26,80.5,0.0,1028.8
2003-11-05,7.6499996,77.700005,0.0,1034.2001
2003-11-06,6.5699997,78.0,0.0,1031.9
2003-11-07,7.18,84.700005,0.8,1032.0
2003-11-08,6.87,86.5,0.0,1033.2001
2003-11-09,5.62,87.0,0.0,1028.2001
2003-11-10,3.84,81.6,0.0,1030.7001
2003-11-11,3.33,66.8,0.0,1030.6
2003-11-12,1.8299999,72.5,0.0,1030.3
2003-11-13,1.31,77.9,0.0,1029.8
2003-11-14,2.2,81.3,4.0,1028.8
2003-11-15,3.21,93.1,0.0,1024.2001
2003-11-16,3.1799998,,0.0,1022.10004
2003-11-17,6.6099997,85.200005,0.4,1020.5
2003-11-18,6.91,80.0,0.0,1025.0
2003-11-19,11.05,79.4,0.0,1020.7
2003-11-20,10.83,78.5,0.0,1020.0
2003-11-21,4.97,,0.0,1021.0
2003-11-22,5.73,,0.0,1020.3
2003-11-23,6.6499996,,0.0,1018.60004
2003-11-24,8.72,89.9,0.0,1015.5
2003-11-25,8.7699995,91.8,0.0,1015.3
2003-11-26,10.0,86.4,0.0,1013.10004
2003-11-27,11.05,83.700005,0.0,1007.8
2003-11-28,10.849999,81.200005,7.1,1007.2
2003-11-29,9.42,92.200005,0.0,1014.0
2003-11-30,9.07,92.1,0.0,1018.4
2003-12-01,7.79,90.5,0.0,1021.9
2003-12-02,6.6099997,87.9,0.0,1027.0
2003-12-03,3.9099998,,0.0,1029.7001
2003-12-04,1.64,92.3,0.0,1029.4
2003-12-05,3.04,88.5,0.0,1024.6
2003-12-06,3.83,78.4,0.0,1012.60004
2003-12-07,0.71999997,60.3,0.0,1026.2001
2003-12-08,-1.8,73.9,0.0,1029.8
2003-12-09,-1.52,82.0,0.0,1029.4
2003-12-10,-1.1899999,84.9,0.0,1030.2001
2003-12-11,0.51,82.5,0.0,1027.3
2003-12-12,3.22,84.6,0.0,1022.60004
2003-12-13,0.13,,1.9,1026.4
2003-12-14,1.43,92.4,0.2,1008.7
2003-12-15,3.27,68.4,0.0,1006.2
2003-12-16,1.17,72.700005,0.0,1012.2
2003-12-17,-0.01,70.200005,0.0,1025.4
2003-12-18,1.99,82.700005,0.0,1027.2001
2003-12-19,-1.25,,0.0,1027.0
2003-12-20,-1.4,,0.0,1026.1
2003-12-21,1.9499999,90.200005,3.0,1013.7
2003-12-22,5.0699997,69.700005,0.0,1008.3
2003-12-23,0.57,63.100002,0.0,1019.9
2003-12-24,-1.93,45.9,0.0,1031.5
2003-12-25,-3.77,50.8,0.0,1032.0
2003-12-26,-4.89,71.700005,0.0,1025.9
2003-12-27,-5.0,,0.0,1019.4
2003-12-28,-1.8499999,91.5,0.0,1014.8
2003-12-29,1.76,86.700005,0.0,1015.10004
2003-12-30,4.31,84.4,0.0,1015.60004
2003-12-31,5.85,82.4,0.7,1014.4
2004-01-01,2.9199998,90.6,0.0,1012.2
2004-01-02,0.38,84.9,0.0,1011.5
2004-01-03,-2.73,73.5,0.0,1018.10004
2004-01-04,-4.5899997,72.0,0.0,1018.2
2004-01-05,-6.0099998,84.1,0.0,1018.2
2004-01-06,-7.33,69.3,0.0,1027.0
2004-01-07,-7.6499996,86.5,0.90000004,1024.1
2004-01-08,-4.74,88.8,0.0,1021.9
2004-01-09,-6.39,91.1,1.1,1016.3
2004-01-10,-3.81,90.3,0.0,1012.60004
2004-01-11,-1.8,,1.1,1019.9
2004-01-12,0.78,93.700005,10.2,1011.3
2004-01-13,4.16,87.6,4.3,999.7
2004-01-14,6.17,69.8,0.0,998.5
2004-01-15,2.9399998,85.4,0.0,1000.4
2004-01-16,3.6299999,71.200005,0.0,1009.10004
2004-01-17,4.0699997,84.0,11.2,1003.2
2004-01-18,3.9099998,81.9,0.0,1011.7
2004-01-19,1.53,81.5,0.0,1017.4
2004-01-20,0.63,89.4,1.3000001,1003.5
2004-01-21,-0.87,66.3,0.0,1011.4
2004-01-22,-4.54,58.3,0.0,1018.4
2004-01-23,-5.94,64.3,0.0,1021.4
2004-01-24,-5.5499997,66.200005,0.0,1017.3
2004-01-25,-3.85,70.4,0.0,1013.8
2004-01-26,-3.84,84.8,0.0,1014.8
2004-01-27,-3.6299999,81.1,2.8,1006.2
2004-01-28,-2.98,85.9,0.6,1000.60004
2004-01-29,-3.7099998,76.9,0.0,1004.4
2004-01-30,-1.99,73.9,0.0,1018.5
2004-01-31,-2.76,75.4,0.0,1025.5
2004-02-01,-0.59,78.0,0.0,1022.3
2004-02-02,5.39,76.9,0.90000004,1023.10004
2004-02-03,7.47,82.6,1.7,1027.4
2004-02-04,8.679999,80.4,0.0,1029.0
2004-02-05,12.889999,45.3,0.0,1023.8
2004-02-06,12.48,55.2,0.0,1022.4
2004-02-07,8.66,63.9,0.0,1014.4
2004-02-08,7.2999997,65.4,3.4,1013.5
2004-02-09,3.58,62.8,0.0,1015.7
2004-02-10,1.03,63.9,0.0,1027.8
2004-02-11,0.87,71.0,0.1,1015.4
2004-02-12,-4.52,48.9,0.0,1026.9
2004-02-13,-5.0099998,73.3,2.9,1029.1
2004-02-14,-0.17,85.1,0.0,1020.5
2004-02-15,3.37,65.8,0.0,1015.7
2004-02-16,1.91,74.1,0.0,1022.0
2004-02-17,1.14,76.3,0.0,1025.9
2004-02-18,2.47,79.4,0.0,1017.10004
2004-02-19,1.66,73.3,0.0,1020.8
2004-02-20,-0.14,52.0,0.0,1031.3
2004-02-21,-1.31,50.8,1.1,1033.3
2004-02-22,-0.53999996,84.3,16.800001,1015.9
2004-02-23,1.0,,7.8,1005.4
2004-02-24,0.17,88.3,4.3,1011.2
2004-02-25,-0.47,76.1,0.0,1012.7
2004-02-26,-0.29999998,85.1,6.2000003,1006.3
2004-02-27,1.2099999,90.8,0.0,995.5
2004-02-28,0.79999995,85.1,7.5,1002.9
2004-02-29,0.35999998,88.0,0.0,1005.8
2004-03-01,-0.14999999,79.3,0.0,1019.7
2004-03-02,-0.32999998,72.1,0.0,1025.0
2004-03-03,2.82,78.1,0.0,1023.10004
2004-03-04,0.93,58.9,0.0,1023.5
2004-03-05,-2.08,81.5,1.9,1024.6
2004-03-06,-2.62,55.3,0.0,1029.1
2004-03-07,-0.96,63.8,0.0,1027.5
2004-03-08,0.34,87.700005,8.2,1021.60004
2004-03-09,1.11,,4.6,1018.4
2004-03-10,1.76,91.1,0.0,1024.0
2004-03-11,2.1599998,85.1,0.0,1026.1
2004-03-12,5.3599997,70.4,0.0,1026.2001
2004-03-13,5.9,74.9,0.0,1029.1
2004-03-14,6.3999996,75.6,0.0,1030.9
2004-03-15,8.28,74.6,0.0,1033.1
2004-03-16,10.91,66.0,0.0,1032.6
2004-03-17,14.88,61.3,0.0,1029.0
2004-03-18,13.98,66.4,0.0,1026.7001
2004-03-19,14.19,60.100002,0.0,1020.9
2004-03-20,13.59,61.0,0.0,1016.5
2004-03-21,13.99,63.600002,0.0,1009.9
2004-03-22,10.34,62.8,0.0,1012.5
2004-03-23,9.04,82.700005,6.3,1007.60004
2004-03-24,9.929999,90.700005,21.7,998.60004
2004-03-25,4.35,86.8,3.3,1000.9
2004-03-26,3.4199998,85.700005,6.4,1009.9
2004-03-27,2.8999999,91.8,3.5,1013.7
2004-03-28,3.58,76.700005,0.0,1018.5
2004-03-29,4.97,70.700005,0.0,1024.1
2004-03-30,7.31,68.6,0.0,1025.3
2004-03-31,9.11,65.8,0.0,1021.2
2004-04-01,11.21,63.7,0.0,1016.60004
2004-04-02,10.88,42.100002,0.0,1021.3
2004-04-03,11.57,44.8,0.0,1023.8
2004-04-04,12.84,57.3,0.2,1022.2
2004-04-05,11.19,77.3,3.5,1014.8
2004-04-06,9.28,74.9,13.2,1009.3
2004-04-07,8.59,72.5,0.0,1003.4
2004-04-08,8.26,60.600002,0.0,1012.3
2004-04-09,9.83,57.7,0.0,1013.5
2004-04-10,10.48,68.5,0.7,1009.9
2004-04-11,11.059999,78.3,0.0,1012.3
2004-04-12,9.98,66.6,0.0,1017.3
2004-04-13,10.219999,68.0,10.8,1011.60004
2004-04-14,9.66,75.4,0.1,1016.7
2004-04-15,10.5,66.700005,0.0,1026.9
2004-04-16,12.38,66.9,13.6,1021.60004
2004-04-17,10.76,,5.5,1010.2
2004-04-18,12.57,87.700005,4.5,1002.8
2004-04-19,13.0,68.5,0.0,1001.5
2004-04-20,14.33,58.2,0.0,1006.4
2004-04-21,14.74,71.8,2.5,1014.9
2004-04-22,16.1,62.8,0.0,1014.10004
2004-04-23,17.71,54.2,0.0,1012.10004
2004-04-24,12.28,69.5,1.7,1014.5
2004-04-25,11.2699995,71.8,0.0,1017.9
2004-04-26,13.29,60.4,0.0,1019.5
2004-04-27,13.37,47.4,0.0,1017.10004
2004-04-28,15.049999,60.7,0.0,1014.3
2004-04-29,16.46,58.2,0.0,1010.0
2004-04-30,17.69,60.9,0.0,1007.3
2004-05-01,17.66,67.4,5.4,1007.8
2004-05-02,16.82,78.5,10.6,1008.2
2004-05-03,16.47,66.6,0.0,1008.2
2004-05-04,17.16,65.4,0.8,1003.0
2004-05-05,17.5,66.9,0.0,996.60004
2004-05-06,13.78,83.8,6.2000003,994.10004
2004-05-07,11.24,81.8,2.2,999.8
2004-05-08,9.75,85.4,1.5,1005.2
2004-05-09,12.5199995,74.200005,0.0,1005.8
2004-05-10,12.96,68.200005,0.0,1008.4
2004-05-11,14.839999,67.5,0.0,1012.8
2004-05-12,16.539999,62.8,0.0,1012.5
2004-05-13,15.67,71.700005,3.5,1007.0
2004-05-14,13.86,58.5,0.0,1015.7
2004-05-15,13.74,54.100002,0.3,1021.10004
2004-05-16,12.509999,76.9,3.8,1017.2
2004-05-17,13.599999,52.9,0.0,1021.5
2004-05-18,15.5,59.8,0.0,1021.8
2004-05-19,18.73,52.3,0.0,1019.0
2004-05-20,19.76,52.100002,0.0,1016.5
2004-05-21,20.789999,60.9,1.0,1011.5
2004-05-22,15.2,67.700005,0.0,1012.0
2004-05-23,11.349999,50.7,0.0,1016.4
2004-05-24,10.969999,55.0,0.0,1020.3
2004-05-25,12.2699995,53.8,0.0,1020.60004
2004-05-26,15.23,53.5,0.0,1018.4
2004-05-27,17.71,52.5,2.4,1018.10004
2004-05-28,15.049999,77.8,3.9,1020.3
2004-05-29,15.44,79.700005,11.900001,1021.8
2004-05-30,17.83,61.3,0.0,1020.8
2004-05-31,19.439999,60.8,0.0,1017.3
2004-06-01,18.55,66.3,0.3,1015.8
2004-06-02,16.51,84.200005,16.0,1014.0
2004-06-03,16.19,92.1,16.0,1014.10004
2004-06-04,16.58,84.1,5.9,1016.2
2004-06-05,16.279999,81.5,0.0,1013.10004
2004-06-06,16.84,82.1,5.4,1014.3
2004-06-07,19.21,67.4,0.0,1018.9
2004-06-08,21.109999,61.9,0.0,1020.10004
2004-06-09,22.269999,64.8,5.6,1018.9
2004-06-10,21.5,71.4,0.0,1019.60004
2004-06-11,22.97,66.9,1.4,1015.60004
2004-06-12,21.279999,67.5,3.5,1015.10004
2004-06-13,17.42,80.9,2.7,1018.5
2004-06-14,20.06,57.600002,0.0,1022.60004
2004-06-15,19.01,65.3,0.0,1016.7
2004-06-16,17.8,60.600002,0.0,1010.7
2004-06-17,16.9,52.100002,0.0,1013.9
2004-06-18,18.4,64.200005,0.0,1007.3
2004-06-19,21.0,64.700005,3.2,1006.10004
2004-06-20,20.09,77.3,6.2000003,1005.0
2004-06-21,18.08,70.0,0.0,1012.60004
2004-06-22,20.08,61.2,0.0,1018.8
2004-06-23,21.789999,62.0,1.5,1015.10004
2004-06-24,22.189999,61.3,0.0,1011.60004
2004-06-25,17.029999,76.6,4.2000003,1015.5
2004-06-26,18.1,61.600002,0.0,1021.2
2004-06-27,19.59,63.9,0.0,1021.2
2004-06-28,23.38,59.600002,0.0,1018.60004
2004-06-29,19.369999,54.3,0.0,1020.7
2004-06-30,19.369999,57.7,0.0,1019.7
2004-07-01,21.76,60.9,3.8,1014.5
2004-07-02,17.16,83.5,2.3,1014.2
2004-07-03,19.21,61.8,0.0,1016.7
2004-07-04,20.43,56.5,0.0,1020.10004
2004-07-05,23.46,56.4,0.2,1017.5
2004-07-06,23.74,63.8,0.0,1016.60004
2004-07-07,21.07,55.9,0.0,1019.3
2004-07-08,24.189999,57.0,0.0,1014.7
2004-07-09,25.1,60.600002,0.0,1010.7
2004-07-10,21.57,52.5,0.0,1012.10004
2004-07-11,18.52,54.7,0.0,1011.0
2004-07-12,18.119999,55.4,0.0,1008.9
2004-07-13,18.289999,57.4,0.0,1009.5
2004-07-14,17.119999,57.100002,0.0,1014.9
2004-07-15,16.21,70.9,0.0,1015.4
2004-07-16,20.05,73.4,0.0,1016.9
2004-07-17,23.91,63.4,0.0,1018.60004
2004-07-18,25.65,58.3,0.0,1017.9
2004-07-19,26.06,56.3,0.0,1016.7
2004-07-20,26.14,58.600002,0.0,1016.0
2004-07-21,27.66,52.5,0.0,1015.60004
2004-07-22,27.599998,51.2,0.0,1016.7
2004-07-23,26.55,51.7,0.0,1015.9
2004-07-24,25.289999,59.7,12.0,1014.3
2004-07-25,24.279999,66.3,0.0,1012.5
2004-07-26,20.779999,82.4,7.7000003,1010.0
2004-07-27,18.8,77.5,2.7,1010.60004
2004-07-28,15.44,83.0,11.8,1012.7
2004-07-29,17.19,83.4,0.3,1013.7
2004-07-30,17.81,87.4,2.4,1015.8
2004-07-31,22.199999,66.3,0.0,1016.10004
2004-08-01,22.15,61.5,0.0,1014.2
2004-08-02,22.85,57.100002,0.0,1012.10004
2004-08-03,22.18,57.8,0.0,1010.60004
2004-08-04,22.55,58.8,0.0,1011.2
2004-08-05,23.689999,61.9,0.0,1012.2
2004-08-06,23.01,59.4,0.0,1013.7
2004-08-07,21.38,70.8,0.6,1014.4
2004-08-08,21.01,73.8,0.1,1013.3
2004-08-09,22.289999,61.5,0.0,1013.0
2004-08-10,23.41,58.5,0.0,1014.3
2004-08-11,23.84,60.100002,0.0,1013.5
2004-08-12,24.59,59.2,0.0,1011.0
2004-08-13,21.92,60.100002,0.0,1008.3
2004-08-14,19.6,67.1,1.0,1011.10004
2004-08-15,20.33,57.100002,0.0,1016.4
2004-08-16,20.41,52.600002,0.0,1017.10004
2004-08-17,21.56,54.600002,0.0,1015.3
2004-08-18,24.39,51.0,0.0,1013.60004
2004-08-19,24.75,58.600002,0.0,1012.5
2004-08-20,24.56,63.8,0.0,1008.4
2004-08-21,22.41,60.600002,3.6000001,1008.60004
2004-08-22,18.74,66.200005,0.5,1014.7
2004-08-23,19.09,59.7,0.0,1022.2
2004-08-24,20.67,60.100002,0.0,1019.0
2004-08-25,22.08,61.4,12.5,1014.0
2004-08-26,17.9,84.700005,5.4,1008.10004
2004-08-27,18.13,70.9,0.0,1011.10004
2004-08-28,19.619999,61.0,0.0,1015.60004
2004-08-29,20.35,64.200005,0.0,1017.2
2004-08-30,21.51,67.200005,0.0,1015.5
2004-08-31,18.81,67.9,0.0,1015.2
2004-09-01,17.34,64.200005,0.0,1018.7
2004-09-02,19.14,63.9,0.0,1021.0
2004-09-03,20.5,62.7,0.0,1023.7
2004-09-04,20.5,65.4,0.0,1024.3
2004-09-05,20.15,59.4,0.0,1026.3
2004-09-06,20.31,59.4,0.0,1027.2001
2004-09-07,19.63,61.5,0.0,1026.4
2004-09-08,19.56,50.600002,0.0,1022.3
2004-09-09,14.92,48.100002,0.0,1027.5
2004-09-10,13.799999,52.4,0.0,1029.3
2004-09-11,14.0,56.4,0.0,1025.9
2004-09-12,17.69,50.3,0.0,1018.8
2004-09-13,19.58,60.3,0.0,1017.7
2004-09-14,19.55,66.9,0.0,1017.60004
2004-09-15,20.59,70.0,1.2,1014.9
2004-09-16,17.49,68.3,0.0,1019.7
2004-09-17,16.08,52.8,0.0,1026.5
2004-09-18,14.07,64.0,0.0,1024.6
2004-09-19,14.38,76.8,0.0,1020.2
2004-09-20,15.889999,73.1,0.0,1018.7
2004-09-21,17.59,64.1,0.0,1014.10004
2004-09-22,15.42,45.5,4.2000003,1013.8
2004-09-23,12.04,84.6,3.6000001,1006.2
2004-09-24,12.17,78.700005,0.1,1007.0
2004-09-25,13.309999,73.3,0.0,1011.10004
2004-09-26,13.7,69.5,0.0,1016.5
2004-09-27,12.82,72.5,0.0,1018.2
2004-09-28,13.12,81.4,0.0,1020.4
2004-09-29,14.57,76.700005,2.7,1017.9
2004-09-30,14.799999,75.8,0.0,1018.8
2004-10-01,12.469999,72.1,0.0,1022.10004
2004-10-02,13.639999,71.0,0.0,1022.10004
2004-10-03,14.7,75.8,0.0,1023.60004
2004-10-04,14.0199995,75.700005,0.0,1025.1
2004-10-05,15.15,71.0,0.0,1023.9
2004-10-06,15.61,57.600002,0.0,1022.60004
2004-10-07,14.46,64.4,0.0,1020.3
2004-10-08,14.839999,64.6,0.0,1017.3
2004-10-09,13.28,78.8,6.0,1013.4
2004-10-10,9.41,85.9,5.3,1014.8
2004-10-11,9.11,62.5,0.0,1021.3
2004-10-12,7.39,58.600002,0.0,1030.1
2004-10-13,7.35,60.3,0.0,1029.4
2004-10-14,8.37,70.4,0.0,1021.4
2004-10-15,10.12,85.1,4.3,1012.60004
2004-10-16,10.5199995,91.5,10.3,1005.4
2004-10-17,5.96,92.5,31.1,1007.0
2004-10-18,7.71,85.9,0.0,1014.2
2004-10-19,10.17,82.5,0.0,1015.0
2004-10-20,11.969999,80.1,2.0,1015.60004
2004-10-21,10.49,92.5,0.1,1016.10004
2004-10-22,11.5199995,,6.4,1022.5
2004-10-23,12.99,91.3,0.0,1021.0
2004-10-24,14.19,92.3,0.0,1019.9
2004-10-25,15.03,89.1,0.0,1017.4
2004-10-26,14.34,90.200005,0.0,1013.2
2004-10-27,13.65,90.0,0.0,1010.9
2004-10-28,13.849999,87.4,0.0,1010.4
2004-10-29,16.68,72.200005,0.0,1009.0
2004-10-30,16.779999,76.4,0.0,1009.3
2004-10-31,15.589999,86.700005,0.0,1014.5
2004-11-01,13.929999,86.3,0.0,1018.7
2004-11-02,14.53,79.0,0.0,1020.60004
2004-11-03,13.65,77.5,0.0,1024.9
2004-11-04,11.7699995,77.200005,0.0,1027.0
2004-11-05,8.82,75.5,0.0,1023.9
2004-11-06,9.28,59.8,0.0,1018.9
2004-11-07,6.6099997,66.200005,0.0,1014.8
2004-11-08,5.3199997,76.8,26.300001,1011.10004
2004-11-09,4.87,90.200005,1.5,1006.60004
2004-11-10,6.39,77.9,0.0,1013.60004
2004-11-11,10.15,82.200005,0.0,1017.3
2004-11-12,11.04,84.8,0.0,1020.8
2004-11-13,8.139999,89.8,21.6,1012.9
2004-11-14,5.8799996,61.7,0.90000004,1016.60004
2004-11-15,3.9599998,79.5,2.7,1018.3
2004-11-16,3.99,76.5,0.0,1019.8
2004-11-17,7.87,72.9,0.0,1021.8
2004-11-18,9.2699995,70.0,0.0,1014.10004
2004-11-19,5.91,73.1,1.7,1001.7
2004-11-20,1.1899999,67.9,0.0,1014.10004
2004-11-21,2.2,61.7,0.0,1020.2
2004-11-22,1.4499999,75.4,2.6000001,1023.60004
2004-11-23,6.43,76.9,2.2,1015.3
2004-11-24,2.2,58.0,0.0,1024.5
2004-11-25,0.47,66.8,0.0,1030.0
2004-11-26,0.29,66.6,0.0,1026.2001
2004-11-27,3.58,76.200005,0.0,1022.5
2004-11-28,4.48,84.1,0.0,1021.9
2004-11-29,3.03,90.8,0.0,1017.7
2004-11-30,2.85,90.0,0.0,1021.10004
2004-12-01,4.11,90.1,4.8,1019.3
2004-12-02,7.0299997,,1.5,1014.0
2004-12-03,5.5499997,90.6,0.0,1018.60004
2004-12-04,3.48,88.9,0.0,1029.4
2004-12-05,0.66999996,90.8,0.0,1031.6
2004-12-06,2.8,83.4,0.0,1027.6
2004-12-07,2.6699998,83.700005,0.0,1031.9
2004-12-08,-0.19,,0.0,1032.5
2004-12-09,0.91999996,82.0,0.0,1034.1
2004-12-10,0.12,77.8,0.0,1032.2001
2004-12-11,-0.96,82.200005,0.0,1033.0
2004-12-12,-1.4399999,85.200005,0.0,1033.1
2004-12-13,-0.91999996,82.0,0.0,1033.8
2004-12-14,-0.65,83.9,0.0,1035.1
2004-12-15,-2.07,81.8,0.0,1033.2001
2004-12-16,-2.22,84.5,0.0,1027.3
2004-12-17,-1.54,91.700005,11.400001,1012.8
2004-12-18,1.76,85.6,0.0,1002.0
2004-12-19,1.49,73.5,0.0,1007.0
2004-12-20,0.35999998,72.1,0.0,1017.2
2004-12-21,-2.12,77.1,0.0,1026.2001
2004-12-22,-2.62,79.700005,0.0,1025.8
2004-12-23,-2.1599998,85.3,0.0,1016.9
2004-12-24,1.48,76.0,0.0,1011.9
2004-12-25,3.1999998,72.700005,0.0,1009.9
2004-12-26,4.58,78.200005,6.6,1006.9
2004-12-27,5.13,91.1,9.6,1009.2
2004-12-28,2.81,84.9,1.3000001,1011.2
2004-12-29,3.58,76.1,0.0,1016.0
2004-12-30,2.71,73.200005,0.0,1029.7001
2004-12-31,0.65999997,80.700005,0.0,1029.1
2005-01-01,3.78,83.700005,0.0,1024.2001
2005-01-02,5.02,77.9,0.0,1019.5
2005-01-03,4.21,66.8,0.1,1024.9
2005-01-04,6.0899997,71.700005,1.6,1023.4
2005-01-05,7.12,53.9,0.0,1025.9
2005-01-06,5.77,74.0,1.5,1025.7001
2005-01-07,4.65,75.6,0.0,1032.7001
2005-01-08,4.14,78.700005,0.0,1026.9
2005-01-09,4.5,80.6,0.0,1028.6
2005-01-10,4.74,83.0,0.0,1031.9
2005-01-11,1.2099999,,0.0,1030.0
2005-01-12,0.42999998,,0.0,1029.3
2005-01-13,0.84999996,,0.0,1025.8
2005-01-14,2.98,74.1,0.0,1026.1
2005-01-15,2.87,69.200005,0.0,1027.8
2005-01-16,-0.19,64.6,0.0,1033.4
2005-01-17,-2.86,77.9,0.0,1031.6
2005-01-18,-5.83,92.5,0.0,1017.2
2005-01-19,-3.36,87.0,0.0,1011.60004
2005-01-20,-0.77,79.6,6.0,1011.5
2005-01-21,3.61,74.6,1.3000001,998.9
2005-01-22,3.1,65.5,0.0,1006.60004
2005-01-23,1.02,74.700005,0.0,1014.0
2005-01-24,-1.26,82.6,0.0,1012.2
2005-01-25,-0.85999995,74.0,1.3000001,1010.7
2005-01-26,-1.3,86.5,2.1000001,1004.8
2005-01-27,-3.6499999,71.6,0.0,1008.5
2005-01-28,-6.3999996,75.8,0.0,1015.10004
2005-01-29,-5.18,67.3,0.0,1017.60004
2005-01-30,-6.1,66.0,0.0,1024.9
2005-01-31,-2.81,83.6,2.3,1017.60004
2005-02-01,0.75,78.5,0.0,1011.9
2005-02-02,-0.62,78.4,0.0,1018.8
2005-02-03,-3.6399999,89.9,0.0,1024.7001
2005-02-04,-2.53,75.3,0.0,1031.8
2005-02-05,-4.88,72.0,0.0,1033.2001
2005-02-06,-6.68,72.6,0.0,1036.3
2005-02-07,-7.62,64.9,0.0,1040.0
2005-02-08,-7.23,59.8,0.0,1041.5
2005-02-09,-7.58,64.6,0.0,1039.7001
2005-02-10,-8.29,67.3,0.0,1035.9
2005-02-11,-5.4,79.5,0.90000004,1027.3
2005-02-12,-3.72,88.6,9.8,1015.4
2005-02-13,3.1799998,82.200005,0.0,996.8
2005-02-14,1.77,72.700005,0.0,998.8
2005-02-15,0.03,81.700005,6.2000003,998.2
2005-02-16,0.29999998,88.4,0.0,1006.8
2005-02-17,1.53,77.700005,0.0,1012.2
2005-02-18,0.87,72.6,0.0,1015.5
2005-02-19,0.089999996,65.6,0.0,1012.2
2005-02-20,0.31,70.6,0.0,1010.4
2005-02-21,-0.87,87.0,7.2000003,1008.7
2005-02-22,1.99,90.5,12.6,1005.9
2005-02-23,1.89,91.4,3.8,1008.5
2005-02-24,1.03,89.0,0.0,1010.8
2005-02-25,0.90999997,84.4,0.0,1014.5
2005-02-26,0.84,74.0,0.0,1010.10004
2005-02-27,-1.0,63.100002,0.0,1004.4
2005-02-28,-5.5299997,48.8,0.0,1015.10004
2005-03-01,-5.39,58.5,0.0,1016.9
2005-03-02,-4.79,57.7,0.0,1016.10004
2005-03-03,-2.8899999,71.0,0.0,1016.60004
2005-03-04,-1.68,89.8,2.6000001,1011.7
2005-03-05,-0.78999996,77.6,0.0,1003.8
2005-03-06,-2.1,65.0,0.0,1006.2
2005-03-07,-2.18,63.4,0.0,1013.10004
2005-03-08,0.65,71.8,0.0,1013.60004
2005-03-09,2.31,63.8,0.0,1017.0
2005-03-10,-1.9599999,47.3,0.0,1024.2001
2005-03-11,-1.11,58.4,0.0,1016.3
2005-03-12,4.94,67.700005,3.7,1002.0
2005-03-13,4.44,59.0,0.0,1010.7
2005-03-14,4.5299997,66.1,0.0,1019.60004
2005-03-15,5.43,66.8,0.0,1024.3
2005-03-16,8.74,63.9,0.0,1028.3
2005-03-17,13.07,55.5,0.0,1024.9
2005-03-18,15.04,58.7,0.0,1020.3
2005-03-19,9.65,52.9,0.0,1019.10004
2005-03-20,1.51,50.7,0.0,1027.1
2005-03-21,2.31,57.2,0.0,1023.5
2005-03-22,3.8999999,55.7,0.0,1024.0
2005-03-23,6.5299997,51.600002,0.0,1024.8
2005-03-24,8.84,48.8,0.0,1022.8
2005-03-25,11.23,58.3,1.6,1019.4
2005-03-26,11.719999,85.3,0.1,1013.8
2005-03-27,11.16,90.3,7.5,1009.7
2005-03-28,12.87,72.0,0.6,1008.4
2005-03-29,10.809999,64.1,0.0,1015.5
2005-03-30,9.96,57.8,0.0,1017.60004
2005-03-31,7.93,37.0,0.0,1023.3
2005-04-01,6.3599997,46.8,0.0,1029.4
2005-04-02,7.75,44.100002,0.0,1030.8
2005-04-03,9.62,44.8,0.0,1029.9
2005-04-04,11.099999,42.9,0.0,1029.7001
2005-04-05,11.29,38.600002,0.0,1028.2001
2005-04-06,12.889999,43.100002,0.0,1024.5
2005-04-07,14.38,37.8,0.0,1015.5
2005-04-08,15.7699995,37.7,0.0,1006.9
2005-04-09,14.009999,58.8,4.5,1006.9
2005-04-10,8.53,85.4,9.5,1016.4
2005-04-11,8.639999,76.9,1.6,1023.10004
2005-04-12,10.809999,60.4,0.90000004,1017.9
2005-04-13,14.37,69.3,4.7000003,1009.8
2005-04-14,14.65,78.3,3.6000001,1005.0
2005-04-15,16.41,66.3,0.0,1004.7
2005-04-16,15.23,62.100002,0.0,1004.60004
2005-04-17,14.58,68.4,10.900001,997.3
2005-04-18,12.23,89.6,13.0,993.60004
2005-04-19,14.099999,81.4,1.3000001,999.4
2005-04-20,10.179999,90.9,16.7,1003.9
2005-04-21,6.27,73.200005,1.8000001,1011.9
2005-04-22,7.18,44.3,0.0,1015.2
2005-04-23,10.139999,51.600002,0.0,1016.0
2005-04-24,12.639999,58.100002,2.5,1015.7
2005-04-25,12.95,82.200005,6.8,1011.0
2005-04-26,12.009999,79.200005,0.0,1010.2
2005-04-27,14.549999,62.9,10.5,1017.10004
2005-04-28,13.15,64.200005,0.0,1020.10004
2005-04-29,13.11,54.600002,0.0,1020.9
2005-04-30,13.45,54.5,0.0,1019.8
2005-05-01,15.61,57.2,0.0,1017.60004
2005-05-02,19.51,57.3,0.0,1017.10004
2005-05-03,21.81,59.100002,0.0,1012.8
2005-05-04,16.97,70.200005,0.0,1008.4
2005-05-05,15.759999,63.9,0.0,1007.4
2005-05-06,13.96,62.600002,0.0,1008.8
2005-05-07,12.509999,54.0,2.9,1007.60004
2005-05-08,10.25,59.7,0.0,1008.4
2005-05-09,10.059999,64.1,0.0,1013.8
2005-05-10,11.849999,61.9,2.8,1016.2
2005-05-11,12.809999,59.7,0.0,1017.3
2005-05-12,11.98,52.7,0.0,1021.7
2005-05-13,13.2,54.4,0.0,1022.5
2005-05-14,16.199999,47.9,8.8,1017.3
2005-05-15,17.43,73.3,0.0,1013.60004
2005-05-16,18.6,66.5,0.0,1013.9
2005-05-17,18.02,76.700005,6.1,1012.3
2005-05-18,15.42,91.9,30.4,1010.5
2005-05-19,12.2699995,79.6,6.4,1017.8
2005-05-20,14.13,61.7,0.0,1021.60004
2005-05-21,16.58,62.8,0.0,1019.2
2005-05-22,18.449999,64.8,0.0,1016.7
2005-05-23,20.91,62.9,0.0,1015.2
2005-05-24,18.23,67.8,0.0,1019.5
2005-05-25,19.0,64.1,0.0,1023.4
2005-05-26,21.13,57.600002,0.0,1022.9
2005-05-27,23.519999,58.100002,0.0,1020.0
2005-05-28,24.75,55.7,0.0,1018.8
2005-05-29,25.699999,54.600002,0.0,1017.4
2005-05-30,26.33,54.4,0.0,1014.3
2005-05-31,19.46,58.5,0.0,1016.7
2005-06-01,16.98,46.600002,0.0,1019.8
2005-06-02,16.63,49.0,0.0,1020.0
2005-06-03,18.83,51.100002,0.0,1018.7
2005-06-04,21.08,49.4,0.0,1014.7
2005-06-05,18.02,63.8,0.0,1015.8
2005-06-06,18.859999,50.600002,0.0,1015.9
2005-06-07,16.029999,49.600002,0.0,1018.60004
2005-06-08,13.65,57.100002,10.2,1022.0
2005-06-09,10.15,85.3,33.4,1015.9
2005-06-10,10.87,89.6,5.2000003,1010.8
2005-06-11,14.69,73.8,0.0,1011.8
2005-06-12,16.48,74.0,0.0,1011.9
2005-06-13,19.38,67.5,0.0,1012.7
2005-06-14,22.02,59.100002,0.0,1015.3
2005-06-15,22.73,61.3,0.0,1016.5
2005-06-16,23.43,64.6,0.0,1018.7
2005-06-17,23.529999,62.100002,0.0,1021.0
2005-06-18,22.689999,53.0,0.0,1017.4
2005-06-19,20.24,50.8,0.0,1017.2
2005-06-20,21.449999,51.8,0.0,1016.0
2005-06-21,21.439999,54.8,0.0,1017.2
2005-06-22,22.31,55.8,0.0,1017.9
2005-06-23,21.449999,52.4,0.0,1019.10004
2005-06-24,21.09,50.5,0.0,1020.9
2005-06-25,22.59,51.9,0.0,1017.7
2005-06-26,23.35,65.5,0.0,1017.7
2005-06-27,23.65,57.3,0.0,1018.0
2005-06-28,23.83,51.8,0.0,1014.3
2005-06-29,24.539999,56.8,0.2,1008.5
2005-06-30,22.14,73.1,6.0,1007.4
2005-07-01,20.81,70.9,15.7,1010.10004
2005-07-02,18.51,81.700005,2.4,1012.0
2005-07-03,21.09,57.3,0.0,1016.7
2005-07-04,21.51,56.4,0.0,1014.3
2005-07-05,19.43,70.5,3.3,1010.2
2005-07-06,16.25,61.8,0.0,1010.10004
2005-07-07,19.41,57.8,0.0,1012.10004
2005-07-08,20.02,71.9,3.8,1014.10004
2005-07-09,19.96,77.9,0.0,1014.9
2005-07-10,18.91,83.200005,12.400001,1015.60004
2005-07-11,18.97,83.4,24.1,1016.4
2005-07-12,17.83,87.5,3.3,1018.0
2005-07-13,20.35,70.200005,5.6,1017.3
2005-07-14,20.91,66.8,0.0,1017.7
2005-07-15,22.67,61.9,0.0,1018.0
2005-07-16,23.43,63.7,0.0,1013.3
2005-07-17,23.539999,60.8,0.0,1012.60004
2005-07-18,24.43,64.8,0.0,1012.0
2005-07-19,23.24,64.6,0.0,1012.2
2005-07-20,21.43,53.4,0.0,1018.5
2005-07-21,18.56,62.2,0.1,1015.2
2005-07-22,18.609999,72.8,4.3,1011.4
2005-07-23,17.82,78.0,3.7,1011.10004
2005-07-24,19.51,72.6,0.0,1012.0
2005-07-25,22.039999,66.8,0.0,1012.60004
2005-07-26,24.019999,65.5,0.0,1012.2
2005-07-27,25.71,65.4,0.0,1014.8
2005-07-28,27.74,63.7,0.0,1015.9
2005-07-29,28.59,61.8,0.0,1015.3
2005-07-30,28.039999,58.5,0.0,1012.2
2005-07-31,27.17,60.5,0.0,1009.8
2005-08-01,24.93,56.5,0.0,1012.9
2005-08-02,25.359999,57.100002,0.0,1015.3
2005-08-03,24.01,74.1,31.300001,1012.60004
2005-08-04,17.14,89.6,53.100002,1012.3
2005-08-05,15.929999,85.1,1.9,1015.8
2005-08-06,18.57,66.700005,0.0,1013.0
2005-08-07,16.72,68.1,1.5,1010.10004
2005-08-08,14.92,68.200005,0.0,1010.8
2005-08-09,16.66,60.5,0.0,1015.2
2005-08-10,19.21,61.7,0.0,1013.3
2005-08-11,19.46,65.8,0.0,1013.10004
2005-08-12,20.22,67.1,0.0,1013.8
2005-08-13,20.949999,59.8,0.0,1015.5
2005-08-14,20.71,56.2,0.0,1015.5
2005-08-15,17.359999,80.5,3.3,1010.8
2005-08-16,17.57,84.4,14.6,1012.0
2005-08-17,19.49,81.9,2.4,1013.8
2005-08-18,21.039999,65.700005,0.0,1014.60004
2005-08-19,20.74,73.200005,0.0,1014.7
2005-08-20,22.14,67.700005,0.0,1015.2
2005-08-21,20.68,75.3,17.6,1013.60004
2005-08-22,18.4,89.200005,12.2,1010.4
2005-08-23,18.88,86.700005,6.8,1008.2
2005-08-24,18.279999,82.6,0.0,1010.10004
2005-08-25,20.189999,73.200005,0.0,1011.4
2005-08-26,20.06,75.6,0.5,1016.4
2005-08-27,20.3,73.5,10.2,1019.4
2005-08-28,19.63,86.6,0.0,1019.7
2005-08-29,20.199999,81.4,0.0,1025.1
2005-08-30,21.64,74.8,0.0,1024.9
2005-08-31,22.439999,73.200005,0.0,1020.5
2005-09-01,22.23,64.200005,0.0,1018.2
2005-09-02,20.14,55.3,0.0,1021.9
2005-09-03,18.77,59.0,0.0,1026.3
2005-09-04,18.16,61.3,0.0,1026.2001
2005-09-05,18.58,63.7,0.0,1022.8
2005-09-06,18.77,63.9,0.0,1020.2
2005-09-07,19.3,63.7,0.0,1020.0
2005-09-08,20.42,67.4,0.0,1021.2
2005-09-09,21.42,63.4,0.0,1017.60004
2005-09-10,20.57,72.700005,0.0,1012.4
2005-09-11,19.9,86.1,0.90000004,1011.0
2005-09-12,21.109999,74.200005,0.0,1012.9
2005-09-13,20.68,73.4,0.0,1019.10004
2005-09-14,18.869999,73.0,0.0,1020.3
2005-09-15,18.76,68.8,0.0,1016.5
2005-09-16,19.93,67.3,0.0,1008.10004
2005-09-17,16.71,77.1,2.4,1008.8
2005-09-18,13.929999,66.5,0.0,1020.0
2005-09-19,11.83,79.8,16.7,1020.2
2005-09-20,11.44,,7.4,1019.4
2005-09-21,14.2699995,83.8,0.0,1020.9
2005-09-22,15.78,65.1,0.0,1021.8
2005-09-23,14.83,71.8,0.0,1020.7
2005-09-24,16.4,71.6,0.0,1019.3
2005-09-25,16.81,79.0,0.0,1019.0
2005-09-26,17.01,79.1,0.0,1022.7
2005-09-27,17.029999,78.1,0.0,1023.10004
2005-09-28,15.79,81.700005,0.0,1021.8
2005-09-29,13.969999,85.0,12.3,1018.5
2005-09-30,12.969999,72.8,0.0,1018.3
2005-10-01,11.3,76.200005,0.0,1018.60004
2005-10-02,12.34,88.5,0.1,1018.10004
2005-10-03,16.64,84.1,0.0,1022.7
2005-10-04,18.26,79.5,0.0,1024.2001
2005-10-05,17.199999,68.3,0.0,1025.6
2005-10-06,15.65,65.4,0.0,1026.6
2005-10-07,14.889999,72.200005,0.0,1028.7001
2005-10-08,12.389999,73.0,0.0,1027.3
2005-10-09,12.73,70.3,0.0,1027.8
2005-10-10,12.639999,73.0,0.0,1029.5
2005-10-11,11.8,75.5,0.0,1028.6
2005-10-12,11.65,70.9,0.0,1025.9
2005-10-13,11.759999,72.1,0.5,1022.10004
2005-10-14,11.01,80.0,0.0,1026.3
2005-10-15,9.65,80.4,0.0,1028.5
2005-10-16,9.099999,67.1,0.0,1022.8
2005-10-17,7.71,64.200005,0.0,1023.5
2005-10-18,6.87,72.9,0.0,1024.4
2005-10-19,6.69,71.200005,0.0,1026.9
2005-10-20,7.72,72.3,0.0,1022.7
2005-10-21,10.05,89.4,1.0,1017.60004
2005-10-22,12.0,91.8,2.4,1014.9
2005-10-23,13.88,90.700005,0.0,1015.9
2005-10-24,13.179999,73.9,0.0,1021.8
2005-10-25,13.71,78.8,0.0,1021.7
2005-10-26,15.799999,72.6,0.0,1021.3
2005-10-27,15.33,68.4,0.0,1023.9
2005-10-28,11.44,69.0,0.0,1027.6
2005-10-29,8.13,61.8,0.0,1029.5
2005-10-30,5.2,72.3,0.0,1029.6
2005-10-31,4.0699997,74.9,0.0,1028.2001
2005-11-01,5.46,73.200005,0.0,1025.8
2005-11-02,6.93,73.8,0.0,1023.7
2005-11-03,7.3599997,74.0,0.0,1026.9
2005-11-04,8.08,73.9,0.0,1025.0
2005-11-05,8.26,78.5,0.0,1025.5
2005-11-06,9.57,76.9,0.0,1030.1
2005-11-07,8.7699995,75.8,0.0,1028.6
2005-11-08,8.349999,79.9,0.0,1030.6
2005-11-09,6.17,86.4,0.0,1029.3
2005-11-10,5.4,86.8,0.0,1031.8
2005-11-11,6.16,87.200005,0.0,1032.3
2005-11-12,6.39,87.6,0.0,1027.2001
2005-11-13,5.89,83.6,0.0,1027.0
2005-11-14,6.83,80.5,0.0,1028.7001
2005-11-15,4.17,90.700005,0.0,1016.5
2005-11-16,6.1299996,91.3,12.2,1001.7
2005-11-17,5.5,67.4,0.0,1007.10004
2005-11-18,2.19,73.3,0.0,1016.4
2005-11-19,1.06,66.700005,0.0,1021.7
2005-11-20,-0.07,73.1,1.4,1025.7001
2005-11-21,0.19999999,90.6,0.0,1022.7
2005-11-22,-0.89,83.700005,0.0,1027.4
2005-11-23,-0.71999997,68.0,1.0,1030.8
2005-11-24,0.53999996,85.6,2.2,1017.0
2005-11-25,0.13,91.1,0.7,1003.3
2005-11-26,4.2999997,84.700005,0.0,1002.5
2005-11-27,6.46,84.3,6.0,997.5
2005-11-28,1.5,86.8,2.4,1005.5
2005-11-29,1.05,93.0,7.1,1013.0
2005-11-30,2.76,91.700005,1.3000001,1012.0
2005-12-01,2.79,78.700005,4.2000003,1015.0
2005-12-02,1.68,91.8,0.0,1013.3
2005-12-03,4.8399997,87.4,7.8,1010.5
2005-12-04,5.7799997,87.4,0.0,1010.4
2005-12-05,5.5099998,91.200005,14.8,1007.7
2005-12-06,5.95,91.200005,12.0,1000.0
2005-12-07,4.89,73.0,0.0,1011.7
2005-12-08,3.54,76.6,0.0,1019.10004
2005-12-09,1.62,82.6,0.0,1029.0
2005-12-10,0.93,75.4,0.0,1039.2001
2005-12-11,-2.0,77.8,0.0,1040.0
2005-12-12,-4.12,88.4,0.0,1033.9
2005-12-13,-0.65999997,85.700005,0.0,1029.9
2005-12-14,-0.41,86.9,0.0,1023.4
2005-12-15,1.65,83.5,1.4,1014.5
2005-12-16,2.8799999,79.1,4.0,997.60004
2005-12-17,1.4,68.1,0.0,998.8
2005-12-18,-0.93,68.8,0.0,1011.9
2005-12-19,0.59,78.0,0.0,1021.60004
2005-12-20,0.69,86.8,1.4,1024.5
2005-12-21,1.4699999,72.4,0.0,1026.0
2005-12-22,0.16,82.700005,0.1,1025.9
2005-12-23,1.9599999,81.200005,0.0,1024.4
2005-12-24,2.4099998,86.4,0.0,1020.9
2005-12-25,4.17,75.6,0.0,1016.10004
2005-12-26,-1.38,87.4,0.0,1014.60004
2005-12-27,-0.81,86.8,9.8,1009.4
2005-12-28,1.5699999,,7.4,1002.0
2005-12-29,0.14,78.8,7.6,1015.5
2005-12-30,-2.1499999,86.3,1.9,1012.2
2005-12-31,-3.33,86.6,2.1000001,1015.8
2006-01-01,1.26,91.8,14.7,1012.0
2006-01-02,3.33,93.9,9.0,1010.60004
2006-01-03,1.8299999,,0.0,1020.10004
2006-01-04,1.78,90.5,0.0,1025.6
2006-01-05,3.4399998,85.6,4.2000003,1022.10004
2006-01-06,3.55,91.6,3.4,1023.8
2006-01-07,1.77,79.5,0.0,1030.5
2006-01-08,-1.1,66.700005,0.0,1036.1
2006-01-09,-1.3399999,64.200005,0.0,1034.9
2006-01-10,0.42,65.6,0.0,1032.9
2006-01-11,-0.76,79.0,0.0,1031.9
2006-01-12,-1.5699999,91.200005,0.0,1035.3
2006-01-13,-0.81,88.200005,0.0,1037.9
2006-01-14,-2.96,92.8,0.0,1037.7001
2006-01-15,-2.32,78.9,0.0,1036.8
2006-01-16,-3.28,78.1,0.0,1031.4
2006-01-17,-3.82,86.9,0.90000004,1024.0
2006-01-18,-0.88,88.1,0.5,1006.9
2006-01-19,-1.67,69.3,0.0,1019.4
2006-01-20,-3.36,73.200005,0.0,1026.7001
2006-01-21,1.23,78.0,1.2,1020.0
2006-01-22,-1.9799999,77.4,0.0,1025.3
2006-01-23,-9.63,55.7,0.0,1039.5
2006-01-24,-10.0199995,65.4,0.0,1043.8
2006-01-25,-10.08,71.3,0.0,1033.7001
2006-01-26,-9.09,72.200005,0.0,1028.5
2006-01-27,-7.8599997,63.5,0.0,1032.1
2006-01-28,-5.16,62.100002,0.0,1032.2001
2006-01-29,-1.12,66.9,0.0,1031.9
2006-01-30,-0.32999998,83.3,0.0,1029.5
2006-01-31,-3.1899998,83.700005,0.0,1023.8
2006-02-01,-4.75,90.0,0.0,1024.9
2006-02-02,-3.6,84.8,0.0,1020.3
2006-02-03,-3.6,80.700005,0.0,1019.3
2006-02-04,-3.48,77.8,0.0,1022.5
2006-02-05,-4.66,74.1,0.0,1028.3
2006-02-06,-5.39,62.600002,0.0,1027.8
2006-02-07,-7.0099998,78.1,1.2,1021.4
2006-02-08,-2.12,89.5,10.1,1010.4
2006-02-09,-1.81,90.6,2.4,1007.0
2006-02-10,-1.29,92.0,0.0,1011.10004
2006-02-11,0.53,79.200005,0.0,1018.7
2006-02-12,-0.38,69.3,0.0,1023.0
2006-02-13,-1.11,71.200005,0.0,1023.0
2006-02-14,-0.28,72.5,0.0,1023.3
2006-02-15,-0.84,83.9,2.1000001,1018.9
2006-02-16,-0.51,93.200005,2.2,1002.0
2006-02-17,1.18,93.1,9.3,1000.7
2006-02-18,2.84,88.5,0.0,1009.60004
2006-02-19,6.02,78.3,0.0,1010.7
2006-02-20,7.35,74.0,0.0,1009.60004
2006-02-21,5.89,84.0,0.0,1013.0
2006-02-22,4.19,74.5,0.0,1018.0
2006-02-23,2.6,73.3,0.0,1021.5
2006-02-24,4.18,58.3,0.90000004,1016.9
2006-02-25,0.94,87.5,6.6,1013.5
2006-02-26,-0.19,91.4,2.5,1009.7
2006-02-27,-2.5,65.0,0.0,1014.60004
2006-02-28,-4.0499997,69.5,0.0,1012.3
2006-03-01,-0.88,67.4,0.0,1007.0
2006-03-02,0.29,67.0,0.0,1008.3
2006-03-03,0.96,67.700005,0.0,1007.8
2006-03-04,4.69,79.0,5.4,998.0
2006-03-05,0.55,93.200005,11.6,1001.4
2006-03-06,0.0,70.5,0.0,1010.4
2006-03-07,-0.19,52.600002,0.0,1013.8
2006-03-08,-1.0,67.9,0.0,1017.10004
2006-03-09,-0.16,81.6,2.2,1008.9
2006-03-10,4.42,89.8,4.5,1004.7
2006-03-11,5.13,74.9,0.0,1002.3
2006-03-12,1.91,74.1,0.0,1012.2
2006-03-13,1.02,68.9,1.2,1018.5
2006-03-14,1.31,76.8,0.0,1019.7
2006-03-15,1.9399999,71.700005,0.0,1020.7
2006-03-16,3.36,72.5,0.0,1020.9
2006-03-17,2.57,82.8,0.0,1020.3
2006-03-18,3.1999998,82.4,0.0,1019.3
2006-03-19,4.7,69.200005,0.0,1015.10004
2006-03-20,5.95,65.6,0.0,1010.3
2006-03-21,7.5,61.4,0.0,1008.2
2006-03-22,10.7699995,68.9,0.0,1005.60004
2006-03-23,7.0,60.600002,0.0,1007.10004
2006-03-24,3.9199998,49.100002,0.0,1016.4
2006-03-25,7.0,67.700005,0.0,1015.7
2006-03-26,12.0199995,71.0,0.2,1016.9
2006-03-27,13.71,67.700005,0.0,1013.5
2006-03-28,13.679999,67.200005,1.4,1006.60004
2006-03-29,8.84,80.700005,3.2,1006.10004
2006-03-30,11.66,56.2,0.0,1014.4
2006-03-31,11.48,69.6,1.2,1011.9
2006-04-01,13.84,56.5,0.0,1015.4
2006-04-02,12.929999,66.700005,0.0,1014.4
2006-04-03,12.49,62.600002,0.0,1014.0
2006-04-04,10.74,56.5,0.0,1014.5
2006-04-05,9.58,67.700005,1.3000001,1009.2
2006-04-06,6.27,80.700005,3.0,1011.3
2006-04-07,7.17,59.600002,0.0,1015.7
2006-04-08,8.429999,53.8,0.0,1017.3
2006-04-09,11.03,52.7,0.0,1015.5
2006-04-10,15.17,50.0,3.0,1009.60004
2006-04-11,10.099999,84.1,4.9,1006.4
2006-04-12,9.2,65.5,0.0,1006.2
2006-04-13,9.349999,53.3,0.0,1009.3
2006-04-14,11.08,62.8,0.0,1013.0
2006-04-15,12.849999,59.7,0.0,1017.60004
2006-04-16,14.309999,68.1,1.3000001,1011.3
2006-04-17,14.09,64.0,0.0,1011.9
2006-04-18,14.74,65.3,0.0,1012.9
2006-04-19,16.22,54.4,0.0,1011.8
2006-04-20,13.42,76.6,2.0,1015.2
2006-04-21,14.0,75.3,3.1000001,1017.4
2006-04-22,15.87,59.5,0.0,1016.2
2006-04-23,16.859999,53.4,0.0,1015.60004
2006-04-24,17.779999,54.5,0.0,1018.5
2006-04-25,18.609999,54.2,0.0,1018.9
2006-04-26,18.56,57.9,1.0,1016.0
2006-04-27,18.22,63.600002,2.1000001,1012.7
2006-04-28,16.19,80.3,3.3,1010.60004
2006-04-29,15.969999,54.2,0.0,1008.9
2006-04-30,14.349999,53.4,0.0,1012.9
2006-05-01,10.49,83.3,7.1,1015.2
2006-05-02,11.29,84.4,0.0,1021.4
2006-05-03,15.049999,68.9,7.2000003,1024.8
2006-05-04,14.259999,68.200005,0.0,1027.0
2006-05-05,15.58,48.8,0.0,1024.8
2006-05-06,13.48,58.2,1.5,1020.2
2006-05-07,14.009999,68.9,2.0,1018.8
2006-05-08,13.5,77.9,7.4,1016.5
2006-05-09,15.91,64.4,0.0,1013.3
2006-05-10,15.15,63.2,0.0,1010.60004
2006-05-11,15.839999,52.600002,0.0,1014.8
2006-05-12,17.14,51.600002,0.0,1019.3
2006-05-13,18.38,52.7,0.0,1018.7
2006-05-14,18.66,59.600002,1.2,1015.8
2006-05-15,17.56,62.2,0.0,1020.10004
2006-05-16,19.029999,62.4,2.4,1018.10004
2006-05-17,16.779999,81.1,6.5,1016.0
2006-05-18,19.52,62.3,1.9,1017.8
2006-05-19,17.89,76.200005,1.8000001,1012.4
2006-05-20,17.19,73.9,0.0,1009.5
2006-05-21,16.51,73.6,2.6000001,1011.60004
2006-05-22,20.43,65.200005,0.0,1012.7
2006-05-23,21.71,58.2,0.0,1014.3
2006-05-24,14.7,79.3,13.8,1019.10004
2006-05-25,16.82,58.4,0.0,1020.7
2006-05-26,17.24,64.3,6.1,1019.8
2006-05-27,17.91,71.200005,4.9,1017.4
2006-05-28,16.24,84.8,1.3000001,1014.10004
2006-05-29,14.86,70.200005,2.2,1011.9
2006-05-30,12.25,79.700005,9.2,1003.3
2006-05-31,12.13,68.0,0.0,1009.10004
2006-06-01,12.75,61.2,0.0,1017.9
2006-06-02,11.599999,83.200005,20.9,1013.5
2006-06-03,13.809999,79.5,10.3,1013.7
2006-06-04,13.37,81.0,4.8,1012.9
2006-06-05,13.25,63.4,0.0,1018.2
2006-06-06,14.589999,58.600002,0.3,1022.10004
2006-06-07,14.15,71.1,1.8000001,1022.8
2006-06-08,16.18,53.100002,0.0,1024.3
2006-06-09,17.44,52.600002,0.0,1022.60004
2006-06-10,14.15,72.4,6.3,1020.0
2006-06-11,17.13,68.200005,0.0,1026.2001
2006-06-12,20.189999,61.100002,0.0,1025.3
2006-06-13,20.25,57.5,0.0,1021.7
2006-06-14,19.21,57.0,1.3000001,1017.5
2006-06-15,20.32,58.3,0.0,1017.60004
2006-06-16,23.119999,56.600002,0.0,1017.2
2006-06-17,23.99,66.4,0.0,1016.5
2006-06-18,24.789999,63.2,0.0,1017.0
2006-06-19,25.64,64.5,0.0,1015.3
2006-06-20,26.33,61.3,0.0,1015.3
2006-06-21,26.029999,63.600002,0.0,1015.3
2006-06-22,24.99,70.200005,17.300001,1013.0
2006-06-23,22.65,75.8,17.6,1014.8
2006-06-24,24.38,67.8,0.0,1016.60004
2006-06-25,25.65,66.5,0.0,1016.9
2006-06-26,27.619999,64.3,0.0,1015.7
2006-06-27,28.859999,58.7,0.0,1016.0
2006-06-28,26.67,57.4,0.0,1015.8
2006-06-29,23.58,76.5,9.1,1016.7
2006-06-30,20.789999,77.700005,0.1,1018.10004
2006-07-01,19.55,84.6,9.8,1018.4
2006-07-02,19.689999,74.5,0.1,1019.9
2006-07-03,19.699999,65.8,0.0,1021.2
2006-07-04,21.15,64.0,0.0,1022.0
2006-07-05,22.4,59.2,0.0,1023.10004
2006-07-06,23.73,55.600002,0.0,1021.3
2006-07-07,24.779999,54.0,0.0,1016.60004
2006-07-08,24.97,56.9,0.0,1016.2
2006-07-09,24.56,62.100002,3.8,1018.0
2006-07-10,24.9,64.9,0.0,1021.2
2006-07-11,25.82,60.3,0.0,1021.5
2006-07-12,25.689999,56.8,0.0,1019.60004
2006-07-13,25.3,56.8,0.0,1018.10004
2006-07-14,25.269999,60.9,0.8,1017.5
2006-07-15,23.3,48.4,0.0,1021.10004
2006-07-16,20.67,41.9,0.0,1022.8
2006-07-17,20.67,48.8,0.0,1022.7
2006-07-18,23.14,49.5,0.0,1022.3
2006-07-19,25.49,50.0,0.0,1020.8
2006-07-20,26.4,52.9,0.0,1020.8
2006-07-21,27.49,54.0,0.0,1019.3
2006-07-22,27.47,57.9,0.0,1016.5
2006-07-23,26.119999,64.3,0.0,1016.10004
2006-07-24,24.939999,71.1,7.0,1017.2
2006-07-25,26.109999,65.5,0.0,1016.8
2006-07-26,27.269999,59.8,0.0,1016.3
2006-07-27,27.369999,56.0,0.0,1014.8
2006-07-28,27.359999,56.0,0.0,1010.9
2006-07-29,25.97,63.2,5.0,1007.60004
2006-07-30,24.16,70.8,0.0,1010.5
2006-07-31,25.42,61.8,0.0,1012.4
2006-08-01,23.35,74.8,47.4,1009.8
2006-08-02,20.529999,75.8,0.0,1008.7
2006-08-03,19.6,77.9,20.7,1005.60004
2006-08-04,17.69,84.700005,0.2,1005.0
2006-08-05,18.13,73.4,0.0,1009.60004
2006-08-06,17.529999,80.0,3.7,1009.7
2006-08-07,18.32,83.700005,0.0,1005.2
2006-08-08,19.59,75.6,0.0,1005.2
2006-08-09,20.8,62.8,0.0,1009.0
2006-08-10,20.15,63.9,0.0,1009.8
2006-08-11,20.24,58.3,0.0,1008.10004
2006-08-12,17.68,73.8,5.5,1007.8
2006-08-13,17.369999,84.6,0.0,1008.9
2006-08-14,19.0,72.0,0.0,1011.10004
2006-08-15,19.05,65.8,0.0,1014.0
2006-08-16,21.109999,66.8,0.0,1013.5
2006-08-17,23.89,62.4,0.0,1011.3
2006-08-18,25.08,63.2,0.0,1011.7
2006-08-19,24.21,68.9,0.0,1016.3
2006-08-20,24.35,68.9,8.7,1015.8
2006-08-21,20.49,64.3,0.0,1017.0
2006-08-22,18.73,67.8,1.9,1015.2
2006-08-23,18.72,65.9,0.0,1015.4
2006-08-24,19.449999,64.3,0.0,1013.2
2006-08-25,18.35,77.700005,2.7,1009.4
2006-08-26,18.64,67.200005,0.0,1010.0
2006-08-27,19.449999,64.9,8.3,1010.60004
2006-08-28,18.15,70.3,12.0,1009.4
2006-08-29,15.549999,69.8,0.1,1006.3
2006-08-30,13.809999,72.0,0.0,1010.60004
2006-08-31,15.179999,72.1,0.4,1016.7
2006-09-01,17.21,63.4,0.0,1020.0
2006-09-02,18.74,70.700005,0.0,1018.2
2006-09-03,19.89,73.4,0.0,1018.2
2006-09-04,23.73,65.0,0.0,1018.10004
2006-09-05,21.869999,53.0,0.0,1020.0
2006-09-06,19.529999,59.100002,0.0,1020.3
2006-09-07,20.3,71.4,0.0,1017.8
2006-09-08,17.359999,71.3,2.6000001,1018.8
2006-09-09,16.35,59.100002,0.0,1027.3
2006-09-10,16.02,62.5,0.0,1029.8
2006-09-11,16.74,62.7,0.0,1028.1
2006-09-12,17.289999,63.600002,0.0,1025.6
2006-09-13,18.27,58.3,0.0,1023.4
2006-09-14,18.98,59.9,0.0,1018.9
2006-09-15,19.72,53.8,0.0,1015.5
2006-09-16,19.82,58.3,3.6000001,1015.5
2006-09-17,19.359999,70.6,2.5,1014.60004
2006-09-18,19.02,79.1,7.9,1012.2
2006-09-19,17.27,92.700005,6.1,1012.5
2006-09-20,18.76,82.8,0.0,1015.9
2006-09-21,18.869999,72.9,0.0,1020.10004
2006-09-22,17.88,58.600002,0.0,1019.3
2006-09-23,17.67,63.9,0.0,1019.7
2006-09-24,18.84,68.1,0.0,1018.2
2006-09-25,18.56,68.1,0.0,1015.10004
2006-09-26,19.289999,59.100002,0.0,1013.3
2006-09-27,18.939999,65.1,0.0,1013.0
2006-09-28,18.25,70.1,0.0,1011.8
2006-09-29,17.77,72.5,0.0,1013.8
2006-09-30,17.96,73.5,0.0,1016.3
2006-10-01,18.07,74.9,0.0,1016.60004
2006-10-02,18.57,77.4,0.0,1015.7
2006-10-03,20.699999,68.3,0.0,1008.2
2006-10-04,17.699999,65.9,0.3,1010.2
2006-10-05,15.429999,64.3,0.0,1018.10004
2006-10-06,13.559999,62.600002,0.0,1020.9
2006-10-07,12.849999,68.9,0.0,1017.4
2006-10-08,15.07,68.1,0.0,1021.7
2006-10-09,13.16,71.200005,0.0,1024.7001
2006-10-10,13.719999,72.8,0.0,1024.6
2006-10-11,14.009999,72.9,0.0,1022.4
2006-10-12,14.5,68.200005,0.0,1023.7
2006-10-13,13.13,73.5,0.0,1027.6
2006-10-14,13.179999,78.4,0.0,1029.6
2006-10-15,12.059999,74.0,0.0,1025.6
2006-10-16,10.87,57.7,0.0,1024.5
2006-10-17,6.81,66.9,0.0,1025.6
2006-10-18,7.5699997,64.3,0.0,1021.10004
2006-10-19,8.57,62.7,0.0,1015.4
2006-10-20,9.469999,66.1,0.0,1011.5
2006-10-21,13.639999,69.200005,0.1,1010.4
2006-10-22,14.179999,79.9,0.0,1013.2
2006-10-23,16.5,75.700005,0.0,1011.0
2006-10-24,17.39,77.0,7.7000003,1008.0
2006-10-25,14.7,74.1,0.0,1017.2
2006-10-26,15.179999,68.9,0.0,1022.0
2006-10-27,14.179999,72.200005,0.0,1022.3
2006-10-28,15.16,75.200005,0.2,1023.60004
2006-10-29,13.679999,83.3,3.7,1012.10004
2006-10-30,6.43,57.7,0.0,1019.0
2006-10-31,3.1699998,62.2,0.0,1021.4
2006-11-01,3.57,80.6,1.4,1011.3
2006-11-02,2.6499999,54.100002,0.0,1017.7
2006-11-03,0.02,65.4,0.0,1022.8
2006-11-04,0.87,73.200005,1.3000001,1025.8
2006-11-05,7.6299996,77.1,2.1000001,1018.7
2006-11-06,9.559999,77.200005,0.0,1019.8
2006-11-07,9.49,68.700005,0.0,1023.7
2006-11-08,6.3599997,82.0,0.0,1024.8
2006-11-09,8.49,81.5,1.5,1021.7
2006-11-10,7.3599997,60.600002,0.0,1028.6
2006-11-11,5.45,67.200005,1.4,1024.3
2006-11-12,6.94,78.5,6.0,1010.2
2006-11-13,6.3799996,68.700005,0.6,1012.4
2006-11-14,10.389999,73.8,0.0,1014.3
2006-11-15,10.32,79.700005,0.0,1020.5
2006-11-16,8.75,88.0,0.0,1019.2
2006-11-17,12.74,71.9,0.0,1017.7
2006-11-18,12.889999,73.700005,0.0,1020.2
2006-11-19,10.11,81.5,0.0,1023.10004
2006-11-20,8.08,90.3,6.3,1019.3
2006-11-21,8.84,,0.0,1010.10004
2006-11-22,9.49,90.0,0.0,1001.60004
2006-11-23,9.96,90.6,0.0,1006.5
2006-11-24,8.23,90.1,0.0,1017.2
2006-11-25,10.05,83.700005,0.0,1019.8
2006-11-26,9.73,82.4,0.0,1025.0
2006-11-27,9.09,88.6,0.0,1028.0
2006-11-28,8.65,89.5,0.0,1028.0
2006-11-29,5.81,,0.0,1029.7001
2006-11-30,6.99,91.8,0.0,1036.7001
2006-12-01,7.31,89.700005,0.0,1036.0
2006-12-02,6.8999996,78.3,0.0,1030.1
2006-12-03,5.25,84.8,0.0,1022.7
2006-12-04,6.0699997,85.9,0.0,1014.8
2006-12-05,6.83,90.8,0.0,1017.2
2006-12-06,7.83,90.6,0.0,1014.9
2006-12-07,8.48,90.4,0.0,1016.5
2006-12-08,8.87,86.200005,0.0,1013.9
2006-12-09,9.929999,78.9,2.5,1013.0
2006-12-10,7.3399997,80.200005,0.0,1024.3
2006-12-11,4.16,79.700005,0.0,1030.5
2006-12-12,0.0,,0.0,1028.2001
2006-12-13,-0.089999996,,0.0,1032.2001
2006-12-14,-0.79999995,,0.0,1035.4
2006-12-15,-1.48,,0.0,1035.6
2006-12-16,-1.79,,0.0,1030.8
2006-12-17,-0.69,,1.2,1027.4
2006-12-18,2.45,90.4,0.0,1025.0
2006-12-19,3.22,71.1,0.0,1026.8
2006-12-20,1.14,77.8,0.0,1031.5
2006-12-21,2.52,80.8,0.0,1036.9
2006-12-22,3.37,78.4,0.0,1040.8
2006-12-23,1.79,88.0,0.0,1040.4
2006-12-24,2.6299999,84.4,0.0,1036.2001
2006-12-25,2.86,88.6,0.0,1031.5
2006-12-26,-0.26,78.8,0.0,1037.0
2006-12-27,-3.84,,0.0,1035.8
2006-12-28,-4.3199997,,0.0,1029.9
2006-12-29,-0.01,88.8,0.0,1030.1
2006-12-30,-2.52,,0.0,1037.1
2006-12-31,-2.02,,0.0,1034.7001
2007-01-01,1.76,92.8,2.3,1023.0
2007-01-02,4.89,70.700005,0.0,1017.2
2007-01-03,4.4,74.0,0.0,1022.2
2007-01-04,4.23,74.3,0.0,1020.2
2007-01-05,6.45,77.200005,0.0,1018.5
2007-01-06,7.66,75.3,0.0,1023.3
2007-01-07,6.79,79.3,0.0,1020.5
2007-01-08,4.75,86.9,0.0,1019.0
2007-01-09,5.79,88.6,0.0,1020.5
2007-01-10,8.83,81.8,0.0,1024.4
2007-01-11,9.19,78.200005,1.3000001,1019.8
2007-01-12,9.2,62.5,0.0,1017.4
2007-01-13,10.48,59.8,0.0,1022.5
2007-01-14,8.98,68.5,0.0,1025.0
2007-01-15,5.8799996,61.4,0.0,1031.9
2007-01-16,2.55,80.700005,0.0,1026.8
2007-01-17,2.4199998,85.200005,0.0,1025.0
2007-01-18,7.29,79.700005,7.4,1014.5
2007-01-19,9.57,72.8,0.0,1006.60004
2007-01-20,7.98,73.3,0.0,1018.10004
2007-01-21,8.33,75.8,0.0,1014.9
2007-01-22,5.87,71.200005,1.9,1019.5
2007-01-23,4.0099998,91.3,9.8,1010.2
2007-01-24,3.79,82.8,0.1,996.7
2007-01-25,-0.59999996,69.8,0.0,1012.5
2007-01-26,-2.34,75.200005,0.0,1021.9
2007-01-27,-1.9799999,76.700005,0.0,1017.60004
2007-01-28,1.51,71.200005,0.0,1021.3
2007-01-29,5.44,65.700005,0.0,1011.0
2007-01-30,5.56,70.200005,0.0,1018.10004
2007-01-31,5.92,67.200005,0.0,1019.5
2007-02-01,6.42,65.4,0.0,1016.2
2007-02-02,4.65,65.0,1.1,1026.7001
2007-02-03,5.48,73.6,0.0,1021.60004
2007-02-04,4.23,63.0,0.0,1024.5
2007-02-05,4.33,68.200005,0.0,1015.8
2007-02-06,5.25,73.4,5.2000003,1006.4
2007-02-07,5.18,86.6,0.2,1005.10004
2007-02-08,8.139999,79.9,2.6000001,1003.7
2007-02-09,7.29,82.4,2.8,1007.7
2007-02-10,6.72,81.5,0.0,1010.7
2007-02-11,7.1099997,87.1,0.0,1010.7
2007-02-12,8.3,84.8,1.8000001,1005.7
2007-02-13,8.63,81.700005,3.0,1002.3
2007-02-14,8.29,67.8,0.0,1012.2
2007-02-15,6.0099998,83.5,4.2000003,1015.3
2007-02-16,6.69,81.3,0.0,1022.2
2007-02-17,3.87,66.9,0.0,1028.3
2007-02-18,3.85,73.4,0.0,1025.9
2007-02-19,2.2,83.5,0.0,1016.5
2007-02-20,4.3399997,83.8,0.0,1016.2
2007-02-21,4.97,88.200005,5.1,1017.9
2007-02-22,6.91,90.200005,2.2,1014.2
2007-02-23,4.67,82.4,0.0,1016.8
2007-02-24,2.32,71.3,0.0,1019.7
2007-02-25,0.90999997,60.8,2.2,1015.8
2007-02-26,1.1999999,89.3,10.8,1009.9
2007-02-27,4.74,84.4,0.5,1012.5
2007-02-28,6.1099997,85.3,2.1000001,1008.4
2007-03-01,9.559999,80.700005,0.0,1005.0
2007-03-02,8.96,73.700005,1.8000001,1005.5
2007-03-03,6.79,80.5,4.1,1009.7
2007-03-04,7.69,66.3,0.0,1018.8
2007-03-05,5.5299997,66.8,0.0,1026.0
2007-03-06,8.46,59.3,0.0,1024.6
2007-03-07,10.349999,65.200005,0.0,1014.3
2007-03-08,11.66,64.3,0.0,1015.60004
2007-03-09,8.22,90.6,7.1,1023.7
2007-03-10,8.179999,88.700005,0.6,1027.2001
2007-03-11,8.75,65.1,0.0,1032.0
2007-03-12,8.84,62.7,0.0,1029.6
2007-03-13,11.809999,59.0,0.0,1026.5
2007-03-14,12.46,60.2,0.0,1026.0
2007-03-15,10.29,55.100002,0.0,1026.7001
2007-03-16,8.61,59.100002,0.0,1024.0
2007-03-17,10.03,59.100002,0.0,1017.60004
2007-03-18,13.16,52.7,0.0,1008.2
2007-03-19,7.5699997,78.8,1.9,994.5
2007-03-20,7.7599998,79.0,1.8000001,989.10004
2007-03-21,4.5699997,74.200005,0.0,998.7
2007-03-22,6.2,62.9,0.0,1008.2
2007-03-23,7.58,79.3,13.3,998.5
2007-03-24,6.5099998,85.1,1.6,1007.7
2007-03-25,9.84,62.100002,0.0,1020.7
2007-03-26,10.07,47.0,0.0,1023.9
2007-03-27,9.53,46.2,0.0,1023.7
2007-03-28,9.46,53.2,0.0,1022.10004
2007-03-29,8.9,59.4,0.0,1021.5
2007-03-30,9.25,61.7,0.0,1017.3
2007-03-31,11.45,50.8,0.0,1018.3
2007-04-01,11.38,49.3,0.0,1027.5
2007-04-02,11.37,44.7,0.0,1026.5
2007-04-03,11.46,47.4,0.0,1011.8
2007-04-04,11.75,57.2,0.0,1010.10004
2007-04-05,9.469999,41.100002,0.0,1015.7
2007-04-06,13.389999,44.2,0.0,1015.9
2007-04-07,12.679999,50.5,0.0,1019.3
2007-04-08,11.929999,45.100002,0.0,1020.60004
2007-04-09,12.61,50.5,0.0,1017.9
2007-04-10,14.83,47.5,0.0,1017.0
2007-04-11,14.759999,50.9,0.0,1021.60004
2007-04-12,15.2699995,54.8,0.0,1023.4
2007-04-13,16.89,50.600002,0.0,1024.4
2007-04-14,17.4,36.9,0.0,1023.7
2007-04-15,16.65,38.100002,0.0,1023.4
2007-04-16,14.04,37.8,0.0,1023.8
2007-04-17,14.61,43.4,0.0,1018.0
2007-04-18,13.2699995,52.3,0.0,1013.9
2007-04-19,10.849999,43.7,0.0,1019.5
2007-04-20,12.91,46.0,0.0,1015.9
2007-04-21,12.259999,32.7,0.0,1020.7
2007-04-22,12.54,35.5,0.0,1025.4
2007-04-23,13.679999,40.4,0.0,1024.2001
2007-04-24,15.299999,56.8,1.1,1018.0
2007-04-25,14.849999,63.100002,0.0,1019.4
2007-04-26,17.01,54.5,0.0,1023.5
2007-04-27,17.25,52.5,0.0,1023.7
2007-04-28,19.01,42.9,0.0,1019.3
2007-04-29,18.19,48.0,0.0,1013.10004
2007-04-30,14.73,39.9,0.0,1013.5
2007-05-01,12.139999,36.600002,0.0,1014.4
2007-05-02,9.8,33.9,0.0,1019.4
2007-05-03,13.44,37.5,0.0,1015.2
2007-05-04,15.96,54.9,8.8,1012.2
2007-05-05,15.389999,88.4,19.6,1008.5
2007-05-06,16.529999,83.8,0.0,1009.8
2007-05-07,18.06,61.7,0.0,1011.60004
2007-05-08,17.609999,58.4,2.1000001,1011.4
2007-05-09,14.58,67.4,0.90000004,1014.5
2007-05-10,17.119999,67.8,0.0,1016.60004
2007-05-11,20.89,57.8,0.0,1010.7
2007-05-12,17.99,60.8,0.0,1013.7
2007-05-13,20.369999,61.9,0.0,1016.4
2007-05-14,23.5,49.5,0.0,1011.8
2007-05-15,20.73,64.1,6.8,1009.7
2007-05-16,14.54,69.700005,0.0,1013.4
2007-05-17,15.099999,59.3,0.0,1009.4
2007-05-18,15.91,53.9,0.8,1012.5
2007-05-19,18.609999,59.3,0.0,1014.3
2007-05-20,20.82,70.200005,0.0,1016.5
2007-05-21,23.18,61.600002,0.0,1015.8
2007-05-22,24.01,58.100002,0.0,1012.2
2007-05-23,24.72,54.5,1.5,1013.0
2007-05-24,24.81,59.0,0.0,1014.10004
2007-05-25,23.68,63.0,0.0,1011.7
2007-05-26,23.93,59.2,0.0,1007.3
2007-05-27,24.14,56.0,0.1,1002.8
2007-05-28,21.859999,65.200005,3.2,997.10004
2007-05-29,18.09,63.0,0.0,1001.2
2007-05-30,14.98,67.200005,0.0,1010.3
2007-05-31,16.17,77.0,0.2,1014.0
2007-06-01,19.21,66.200005,0.0,1013.3
2007-06-02,19.359999,75.0,0.8,1014.60004
2007-06-03,19.76,74.4,0.0,1017.0
2007-06-04,21.48,67.700005,6.0,1017.60004
2007-06-05,21.619999,73.700005,10.3,1015.0
2007-06-06,20.64,78.3,3.7,1014.5
2007-06-07,22.65,67.6,0.0,1015.5
2007-06-08,23.85,53.3,0.0,1016.2
2007-06-09,24.08,51.9,0.0,1016.0
2007-06-10,23.289999,62.8,2.8,1013.9
2007-06-11,23.31,61.7,0.0,1011.0
2007-06-12,23.23,60.3,0.0,1009.0
2007-06-13,23.35,64.700005,0.0,1008.9
2007-06-14,24.38,63.100002,0.0,1009.7
2007-06-15,26.15,57.9,0.0,1007.7
2007-06-16,23.119999,54.7,0.0,1009.10004
2007-06-17,23.49,54.3,0.0,1011.5
2007-06-18,24.199999,57.5,0.0,1011.2
2007-06-19,25.369999,53.0,0.0,1014.2
2007-06-20,26.32,52.100002,0.0,1014.60004
2007-06-21,26.55,52.9,12.0,1011.4
2007-06-22,23.88,60.8,0.0,1010.9
2007-06-23,22.21,54.100002,0.0,1011.9
2007-06-24,22.84,49.7,0.0,1016.60004
2007-06-25,26.369999,50.4,0.0,1008.10004
2007-06-26,21.3,49.5,0.0,1004.10004
2007-06-27,19.71,48.5,0.0,1007.8
2007-06-28,18.97,47.9,0.0,1013.2
2007-06-29,20.15,46.5,0.0,1016.60004
2007-06-30,20.029999,61.0,0.0,1017.10004
2007-07-01,23.199999,51.2,0.0,1014.7
2007-07-02,26.25,46.9,0.0,1009.8
2007-07-03,23.88,52.3,0.0,1009.7
2007-07-04,19.05,72.700005,6.5,1004.9
2007-07-05,17.98,56.8,1.5,1007.9
2007-07-06,18.98,56.100002,0.0,1010.60004
2007-07-07,22.84,41.100002,0.0,1014.8
2007-07-08,23.609999,44.600002,0.0,1016.8
2007-07-09,25.96,51.4,5.8,1010.10004
2007-07-10,16.109999,78.6,4.2000003,1009.5
2007-07-11,17.3,61.600002,0.0,1011.60004
2007-07-12,17.92,61.9,0.0,1015.5
2007-07-13,20.58,55.3,0.0,1019.10004
2007-07-14,24.15,51.8,0.0,1019.5
2007-07-15,27.17,46.5,0.0,1020.4
2007-07-16,28.47,43.5,0.0,1018.7
2007-07-17,29.3,40.2,0.0,1015.10004
2007-07-18,30.39,40.100002,0.0,1014.3
2007-07-19,30.58,45.7,0.0,1013.7
2007-07-20,32.16,39.100002,0.0,1012.10004
2007-07-21,30.21,40.7,0.0,1011.0
2007-07-22,29.06,41.8,0.0,1008.4
2007-07-23,26.779999,37.4,0.0,1008.5
2007-07-24,25.09,46.4,0.0,1005.3
2007-07-25,21.42,45.7,0.0,1014.10004
2007-07-26,22.64,41.5,0.0,1016.3
2007-07-27,25.599998,38.4,0.0,1014.60004
2007-07-28,26.46,46.3,2.0,1014.7
2007-07-29,24.17,57.2,3.4,1012.60004
2007-07-30,17.34,78.8,2.5,1012.5
2007-07-31,17.99,53.100002,0.0,1016.9
2007-08-01,19.82,47.100002,0.0,1017.10004
2007-08-02,22.369999,45.0,0.0,1016.10004
2007-08-03,21.43,59.2,1.8000001,1015.9
2007-08-04,20.22,55.600002,0.0,1019.2
2007-08-05,22.15,52.4,0.0,1017.2
2007-08-06,24.35,50.9,0.0,1012.5
2007-08-07,24.039999,52.9,0.0,1009.9
2007-08-08,24.63,54.9,0.0,1009.10004
2007-08-09,24.58,57.5,4.5,1007.10004
2007-08-10,23.13,69.700005,9.400001,1007.0
2007-08-11,20.42,80.5,5.8,1007.5
2007-08-12,19.89,85.200005,4.3,1007.3
2007-08-13,22.33,67.200005,0.0,1009.4
2007-08-14,23.63,58.100002,0.0,1012.0
2007-08-15,24.96,55.100002,0.0,1012.7
2007-08-16,26.73,52.2,0.0,1011.2
2007-08-17,25.34,54.4,0.0,1013.3
2007-08-18,22.98,58.9,0.0,1014.9
2007-08-19,23.779999,57.8,32.600002,1011.5
2007-08-20,21.46,76.4,12.0,1007.60004
2007-08-21,20.67,77.700005,5.1,1009.60004
2007-08-22,24.56,69.5,0.0,1012.0
2007-08-23,27.08,62.2,0.0,1015.5
2007-08-24,25.99,60.7,0.0,1020.5
2007-08-25,26.34,51.9,0.0,1022.60004
2007-08-26,24.38,49.9,0.0,1021.7
2007-08-27,23.71,53.4,0.0,1018.10004
2007-08-28,22.07,58.600002,2.2,1015.10004
2007-08-29,17.3,75.9,14.6,1014.9
2007-08-30,16.22,89.9,8.7,1014.8
2007-08-31,18.09,63.2,0.0,1015.8
2007-09-01,18.06,66.0,0.0,1015.9
2007-09-02,16.82,63.8,0.0,1018.3
2007-09-03,17.52,68.0,0.3,1013.0
2007-09-04,13.75,86.9,11.2,1010.9
2007-09-05,9.62,88.1,7.7000003,1010.9
2007-09-06,10.099999,86.4,1.5,1014.10004
2007-09-07,11.5,85.9,0.0,1015.2
2007-09-08,15.91,73.4,0.0,1013.7
2007-09-09,15.969999,67.4,0.0,1012.3
2007-09-10,15.49,67.200005,8.8,1014.3
2007-09-11,13.82,79.200005,0.0,1012.60004
2007-09-12,14.74,70.0,0.0,1018.3
2007-09-13,15.13,69.700005,0.0,1022.10004
2007-09-14,14.7699995,71.1,0.0,1020.7
2007-09-15,15.67,66.3,0.0,1019.4
2007-09-16,15.0,61.0,0.0,1022.7
2007-09-17,18.38,70.3,0.0,1016.0
2007-09-18,19.34,73.9,2.1000001,1010.2
2007-09-19,13.349999,61.2,0.0,1020.60004
2007-09-20,11.7699995,60.5,0.0,1026.2001
2007-09-21,11.969999,64.6,0.0,1028.3
2007-09-22,12.7,66.6,0.0,1027.3
2007-09-23,13.87,64.6,0.0,1026.4
2007-09-24,14.259999,65.6,0.0,1022.2
2007-09-25,15.0,66.4,0.0,1014.9
2007-09-26,14.63,75.6,0.0,1012.0
2007-09-27,15.75,83.5,1.8000001,1009.5
2007-09-28,15.21,85.5,5.2000003,1010.60004
2007-09-29,15.049999,69.700005,0.0,1020.5
2007-09-30,15.15,69.200005,0.0,1025.4
2007-10-01,15.719999,69.3,0.0,1026.7001
2007-10-02,16.32,74.6,0.0,1022.9
2007-10-03,17.13,72.0,0.0,1020.2
2007-10-04,16.41,82.4,0.0,1021.3
2007-10-05,17.57,82.3,1.3000001,1019.2
2007-10-06,14.96,71.700005,0.0,1019.5
2007-10-07,13.41,69.700005,0.0,1021.0
2007-10-08,12.82,73.0,0.0,1023.0
2007-10-09,13.25,67.8,0.0,1024.5
2007-10-10,14.08,56.5,0.0,1023.8
2007-10-11,14.0,65.4,0.0,1023.60004
2007-10-12,12.94,70.1,0.0,1019.10004
2007-10-13,10.809999,58.9,0.0,1021.0
2007-10-14,6.3999996,62.2,0.0,1027.7001
2007-10-15,6.7,62.8,0.0,1027.9
2007-10-16,8.33,61.7,0.0,1026.2001
2007-10-17,9.94,61.0,0.0,1022.8
2007-10-18,9.719999,70.700005,0.0,1018.4
2007-10-19,7.75,61.5,0.0,1020.60004
2007-10-20,5.5899997,61.600002,0.0,1024.9
2007-10-21,6.46,60.2,0.0,1023.3
2007-10-22,9.13,65.6,10.1,1014.3
2007-10-23,9.12,90.6,11.0,1010.3
2007-10-24,8.25,87.700005,9.400001,1017.9
2007-10-25,8.08,92.700005,5.3,1022.2
2007-10-26,9.25,85.4,0.0,1027.9
2007-10-27,11.639999,81.4,0.0,1027.6
2007-10-28,11.45,87.700005,0.90000004,1024.4
2007-10-29,11.42,88.700005,0.0,1019.9
2007-10-30,10.76,86.4,1.4,1017.8
2007-10-31,10.95,88.3,2.6000001,1023.3
2007-11-01,8.4,71.8,0.0,1028.3
2007-11-02,8.309999,79.5,0.0,1027.6
2007-11-03,11.37,75.700005,0.0,1024.1
2007-11-04,10.76,73.1,0.0,1017.5
2007-11-05,6.35,70.5,0.2,1025.3
2007-11-06,2.37,78.700005,1.2,1022.9
2007-11-07,5.42,73.200005,5.9,1018.2
2007-11-08,7.5899997,73.1,0.8,1013.7
2007-11-09,6.49,80.4,10.400001,1007.8
2007-11-10,4.91,68.6,0.1,1007.3
2007-11-11,2.46,79.8,6.6,1005.8
2007-11-12,3.62,69.8,3.8,1009.4
2007-11-13,3.5,72.0,0.0,1011.8
2007-11-14,2.74,78.200005,0.0,1005.8
2007-11-15,2.56,83.5,5.0,1008.0
2007-11-16,1.9,87.200005,0.0,1021.10004
2007-11-17,1.66,82.200005,0.0,1023.10004
2007-11-18,3.1999998,78.0,4.0,1015.0
2007-11-19,4.66,85.1,0.0,1021.7
2007-11-20,3.82,84.4,0.0,1026.3
2007-11-21,2.45,84.4,0.0,1022.5
2007-11-22,4.47,82.3,0.0,1018.9
2007-11-23,7.73,73.6,0.0,1018.2
2007-11-24,7.7,78.700005,0.0,1020.7
2007-11-25,6.54,85.0,4.6,1017.4
2007-11-26,3.9299998,69.1,1.3000001,1015.60004
2007-11-27,1.76,68.4,0.0,1021.8
2007-11-28,-0.049999997,65.0,0.0,1026.9
2007-11-29,-2.53,79.9,0.0,1020.8
2007-11-30,-1.29,83.700005,0.0,1013.5
2007-12-01,3.6299999,78.700005,0.0,1015.2
2007-12-02,2.73,90.9,0.0,1016.4
2007-12-03,6.56,85.700005,10.900001,1000.5
2007-12-04,5.56,67.6,0.0,1010.4
2007-12-05,3.62,69.0,0.0,1023.60004
2007-12-06,0.61,86.4,0.0,1021.60004
2007-12-07,3.4499998,85.9,2.8,1011.3
2007-12-08,5.0099998,89.700005,0.2,1009.0
2007-12-09,3.5,,0.0,1005.9
2007-12-10,5.2,,9.7,1002.8
2007-12-11,5.3399997,88.9,4.9,1010.5
2007-12-12,5.5899997,89.700005,0.0,1021.4
2007-12-13,2.99,68.5,0.0,1027.8
2007-12-14,-0.42999998,68.200005,0.0,1028.4
2007-12-15,-1.38,79.4,1.6,1030.9
2007-12-16,-0.17999999,80.4,0.0,1033.6
2007-12-17,-1.81,73.700005,0.0,1038.8
2007-12-18,-2.18,80.6,0.0,1037.8
2007-12-19,-4.92,90.1,0.0,1039.1
2007-12-20,-3.0,85.9,0.0,1039.2001
2007-12-21,-3.4299998,84.200005,0.0,1038.0
2007-12-22,-5.2599998,90.8,0.0,1035.9
2007-12-23,-4.99,88.0,0.0,1033.5
2007-12-24,-4.17,89.4,0.0,1032.2001
2007-12-25,-3.1299999,85.700005,0.0,1031.3
2007-12-26,-3.79,84.700005,0.0,1032.8
2007-12-27,-3.1899998,85.700005,0.0,1038.8
2007-12-28,-4.46,88.9,0.0,1040.0
2007-12-29,-4.93,90.4,0.0,1034.0
2007-12-30,-5.81,87.8,0.0,1028.8
2007-12-31,-4.65,90.0,2.0,1028.3
2008-01-01,-3.56,88.9,4.0,1024.7001
2008-01-02,-0.65,82.4,0.0,1024.3
2008-01-03,-5.33,82.8,0.0,1026.9
2008-01-04,-6.2999997,84.0,0.0,1032.0
2008-01-05,-5.6099997,72.700005,0.0,1029.7001
2008-01-06,-0.96,89.3,11.5,1019.10004
2008-01-07,-0.38,,2.2,1022.10004
2008-01-08,-0.5,,0.0,1027.2001
2008-01-09,-1.37,,0.0,1028.7001
2008-01-10,-0.13,,0.0,1027.6
2008-01-11,-0.42,90.8,0.0,1024.7001
2008-01-12,2.49,83.8,0.0,1018.0
2008-01-13,2.77,80.8,0.0,1022.2
2008-01-14,2.59,78.200005,0.0,1022.4
2008-01-15,1.88,92.200005,0.0,1022.10004
2008-01-16,2.2,88.5,0.0,1015.4
2008-01-17,3.4199998,83.4,0.0,1018.7
2008-01-18,3.08,91.5,2.8,1022.5
2008-01-19,4.23,91.200005,4.0,1025.6
2008-01-20,9.58,75.3,0.0,1024.6
2008-01-21,7.99,74.4,0.0,1017.9
2008-01-22,4.62,77.9,0.0,1010.2
2008-01-23,2.37,57.9,0.0,1029.8
2008-01-24,0.45,72.3,0.0,1034.7001
2008-01-25,1.4699999,74.4,0.0,1035.7001
2008-01-26,3.3899999,67.700005,0.0,1031.3
2008-01-27,6.64,69.3,1.8000001,1017.0
2008-01-28,3.58,50.3,0.0,1029.5
2008-01-29,0.38,73.4,0.0,1031.5
2008-01-30,3.53,64.4,0.0,1026.8
2008-01-31,3.46,70.5,0.0,1022.7
2008-02-01,2.51,79.3,0.0,1016.7
2008-02-02,6.2,71.6,0.2,1014.9
2008-02-03,4.7999997,70.700005,0.0,1027.9
2008-02-04,5.81,82.8,0.0,1021.0
2008-02-05,5.97,84.4,0.0,1022.0
2008-02-06,4.27,89.700005,0.0,1024.4
2008-02-07,6.15,68.200005,0.0,1028.5
2008-02-08,4.7999997,64.0,0.0,1037.0
2008-02-09,4.2999997,62.8,0.0,1037.9
2008-02-10,2.98,66.200005,0.0,1036.6
2008-02-11,-0.31,80.5,0.0,1038.0
2008-02-12,-1.39,83.0,0.0,1038.8
2008-02-13,-0.41,74.700005,0.0,1035.4
2008-02-14,1.61,78.200005,0.0,1031.8
2008-02-15,1.31,54.4,0.0,1029.9
2008-02-16,-2.84,43.8,0.0,1037.4
2008-02-17,-3.99,38.3,0.0,1042.4
2008-02-18,2.12,40.2,0.0,1027.2001
2008-02-19,6.16,62.100002,0.0,1024.1
2008-02-20,3.58,69.0,0.0,1025.5
2008-02-21,4.88,67.5,0.0,1026.1
2008-02-22,9.09,57.600002,0.0,1025.7001
2008-02-23,10.37,59.600002,0.0,1024.5
2008-02-24,9.719999,59.100002,0.0,1027.0
2008-02-25,10.29,57.600002,0.0,1021.4
2008-02-26,10.04,59.4,0.0,1019.0
2008-02-27,9.929999,53.5,0.0,1014.8
2008-02-28,8.139999,48.600002,0.0,1023.10004
2008-02-29,7.0099998,68.9,0.2,1019.2
2008-03-01,9.28,66.6,3.7,1000.3
2008-03-02,9.429999,59.600002,5.3,1003.0
2008-03-03,10.96,65.4,5.8,1008.5
2008-03-04,6.47,59.100002,0.0,1010.7
2008-03-05,5.0099998,51.9,0.0,1017.8
2008-03-06,3.27,49.9,0.0,1025.9
2008-03-07,6.1,47.7,0.90000004,1017.60004
2008-03-08,6.1099997,66.0,1.8000001,1009.10004
2008-03-09,7.54,70.9,0.0,1010.9
2008-03-10,9.04,67.0,0.0,1007.10004
2008-03-11,8.3,73.700005,1.8000001,1002.3
2008-03-12,7.21,84.8,4.8,1004.0
2008-03-13,8.559999,51.4,0.0,1010.9
2008-03-14,7.25,69.200005,1.6,1013.60004
2008-03-15,8.5199995,52.9,0.0,1014.7
2008-03-16,11.04,62.100002,1.5,1006.0
2008-03-17,9.98,66.200005,1.0,1002.60004
2008-03-18,4.81,49.9,0.0,1007.4
2008-03-19,4.18,53.5,0.0,1010.8
2008-03-20,3.21,63.3,0.0,1011.0
2008-03-21,5.0899997,51.4,8.7,996.5
2008-03-22,4.6,75.200005,11.2,991.0
2008-03-23,6.0299997,73.4,14.900001,995.3
2008-03-24,3.7099998,78.3,0.0,989.8
2008-03-25,3.29,56.100002,0.0,996.10004
2008-03-26,3.9599998,48.2,0.0,1004.9
2008-03-27,6.62,59.5,0.0,1005.8
2008-03-28,9.639999,57.600002,0.0,1013.5
2008-03-29,9.679999,59.5,0.0,1020.60004
2008-03-30,9.82,53.4,0.0,1021.8
2008-03-31,10.25,54.0,0.0,1018.0
2008-04-01,10.2699995,51.7,0.0,1017.2
2008-04-02,9.75,59.9,0.0,1014.5
2008-04-03,9.34,62.8,0.0,1015.3
2008-04-04,10.73,50.8,0.0,1017.9
2008-04-05,9.5199995,64.3,0.2,1011.0
2008-04-06,9.889999,68.6,0.0,1003.2
2008-04-07,8.55,72.1,3.6000001,1003.10004
2008-04-08,7.2799997,60.7,0.0,1009.60004
2008-04-09,13.559999,62.8,0.0,1003.5
2008-04-10,16.369999,58.7,0.0,1001.2
2008-04-11,17.81,59.3,0.0,1001.9
2008-04-12,13.32,57.2,0.0,1006.5
2008-04-13,12.11,46.7,0.0,1015.4
2008-04-14,11.16,66.6,1.3000001,1015.7
2008-04-15,12.0,68.5,8.5,1008.8
2008-04-16,9.969999,67.700005,0.0,1010.4
2008-04-17,9.33,69.8,1.7,1010.4
2008-04-18,13.429999,69.4,0.0,1003.5
2008-04-19,13.63,68.200005,1.2,1001.5
2008-04-20,15.139999,56.5,0.0,1007.4
2008-04-21,15.92,62.100002,4.3,1004.60004
2008-04-22,14.16,68.8,1.1,1002.10004
2008-04-23,11.099999,82.200005,4.4,1012.10004
2008-04-24,12.2,59.100002,0.0,1022.7
2008-04-25,12.08,57.3,0.0,1023.5
2008-04-26,13.5,54.8,0.0,1024.5
2008-04-27,15.25,39.9,0.0,1022.60004
2008-04-28,14.78,42.600002,0.0,1014.3
2008-04-29,14.33,51.2,0.0,1006.60004
2008-04-30,14.29,68.5,1.2,1008.5
2008-05-01,15.2699995,65.1,6.0,1013.0
2008-05-02,15.809999,53.8,0.0,1019.0
2008-05-03,14.639999,54.2,0.2,1021.5
2008-05-04,13.65,61.8,0.0,1020.9
2008-05-05,13.23,78.0,9.900001,1021.7
2008-05-06,15.12,65.3,0.0,1020.9
2008-05-07,15.61,48.5,0.0,1020.0
2008-05-08,15.73,48.100002,0.0,1017.5
2008-05-09,15.5,56.5,0.0,1017.7
2008-05-10,15.71,46.600002,0.0,1020.7
2008-05-11,15.24,43.9,0.0,1020.9
2008-05-12,16.82,50.3,0.0,1018.2
2008-05-13,18.529999,50.600002,0.0,1015.9
2008-05-14,17.46,60.100002,1.8000001,1014.0
2008-05-15,17.949999,59.0,0.0,1011.5
2008-05-16,18.89,59.9,0.0,1009.60004
2008-05-17,20.029999,59.100002,0.0,1009.3
2008-05-18,19.92,63.3,0.4,1006.8
2008-05-19,20.31,62.4,5.9,1006.2
2008-05-20,16.449999,81.3,16.300001,1007.7
2008-05-21,15.259999,76.1,0.0,1011.5
2008-05-22,15.75,68.0,0.0,1011.5
2008-05-23,16.71,64.9,0.0,1011.8
2008-05-24,18.23,62.8,0.0,1012.4
2008-05-25,19.15,63.2,0.0,1014.2
2008-05-26,18.699999,56.600002,0.0,1017.4
2008-05-27,22.68,58.2,0.0,1014.4
2008-05-28,23.779999,56.9,0.0,1014.10004
2008-05-29,19.289999,34.3,0.0,1017.60004
2008-05-30,22.08,50.0,0.0,1013.9
2008-05-31,23.939999,56.4,0.0,1012.7
2008-06-01,22.449999,63.4,3.5,1013.8
2008-06-02,22.869999,43.3,0.0,1015.3
2008-06-03,22.3,49.0,0.0,1013.10004
2008-06-04,20.279999,63.9,9.5,1010.3
2008-06-05,19.67,68.200005,0.0,1009.9
2008-06-06,18.97,67.200005,4.6,1010.8
2008-06-07,17.38,82.8,19.4,1012.0
2008-06-08,18.51,77.700005,6.1,1014.7
2008-06-09,20.16,70.1,0.0,1018.60004
2008-06-10,22.74,59.600002,0.0,1018.60004
2008-06-11,21.449999,69.4,2.7,1013.10004
2008-06-12,19.539999,70.5,0.0,1009.2
2008-06-13,17.539999,60.4,0.0,1007.7
2008-06-14,16.75,58.7,7.3,1011.7
2008-06-15,15.03,74.0,0.0,1011.60004
2008-06-16,17.85,64.9,0.0,1011.9
2008-06-17,19.92,68.4,18.9,1012.5
2008-06-18,18.26,86.700005,11.5,1014.10004
2008-06-19,20.859999,65.9,0.0,1015.9
2008-06-20,23.22,57.5,0.0,1017.4
2008-06-21,24.38,55.7,0.0,1019.9
2008-06-22,25.63,59.8,0.0,1019.9
2008-06-23,26.949999,54.5,0.0,1016.4
2008-06-24,26.439999,57.100002,1.3000001,1015.7
2008-06-25,25.279999,59.5,5.6,1016.5
2008-06-26,25.029999,63.0,4.7000003,1017.7
2008-06-27,23.33,66.1,0.0,1016.3
2008-06-28,22.89,49.7,0.0,1019.0
2008-06-29,23.97,54.0,0.0,1018.9
2008-06-30,21.98,72.6,1.5,1017.8
2008-07-01,23.199999,62.600002,0.0,1017.5
2008-07-02,24.289999,52.600002,0.0,1015.0
2008-07-03,25.14,47.3,1.9,1012.2
2008-07-04,22.76,58.2,0.0,1009.7
2008-07-05,21.01,47.9,0.0,1012.10004
2008-07-06,22.34,45.4,3.7,1012.9
2008-07-07,23.41,61.5,21.800001,1008.7
2008-07-08,18.89,66.1,1.6,1012.8
2008-07-09,19.41,55.3,0.0,1015.7
2008-07-10,20.32,57.8,0.0,1016.4
2008-07-11,23.4,57.4,0.0,1015.0
2008-07-12,25.939999,48.0,0.0,1011.7
2008-07-13,26.17,49.9,2.3,1009.9
2008-07-14,18.939999,79.4,21.5,1013.7
2008-07-15,18.01,70.3,1.2,1019.5
2008-07-16,21.359999,59.600002,0.0,1017.5
2008-07-17,22.6,63.8,13.5,1012.3
2008-07-18,18.35,74.0,0.0,1013.2
2008-07-19,20.859999,59.7,0.0,1015.2
2008-07-20,22.15,65.1,10.0,1013.0
2008-07-21,19.57,60.5,0.0,1013.7
2008-07-22,16.75,63.0,7.4,1015.9
2008-07-23,14.849999,86.0,21.6,1009.7
2008-07-24,18.3,83.3,7.1,1008.9
2008-07-25,20.98,75.3,0.1,1008.0
2008-07-26,22.89,66.200005,0.0,1009.3
2008-07-27,24.689999,55.7,0.0,1013.3
2008-07-28,23.82,54.100002,0.0,1016.4
2008-07-29,24.24,54.0,0.0,1016.9
2008-07-30,24.3,60.7,0.0,1018.5
2008-07-31,24.199999,61.8,0.0,1019.10004
2008-08-01,24.22,61.600002,0.0,1018.10004
2008-08-02,25.32,59.600002,0.0,1016.9
2008-08-03,25.01,61.4,0.0,1015.7
2008-08-04,25.15,61.0,2.4,1012.10004
2008-08-05,21.76,66.1,0.0,1013.8
2008-08-06,21.32,54.0,0.0,1016.7
2008-08-07,21.97,54.2,0.0,1014.2
2008-08-08,23.6,56.4,12.3,1008.60004
2008-08-09,18.869999,74.0,2.5,1010.2
2008-08-10,18.77,57.5,0.0,1013.5
2008-08-11,20.34,60.3,0.0,1012.2
2008-08-12,23.56,53.7,0.0,1008.4
2008-08-13,24.939999,55.5,0.0,1011.8
2008-08-14,26.25,59.7,0.0,1013.9
2008-08-15,27.199999,56.8,0.0,1005.4
2008-08-16,18.39,68.0,0.0,1006.4
2008-08-17,17.77,59.0,0.0,1012.9
2008-08-18,19.449999,55.8,0.0,1017.10004
2008-08-19,21.789999,49.7,0.0,1016.8
2008-08-20,22.91,52.100002,0.0,1014.7
2008-08-21,23.57,47.5,0.0,1018.4
2008-08-22,24.869999,48.600002,0.0,1014.60004
2008-08-23,21.35,59.2,8.3,1009.9
2008-08-24,18.0,65.4,0.0,1012.2
2008-08-25,18.24,57.600002,0.0,1018.0
2008-08-26,20.15,56.9,0.0,1021.4
2008-08-27,21.32,56.7,0.0,1021.0
2008-08-28,22.25,59.100002,0.0,1017.10004
2008-08-29,21.76,56.3,0.0,1014.0
2008-08-30,19.92,47.0,0.0,1017.9
2008-08-31,17.55,49.7,0.0,1021.7
2008-09-01,18.449999,51.5,0.0,1019.4
2008-09-02,20.22,52.600002,0.0,1015.9
2008-09-03,22.25,53.5,0.0,1012.5
2008-09-04,23.96,51.5,0.0,1011.2
2008-09-05,23.89,51.5,0.0,1012.10004
2008-09-06,26.23,47.5,0.0,1010.7
2008-09-07,26.16,49.0,9.2,1010.5
2008-09-08,19.13,73.1,6.0,1016.2
2008-09-09,19.13,62.7,0.0,1020.60004
2008-09-10,19.88,61.7,0.0,1018.5
2008-09-11,21.029999,67.5,0.7,1013.4
2008-09-12,20.279999,66.6,0.0,1009.4
2008-09-13,15.15,54.2,0.0,1014.0
2008-09-14,12.05,55.100002,6.5,1018.60004
2008-09-15,9.92,89.9,17.1,1012.3
2008-09-16,10.719999,86.700005,4.1,1011.2
2008-09-17,10.13,75.6,0.0,1017.8
2008-09-18,10.76,70.9,0.0,1022.0
2008-09-19,10.4,71.4,0.0,1020.2
2008-09-20,10.969999,70.200005,0.0,1019.60004
2008-09-21,11.16,72.8,0.0,1017.60004
2008-09-22,12.219999,71.9,0.0,1015.10004
2008-09-23,12.08,71.700005,0.0,1015.10004
2008-09-24,12.92,72.9,2.5,1017.8
2008-09-25,12.3,76.3,4.3,1021.0
2008-09-26,13.009999,58.2,0.0,1026.0
2008-09-27,13.73,58.3,0.0,1027.9
2008-09-28,13.33,65.0,0.0,1024.7001
2008-09-29,12.28,63.9,0.0,1019.2
2008-09-30,13.28,65.6,0.0,1014.9
2008-10-01,15.009999,66.5,0.0,1010.7
2008-10-02,15.44,72.6,0.0,1009.7
2008-10-03,15.17,77.200005,2.4,1007.7
2008-10-04,10.44,80.1,6.9,1010.10004
2008-10-05,9.78,66.6,0.0,1014.8
2008-10-06,11.67,70.700005,0.0,1015.9
2008-10-07,14.88,74.4,0.0,1018.0
2008-10-08,15.07,75.200005,0.0,1019.60004
2008-10-09,15.36,76.3,0.0,1027.0
2008-10-10,15.0,77.4,0.0,1032.6
2008-10-11,14.219999,79.4,0.0,1033.0
2008-10-12,13.63,78.1,0.0,1029.3
2008-10-13,13.58,78.0,0.0,1024.6
2008-10-14,14.03,77.0,0.0,1021.4
2008-10-15,16.09,77.4,0.0,1019.2
2008-10-16,15.95,72.1,1.5,1013.3
2008-10-17,11.05,60.3,0.0,1016.60004
2008-10-18,8.88,63.5,0.0,1024.9
2008-10-19,8.78,70.3,0.0,1025.8
2008-10-20,9.66,75.8,0.0,1024.9
2008-10-21,11.639999,72.9,0.0,1020.60004
2008-10-22,12.91,74.200005,0.0,1019.60004
2008-10-23,10.75,79.5,0.7,1025.3
2008-10-24,9.13,76.200005,0.0,1028.8
2008-10-25,8.36,77.200005,0.0,1031.7001
2008-10-26,8.76,73.5,0.0,1028.8
2008-10-27,9.349999,73.0,0.0,1017.5
2008-10-28,11.32,71.700005,0.0,1012.7
2008-10-29,12.91,76.200005,4.8,1008.8
2008-10-30,13.88,78.4,4.2000003,1003.10004
2008-10-31,13.13,68.3,0.0,1014.7
2008-11-01,13.799999,76.200005,0.0,1013.7
2008-11-02,14.19,83.4,0.0,1017.9
2008-11-03,13.46,85.8,0.0,1020.9
2008-11-04,12.599999,87.4,0.0,1022.8
2008-11-05,14.599999,78.0,0.0,1020.60004
2008-11-06,13.62,80.8,0.0,1018.9
2008-11-07,13.71,71.8,0.0,1019.3
2008-11-08,12.099999,75.5,1.9,1024.3
2008-11-09,10.24,85.200005,0.0,1030.2001
2008-11-10,8.97,68.6,0.0,1031.7001
2008-11-11,7.25,72.4,0.0,1024.9
2008-11-12,7.1299996,75.6,0.0,1021.60004
2008-11-13,7.9199996,79.9,0.0,1023.4
2008-11-14,9.74,70.9,0.0,1026.9
2008-11-15,7.68,75.5,0.0,1028.8
2008-11-16,5.72,81.4,0.0,1025.1
2008-11-17,6.7,65.1,0.0,1024.1
2008-11-18,2.97,64.5,0.0,1022.2
2008-11-19,2.76,77.6,0.0,1017.5
2008-11-20,6.6499996,62.5,0.0,1011.10004
2008-11-21,6.2599998,78.700005,6.5,998.9
2008-11-22,1.13,66.200005,0.0,994.9
2008-11-23,0.19,68.200005,0.0,1002.60004
2008-11-24,0.48,68.8,5.5,1001.9
2008-11-25,1.5899999,87.1,0.0,1007.4
2008-11-26,1.09,71.0,0.0,1022.3
2008-11-27,2.3999999,66.9,0.0,1026.4
2008-11-28,0.59999996,76.5,6.4,1020.0
2008-11-29,2.69,89.200005,5.3,1006.5
2008-11-30,4.42,90.9,5.1,1010.4
2008-12-01,7.6299996,83.700005,3.9,1007.9
2008-12-02,7.1499996,78.9,3.9,1011.8
2008-12-03,6.42,88.1,0.1,1008.9
2008-12-04,5.39,92.4,5.5,1006.5
2008-12-05,6.75,84.9,7.6,1002.5
2008-12-06,7.5,80.3,0.1,1008.10004
2008-12-07,4.71,75.3,0.0,1015.5
2008-12-08,3.83,70.200005,0.0,1022.60004
2008-12-09,1.65,80.6,0.0,1022.2
2008-12-10,0.95,82.5,0.0,1019.60004
2008-12-11,4.11,67.0,0.0,1016.10004
2008-12-12,5.1,60.9,0.0,1016.0
2008-12-13,4.61,70.700005,0.0,1015.8
2008-12-14,4.66,86.700005,0.0,1017.4
2008-12-15,6.15,79.200005,0.0,1022.2
2008-12-16,6.48,78.8,0.90000004,1021.5
2008-12-17,6.96,84.1,13.7,1013.5
2008-12-18,7.1299996,,14.6,1011.3
2008-12-19,3.1899998,87.4,6.1,1014.2
2008-12-20,4.27,76.8,1.0,1020.7
2008-12-21,5.0299997,66.5,0.0,1023.0
2008-12-22,5.08,77.1,0.0,1025.2001
2008-12-23,5.43,61.2,0.0,1024.2001
2008-12-24,1.4699999,65.6,1.1,1026.9
2008-12-25,0.58,69.4,0.0,1028.0
2008-12-26,0.14,67.9,0.0,1036.4
2008-12-27,-0.69,67.5,0.0,1035.9
2008-12-28,-4.21,76.200005,0.0,1036.7001
2008-12-29,-6.24,90.700005,0.0,1040.0
2008-12-30,-5.0299997,87.6,0.0,1043.1
2008-12-31,-6.42,86.6,0.0,1037.5
2009-01-01,-6.25,84.700005,0.0,1027.2001
2009-01-02,-4.0499997,78.1,0.0,1025.7001
2009-01-03,-4.46,73.9,0.0,1027.3
2009-01-04,-4.95,82.0,0.0,1020.5
2009-01-05,-3.56,72.700005,0.0,1018.7
2009-01-06,-3.9099998,72.3,0.0,1023.7
2009-01-07,-4.83,76.1,0.0,1021.9
2009-01-08,-4.14,64.3,0.0,1030.3
2009-01-09,-6.8399997,71.6,0.0,1035.7001
2009-01-10,-8.54,83.6,0.0,1035.2001
2009-01-11,-6.94,86.700005,0.0,1040.0
2009-01-12,-5.12,77.6,0.0,1038.7001
2009-01-13,-6.2799997,86.5,0.0,1029.2001
2009-01-14,-2.23,83.3,1.3000001,1017.9
2009-01-15,0.29,87.0,1.1,1019.4
2009-01-16,0.65,82.5,0.0,1024.4
2009-01-17,-2.27,87.4,0.0,1026.4
2009-01-18,-2.6299999,,0.0,1017.5
2009-01-19,2.8899999,76.4,0.0,1010.7
2009-01-20,3.4499998,85.700005,0.0,1006.9
2009-01-21,3.51,90.700005,11.1,1007.5
2009-01-22,3.23,92.4,3.4,1006.9
2009-01-23,2.06,93.4,1.2,996.2
2009-01-24,3.34,83.5,0.0,991.10004
2009-01-25,3.27,81.1,0.0,1000.0
2009-01-26,2.69,77.700005,0.0,1005.5
2009-01-27,2.78,87.9,7.4,1008.8
2009-01-28,4.2799997,90.1,11.2,1007.5
2009-01-29,3.9199998,82.4,1.8000001,1012.9
2009-01-30,2.45,68.3,0.0,1020.10004
2009-01-31,1.04,72.9,0.0,1017.9
2009-02-01,0.22999999,86.5,0.0,1017.3
2009-02-02,3.02,77.200005,3.0,1018.60004
2009-02-03,3.31,89.3,7.5,1010.2
2009-02-04,5.2,91.8,1.6,1001.4
2009-02-05,5.0499997,90.1,0.0,1004.60004
2009-02-06,6.75,83.1,0.0,1002.60004
2009-02-07,6.39,86.0,0.2,996.60004
2009-02-08,7.44,85.200005,4.1,992.5
2009-02-09,1.9599999,80.0,1.4,1006.60004
2009-02-10,0.48,80.0,3.3,1006.4
2009-02-11,2.6399999,74.8,0.0,1003.7
2009-02-12,1.3399999,58.7,0.0,1006.4
2009-02-13,-0.65999997,68.1,0.0,1008.4
2009-02-14,0.08,69.6,0.0,1011.7
2009-02-15,-0.35999998,64.6,0.0,1020.2
2009-02-16,-1.25,76.8,2.0,1020.7
2009-02-17,-0.26,90.6,5.1,1011.4
2009-02-18,-2.6699998,73.5,0.0,1017.8
2009-02-19,-3.21,64.200005,0.0,1021.2
2009-02-20,-2.55,72.9,0.0,1025.5
2009-02-21,-1.14,75.3,0.0,1026.4
2009-02-22,-2.87,64.700005,1.0,1024.0
2009-02-23,-1.56,89.1,3.5,1015.5
2009-02-24,-0.65999997,84.6,1.1,1020.2
2009-02-25,1.4399999,72.8,0.0,1027.9
2009-02-26,2.56,72.5,0.0,1021.3
2009-02-27,3.9299998,74.0,1.8000001,1014.4
2009-02-28,5.13,81.5,0.0,1017.2
2009-03-01,4.25,82.200005,0.0,1017.5
2009-03-02,4.41,69.6,0.0,1016.7
2009-03-03,5.5,68.9,0.0,1016.60004
2009-03-04,6.73,83.700005,0.0,1008.4
2009-03-05,7.7799997,85.700005,12.5,991.0
2009-03-06,8.67,83.9,0.0,991.60004
2009-03-07,6.89,77.4,0.0,996.7
2009-03-08,6.18,61.600002,0.0,1005.60004
2009-03-09,6.7,67.9,0.1,1005.4
2009-03-10,5.5,62.0,0.0,1013.7
2009-03-11,4.54,71.0,0.90000004,1012.3
2009-03-12,5.24,64.5,2.3,1019.0
2009-03-13,5.23,78.200005,1.4,1014.60004
2009-03-14,4.81,61.7,0.0,1021.5
2009-03-15,5.08,77.3,1.6,1022.60004
2009-03-16,7.8599997,66.6,0.0,1025.9
2009-03-17,6.52,62.7,0.6,1027.0
2009-03-18,4.83,58.7,0.0,1020.60004
2009-03-19,3.53,52.5,0.0,1018.8
2009-03-20,2.36,64.9,0.0,1023.8
2009-03-21,3.76,51.0,0.0,1023.7
2009-03-22,4.7999997,54.0,0.0,1016.5
2009-03-23,8.559999,54.8,1.8000001,1007.5
2009-03-24,5.4,68.700005,0.0,999.10004
2009-03-25,1.8399999,47.7,0.0,1006.8
2009-03-26,3.84,53.100002,0.0,1010.10004
2009-03-27,6.83,59.100002,0.0,1010.2
2009-03-28,11.86,49.2,0.0,1009.0
2009-03-29,11.219999,73.8,10.6,1008.0
2009-03-30,10.32,79.3,0.0,1013.7
2009-03-31,11.679999,67.700005,0.0,1021.60004
2009-04-01,12.53,56.7,0.0,1019.9
2009-04-02,13.83,43.7,0.0,1021.60004
2009-04-03,14.309999,52.9,0.0,1021.8
2009-04-04,15.349999,55.7,0.0,1018.9
2009-04-05,16.66,48.600002,0.0,1018.4
2009-04-06,16.97,44.5,0.0,1015.9
2009-04-07,16.06,49.600002,0.0,1014.0
2009-04-08,16.49,48.2,0.0,1015.9
2009-04-09,16.75,47.7,0.0,1017.0
2009-04-10,17.279999,48.0,0.0,1014.2
2009-04-11,17.4,48.600002,0.0,1012.10004
2009-04-12,16.68,52.100002,0.0,1011.4
2009-04-13,15.17,49.3,0.0,1009.8
2009-04-14,13.03,63.100002,0.6,1008.8
2009-04-15,14.969999,61.100002,0.0,1012.7
2009-04-16,16.17,44.8,0.0,1013.5
2009-04-17,13.969999,66.700005,1.5,1010.3
2009-04-18,13.92,64.3,0.0,1014.4
2009-04-19,16.21,54.5,0.0,1019.9
2009-04-20,17.67,43.100002,0.0,1020.7
2009-04-21,17.19,33.4,0.0,1018.0
2009-04-22,15.71,44.8,0.0,1015.9
2009-04-23,12.559999,61.9,0.0,1017.4
2009-04-24,15.179999,53.0,0.0,1020.2
2009-04-25,14.79,36.9,0.0,1021.60004
2009-04-26,13.23,44.9,0.0,1022.7
2009-04-27,14.82,39.0,0.0,1017.9
2009-04-28,15.86,38.3,0.0,1011.7
2009-04-29,16.6,37.9,0.0,1009.4
2009-04-30,17.66,43.8,0.0,1008.9
2009-05-01,18.48,38.100002,0.0,1011.5
2009-05-02,12.679999,48.5,0.0,1019.8
2009-05-03,16.71,45.7,0.0,1020.9
2009-05-04,15.91,49.8,0.0,1016.10004
2009-05-05,14.15,51.2,0.0,1017.5
2009-05-06,13.469999,57.0,0.0,1016.8
2009-05-07,15.849999,51.8,0.0,1018.0
2009-05-08,17.64,46.3,0.0,1019.5
2009-05-09,19.109999,48.8,0.0,1020.10004
2009-05-10,20.76,54.8,0.0,1018.60004
2009-05-11,21.64,52.4,0.0,1014.8
2009-05-12,18.38,57.2,0.0,1016.3
2009-05-13,12.599999,53.600002,0.0,1020.60004
2009-05-14,10.26,75.9,1.1,1016.60004
2009-05-15,16.91,59.7,0.0,1012.60004
2009-05-16,19.22,62.7,0.0,1014.2
2009-05-17,20.42,56.600002,0.0,1018.60004
2009-05-18,23.26,46.4,0.0,1017.2
2009-05-19,21.699999,58.5,1.3000001,1018.7
2009-05-20,21.279999,54.3,0.0,1020.4
2009-05-21,21.97,50.5,0.0,1018.0
2009-05-22,23.189999,50.7,0.0,1013.60004
2009-05-23,19.49,44.600002,0.0,1018.7
2009-05-24,17.43,49.2,0.0,1020.0
2009-05-25,22.07,51.4,0.0,1017.10004
2009-05-26,22.74,39.7,0.5,1015.8
2009-05-27,19.75,59.4,1.5,1017.9
2009-05-28,16.71,59.5,0.0,1021.5
2009-05-29,12.45,55.3,0.0,1020.9
2009-05-30,10.889999,72.8,1.3000001,1021.10004
2009-05-31,10.59,85.0,12.0,1020.0
2009-06-01,14.71,76.4,0.0,1016.4
2009-06-02,16.109999,63.2,0.0,1010.7
2009-06-03,17.25,49.8,0.0,1007.0
2009-06-04,14.86,48.5,0.0,1011.8
2009-06-05,14.61,75.1,2.5,1011.3
2009-06-06,21.76,63.0,0.0,1005.10004
2009-06-07,18.539999,74.700005,12.5,1007.3
2009-06-08,19.43,72.5,0.0,1013.60004
2009-06-09,22.67,59.100002,0.0,1013.7
2009-06-10,22.23,60.3,1.1,1015.7
2009-06-11,20.08,69.5,3.9,1013.9
2009-06-12,16.69,53.2,0.0,1017.10004
2009-06-13,16.84,46.100002,0.0,1019.3
2009-06-14,19.57,41.2,0.0,1020.10004
2009-06-15,22.82,52.600002,0.0,1018.10004
2009-06-16,22.72,59.0,1.0,1016.60004
2009-06-17,20.359999,52.0,0.0,1023.0
2009-06-18,21.27,49.9,0.0,1020.4
2009-06-19,24.84,48.3,0.0,1014.9
2009-06-20,17.42,70.9,3.7,1014.10004
2009-06-21,13.98,84.1,1.7,1015.2
2009-06-22,14.7699995,90.9,21.800001,1009.4
2009-06-23,17.699999,84.0,6.8,1008.4
2009-06-24,19.41,78.5,5.8,1008.10004
2009-06-25,20.279999,73.700005,3.0,1007.4
2009-06-26,18.92,84.700005,4.6,1007.8
2009-06-27,20.029999,79.0,0.0,1009.60004
2009-06-28,19.33,87.1,20.4,1011.3
2009-06-29,21.59,75.0,0.0,1014.10004
2009-06-30,23.99,63.5,0.0,1015.3
2009-07-01,24.24,62.600002,0.1,1017.10004
2009-07-02,23.289999,67.9,0.0,1015.5
2009-07-03,23.08,69.9,9.7,1010.9
2009-07-04,23.68,65.8,0.0,1008.2
2009-07-05,23.57,63.5,0.0,1007.3
2009-07-06,23.699999,62.5,2.3,1007.60004
2009-07-07,23.029999,65.700005,0.0,1008.10004
2009-07-08,19.75,63.8,0.0,1010.0
2009-07-09,19.64,54.5,0.0,1014.7
2009-07-10,16.89,71.200005,3.6000001,1014.5
2009-07-11,18.46,59.3,0.0,1014.9
2009-07-12,19.98,50.0,0.0,1014.9
2009-07-13,22.13,57.7,0.0,1015.2
2009-07-14,25.43,56.4,0.0,1015.9
2009-07-15,27.58,54.9,0.0,1017.5
2009-07-16,27.15,55.7,0.0,1018.10004
2009-07-17,26.949999,57.3,0.0,1013.60004
2009-07-18,22.91,69.200005,13.0,1006.60004
2009-07-19,18.88,61.4,0.0,1015.5
2009-07-20,20.01,60.100002,0.0,1020.4
2009-07-21,23.71,56.7,0.0,1018.60004
2009-07-22,25.91,49.4,0.0,1014.8
2009-07-23,26.9,50.600002,0.0,1010.9
2009-07-24,25.84,49.8,1.8000001,1013.8
2009-07-25,20.96,59.600002,0.0,1016.60004
2009-07-26,19.92,53.4,0.0,1021.10004
2009-07-27,20.88,51.4,0.0,1019.4
2009-07-28,23.35,49.5,0.0,1017.7
2009-07-29,24.8,54.2,0.0,1019.0
2009-07-30,25.869999,50.600002,0.0,1017.5
2009-07-31,25.68,46.8,0.0,1018.0
2009-08-01,25.66,50.4,0.0,1016.60004
2009-08-02,27.789999,47.5,0.0,1012.3
2009-08-03,26.3,50.100002,2.4,1012.2
2009-08-04,24.189999,61.600002,1.3000001,1011.5
2009-08-05,20.49,84.700005,11.0,1016.0
2009-08-06,22.43,73.1,0.0,1016.0
2009-08-07,23.72,57.2,0.0,1016.5
2009-08-08,22.88,49.600002,0.0,1017.5
2009-08-09,22.6,47.4,0.0,1018.3
2009-08-10,23.1,48.5,2.1000001,1017.5
2009-08-11,20.38,75.700005,1.5,1015.5
2009-08-12,22.029999,63.7,0.0,1016.9
2009-08-13,22.05,65.5,0.1,1014.9
2009-08-14,19.46,77.9,2.5,1017.3
2009-08-15,20.57,63.7,0.0,1020.60004
2009-08-16,22.869999,58.600002,0.0,1019.0
2009-08-17,24.58,56.9,0.0,1015.7
2009-08-18,24.89,54.5,0.0,1017.0
2009-08-19,22.73,46.600002,0.0,1023.0
2009-08-20,22.71,49.3,0.0,1024.6
2009-08-21,23.47,48.8,0.0,1019.9
2009-08-22,23.769999,58.9,12.2,1016.9
2009-08-23,20.07,77.700005,0.4,1019.4
2009-08-24,18.77,67.5,0.0,1018.10004
2009-08-25,21.43,64.5,0.0,1016.7
2009-08-26,24.1,56.9,0.0,1017.10004
2009-08-27,25.039999,56.4,0.0,1016.8
2009-08-28,25.39,56.100002,0.0,1013.9
2009-08-29,20.43,71.0,2.3,1014.4
2009-08-30,19.199999,52.4,0.0,1020.8
2009-08-31,18.52,52.4,0.0,1022.60004
2009-09-01,20.39,47.7,0.0,1020.0
2009-09-02,21.93,49.2,0.0,1015.4
2009-09-03,24.25,53.4,0.0,1009.60004
2009-09-04,21.35,58.2,10.8,1009.5
2009-09-05,16.14,65.4,0.0,1018.3
2009-09-06,16.64,57.600002,0.0,1022.4
2009-09-07,17.08,57.7,0.0,1024.6
2009-09-08,17.75,57.0,0.0,1025.1
2009-09-09,20.039999,53.3,0.0,1023.4
2009-09-10,21.369999,51.7,0.0,1021.3
2009-09-11,21.949999,50.100002,0.0,1019.0
2009-09-12,22.08,49.100002,0.0,1016.4
2009-09-13,19.27,56.7,0.0,1014.4
2009-09-14,18.57,65.700005,1.6,1015.5
2009-09-15,20.52,62.3,0.0,1017.7
2009-09-16,21.32,58.100002,0.0,1015.2
2009-09-17,18.279999,81.8,6.3,1013.3
2009-09-18,19.43,75.6,0.0,1017.4
2009-09-19,17.97,60.100002,0.0,1019.4
2009-09-20,17.66,60.5,0.0,1020.0
2009-09-21,18.19,62.0,0.0,1022.4
2009-09-22,18.85,60.7,0.0,1024.7001
2009-09-23,19.24,59.9,0.0,1024.7001
2009-09-24,19.59,61.100002,0.0,1020.3
2009-09-25,18.48,61.8,0.0,1021.3
2009-09-26,16.699999,56.9,0.0,1026.4
2009-09-27,16.33,61.600002,0.0,1026.8
2009-09-28,17.46,60.8,0.0,1021.7
2009-09-29,18.09,57.8,0.0,1015.7
2009-09-30,16.88,64.3,0.0,1016.7
2009-10-01,16.89,64.1,0.1,1012.9
2009-10-02,14.99,53.4,0.0,1014.7
2009-10-03,12.3,60.600002,0.0,1017.5
2009-10-04,12.889999,57.7,0.0,1015.5
2009-10-05,14.5,59.3,0.0,1019.10004
2009-10-06,18.48,59.9,0.0,1018.7
2009-10-07,19.8,68.200005,0.0,1018.8
2009-10-08,19.52,69.8,0.0,1015.2
2009-10-09,18.46,66.9,0.0,1017.2
2009-10-10,15.799999,60.600002,13.900001,1015.7
2009-10-11,13.7,82.200005,4.7000003,1012.60004
2009-10-12,10.469999,86.4,16.0,1006.2
2009-10-13,7.97,61.100002,0.0,1007.8
2009-10-14,4.5699997,74.0,2.2,1012.3
2009-10-15,3.6599998,81.1,0.0,1017.2
2009-10-16,5.25,71.5,0.0,1018.60004
2009-10-17,5.8599997,81.0,0.0,1017.0
2009-10-18,4.12,83.8,0.0,1018.7
2009-10-19,6.0499997,77.6,1.8000001,1018.0
2009-10-20,6.25,87.9,0.0,1016.5
2009-10-21,7.73,82.5,0.0,1016.2
2009-10-22,13.34,69.3,3.5,1010.3
2009-10-23,13.889999,90.6,1.3000001,1009.7
2009-10-24,13.2,85.9,0.0,1013.4
2009-10-25,12.5199995,81.200005,0.0,1018.8
2009-10-26,12.759999,91.700005,0.2,1020.0
2009-10-27,12.49,76.1,0.0,1020.0
2009-10-28,11.08,74.3,0.0,1020.10004
2009-10-29,8.69,79.200005,0.0,1020.60004
2009-10-30,6.49,66.8,0.0,1028.4
2009-10-31,3.62,76.200005,0.0,1030.0
2009-11-01,2.1499999,78.1,0.0,1026.1
2009-11-02,3.57,70.1,0.0,1015.3
2009-11-03,2.73,64.9,0.0,1005.2
2009-11-04,3.3,73.4,3.9,1003.7
2009-11-05,4.56,87.3,2.3,1008.0
2009-11-06,6.33,86.5,2.7,1012.3
2009-11-07,7.73,92.3,0.0,1008.10004
2009-11-08,9.61,,18.2,1004.60004
2009-11-09,10.2699995,93.1,6.3,1007.9
2009-11-10,8.59,,27.1,1003.5
2009-11-11,5.3199997,88.3,9.5,1001.7
2009-11-12,7.44,75.1,0.0,1011.60004
2009-11-13,7.3999996,80.1,0.0,1020.0
2009-11-14,6.97,89.200005,0.0,1020.8
2009-11-15,10.32,80.200005,0.0,1017.10004
2009-11-16,7.8399997,91.3,0.0,1017.10004
2009-11-17,9.42,,0.0,1018.9
2009-11-18,9.55,91.3,1.1,1023.10004
2009-11-19,9.54,82.4,0.0,1027.0
2009-11-20,5.7599998,,0.0,1029.6
2009-11-21,5.9,,0.0,1029.5
2009-11-22,5.7599998,93.700005,0.0,1022.7
2009-11-23,5.95,92.5,0.0,1019.0
2009-11-24,6.33,92.3,0.90000004,1017.2
2009-11-25,10.5,79.1,0.0,1018.5
2009-11-26,7.0699997,89.8,0.0,1017.2
2009-11-27,8.9,89.700005,1.7,1015.3
2009-11-28,7.1499996,90.200005,1.4,1015.10004
2009-11-29,5.89,86.6,0.0,1016.2
2009-11-30,8.349999,79.700005,0.0,1008.9
2009-12-01,9.599999,85.8,6.1,1006.0
2009-12-02,5.33,80.8,0.0,1015.8
2009-12-03,3.79,91.3,0.0,1014.5
2009-12-04,5.87,92.700005,0.0,1011.10004
2009-12-05,5.22,87.8,0.0,1016.60004
2009-12-06,4.56,86.0,0.0,1020.0
2009-12-07,4.47,92.200005,0.0,1019.8
2009-12-08,4.19,,17.6,1015.5
2009-12-09,6.22,86.4,0.0,1018.7
2009-12-10,4.98,82.5,1.5,1023.3
2009-12-11,3.86,90.700005,0.0,1017.4
2009-12-12,2.8999999,64.3,0.0,1018.5
2009-12-13,-0.42,67.8,0.0,1020.7
2009-12-14,-1.66,70.0,0.0,1022.0
2009-12-15,-1.64,62.600002,0.0,1015.3
2009-12-16,-2.48,82.4,2.5,1008.60004
2009-12-17,-4.85,70.6,0.0,1006.4
2009-12-18,-6.56,76.200005,0.0,1007.2
2009-12-19,-8.38,86.700005,5.5,1004.8
2009-12-20,-10.09,73.5,0.0,1007.9
2009-12-21,-10.8,73.3,0.0,1016.2
2009-12-22,-0.83,81.5,5.1,1008.3
2009-12-23,4.06,90.8,4.5,1002.2
2009-12-24,5.0899997,92.4,4.4,1005.3
2009-12-25,10.28,87.200005,6.7000003,997.8
2009-12-26,5.17,62.0,0.0,1012.0
2009-12-27,2.3,71.9,0.0,1007.9
2009-12-28,2.7,70.1,0.0,1006.8
2009-12-29,1.5899999,74.1,2.2,1010.9
2009-12-30,2.47,,1.6,1002.8
2009-12-31,4.38,,6.7000003,997.60004
2010-01-01,4.65,92.5,0.0,991.7
2010-01-02,1.81,83.0,0.1,1002.9
2010-01-03,-1.7199999,70.8,0.0,1015.8
2010-01-04,-5.66,74.3,0.0,1021.10004
2010-01-05,-3.83,83.3,4.0,1013.4
2010-01-06,-0.72999996,91.6,3.0,1002.5
2010-01-07,-0.84999996,88.6,0.5,1012.5
2010-01-08,0.69,,10.5,1012.9
2010-01-09,6.0299997,92.700005,6.6,1004.2
2010-01-10,3.37,93.1,0.0,1007.5
2010-01-11,1.27,74.3,0.0,1014.8
2010-01-12,-0.16,78.8,0.0,1017.2
2010-01-13,-0.17999999,82.200005,0.0,1015.8
2010-01-14,0.42,81.3,0.0,1017.2
2010-01-15,-0.64,86.200005,0.0,1025.3
2010-01-16,-2.85,90.700005,0.0,1031.3
2010-01-17,-1.35,90.4,1.8000001,1026.4
2010-01-18,-1.05,91.5,1.9,1025.6
2010-01-19,-0.84,90.8,0.0,1023.10004
2010-01-20,-0.53,91.4,2.4,1017.60004
2010-01-21,-2.6599998,87.0,0.0,1021.8
2010-01-22,-3.03,80.0,0.0,1027.3
2010-01-23,-4.0,74.6,0.0,1030.3
2010-01-24,-6.3399997,79.9,0.0,1033.0
2010-01-25,-7.56,75.6,0.0,1037.0
2010-01-26,-5.47,65.8,0.0,1035.5
2010-01-27,-8.849999,70.1,0.0,1028.4
2010-01-28,-8.5199995,81.3,0.0,1007.9
2010-01-29,-3.9399998,76.5,4.5,999.4
2010-01-30,-1.39,90.0,10.7,994.5
2010-01-31,-1.63,86.0,1.8000001,1000.3
2010-02-01,-3.9199998,70.3,0.0,1011.10004
2010-02-02,-5.5899997,80.200005,0.0,1018.7
2010-02-03,-4.85,82.3,0.5,1016.5
2010-02-04,-3.01,77.700005,0.0,1025.2001
2010-02-05,-2.95,78.5,0.0,1023.0
2010-02-06,-0.07,72.9,6.0,1013.7
2010-02-07,-1.3,86.0,1.3000001,1015.10004
2010-02-08,-4.62,69.1,0.0,1012.9
2010-02-09,-4.91,74.6,0.0,1011.3
2010-02-10,-1.1,78.3,3.8,1005.8
2010-02-11,1.31,,3.0,1000.3
2010-02-12,0.52,92.5,2.0,1006.60004
2010-02-13,0.26,78.200005,0.0,1005.3
2010-02-14,0.26,71.9,0.0,1010.8
2010-02-15,0.0,78.8,0.0,1009.8
2010-02-16,-1.66,85.1,0.0,1011.2
2010-02-17,1.3399999,78.700005,0.0,1006.3
2010-02-18,2.5,92.3,0.90000004,1004.3
2010-02-19,3.32,,12.3,1001.60004
2010-02-20,3.6499999,87.700005,3.8,994.3
2010-02-21,2.98,69.5,0.0,1005.7
2010-02-22,3.53,72.9,0.0,1007.60004
2010-02-23,6.79,82.0,1.0,1003.2
2010-02-24,6.66,92.4,0.6,1004.0
2010-02-25,7.14,87.700005,0.0,1007.10004
2010-02-26,6.37,,12.0,1003.4
2010-02-27,5.96,72.9,1.5,1007.3
2010-02-28,4.98,69.700005,0.0,1006.3
2010-03-01,8.07,74.6,0.0,1009.7
2010-03-02,6.16,60.2,0.4,1018.60004
2010-03-03,4.8599997,62.4,0.0,1021.8
2010-03-04,2.73,64.200005,0.0,1013.10004
2010-03-05,1.04,51.3,0.0,1014.3
2010-03-06,-1.43,49.8,0.0,1017.8
2010-03-07,-1.8199999,71.8,0.0,1026.9
2010-03-08,-1.3199999,57.0,0.0,1024.4
2010-03-09,-0.32,45.7,0.0,1023.0
2010-03-10,0.88,49.0,2.4,1023.3
2010-03-11,0.28,,5.6,1013.9
2010-03-12,1.51,74.6,0.0,1013.2
2010-03-13,4.06,71.5,0.0,1016.7
2010-03-14,5.73,62.3,0.0,1016.0
2010-03-15,3.97,49.600002,1.7,1017.10004
2010-03-16,3.82,67.200005,0.0,1019.5
2010-03-17,4.48,62.4,0.0,1029.2001
2010-03-18,7.99,60.3,0.0,1028.3
2010-03-19,9.74,59.7,0.0,1026.1
2010-03-20,11.15,62.600002,0.0,1020.8
2010-03-21,12.87,65.700005,0.0,1017.8
2010-03-22,12.34,80.3,0.5,1021.4
2010-03-23,10.67,79.3,0.0,1021.8
2010-03-24,11.58,70.0,0.0,1020.4
2010-03-25,14.88,57.5,0.0,1019.60004
2010-03-26,15.92,62.4,0.0,1015.2
2010-03-27,12.03,59.0,0.0,1009.4
2010-03-28,11.12,54.2,0.0,1010.8
2010-03-29,12.33,56.5,0.0,1013.3
2010-03-30,14.259999,48.4,4.7000003,1007.5
2010-03-31,10.41,78.9,1.1,1005.10004
2010-04-01,10.38,61.9,0.0,1012.5
2010-04-02,7.48,69.8,0.0,1017.10004
2010-04-03,9.41,53.7,0.0,1019.3
2010-04-04,12.04,54.3,0.0,1018.7
2010-04-05,9.84,81.1,7.0,1016.4
2010-04-06,9.03,72.700005,0.2,1021.10004
2010-04-07,10.36,64.1,0.0,1023.2
2010-04-08,12.12,65.200005,0.0,1024.2001
2010-04-09,13.889999,57.3,0.0,1023.60004
2010-04-10,10.01,61.600002,1.7,1020.3
2010-04-11,8.46,69.3,1.2,1016.8
2010-04-12,8.67,89.5,11.6,1015.10004
2010-04-13,10.08,92.200005,6.8,1014.10004
2010-04-14,11.38,84.700005,2.5,1010.0
2010-04-15,8.72,89.700005,4.2000003,1011.4
2010-04-16,11.28,78.4,0.0,1014.3
2010-04-17,11.2699995,66.4,0.0,1019.5
2010-04-18,12.5199995,63.600002,4.3,1018.7
2010-04-19,13.04,83.6,2.0,1011.2
2010-04-20,14.71,61.5,0.0,1011.9
2010-04-21,14.04,53.8,0.0,1012.0
2010-04-22,9.719999,45.5,0.0,1017.10004
2010-04-23,10.34,61.3,0.0,1018.0
2010-04-24,15.38,54.7,0.0,1019.7
2010-04-25,16.99,53.8,0.0,1023.8
2010-04-26,16.699999,55.100002,0.0,1024.0
2010-04-27,15.82,65.0,0.0,1024.2001
2010-04-28,14.98,58.8,0.0,1024.8
2010-04-29,15.0199995,58.100002,0.0,1021.8
2010-04-30,17.51,57.7,0.0,1014.0
2010-05-01,18.71,63.0,0.0,1010.4
2010-05-02,17.539999,71.200005,0.0,1010.8
2010-05-03,18.63,71.3,1.6,1010.2
2010-05-04,20.13,68.6,0.0,1011.5
2010-05-05,20.15,75.0,5.0,1009.4
2010-05-06,17.99,76.4,5.4,1003.60004
2010-05-07,15.73,71.1,0.0,1006.0
2010-05-08,14.589999,75.700005,3.1000001,1009.4
2010-05-09,14.66,80.1,0.0,1009.3
2010-05-10,15.349999,72.9,0.0,1008.10004
2010-05-11,16.97,74.200005,3.1000001,1009.2
2010-05-12,15.74,90.8,3.0,1007.8
2010-05-13,15.61,88.700005,6.1,1005.5
2010-05-14,15.179999,82.4,1.4,1006.0
2010-05-15,13.34,90.4,42.100002,999.4
2010-05-16,9.559999,91.8,17.1,997.8
2010-05-17,9.03,80.3,1.3000001,1006.9
2010-05-18,10.19,76.5,1.8000001,1012.10004
2010-05-19,10.8,73.5,0.0,1017.2
2010-05-20,13.28,80.8,2.6000001,1019.7
2010-05-21,16.13,81.3,3.2,1018.0
2010-05-22,18.02,68.1,3.9,1015.7
2010-05-23,17.92,69.1,0.0,1015.3
2010-05-24,18.56,70.4,9.7,1012.4
2010-05-25,17.289999,84.0,12.7,1011.3
2010-05-26,18.26,82.700005,2.6000001,1009.5
2010-05-27,19.05,76.1,0.2,1008.4
2010-05-28,19.939999,71.0,0.0,1012.5
2010-05-29,19.06,75.200005,0.4,1016.10004
2010-05-30,17.41,86.3,16.9,1010.9
2010-05-31,14.049999,80.4,23.7,1004.10004
2010-06-01,12.0199995,,11.0,1002.2
2010-06-02,13.16,90.6,5.0,1004.3
2010-06-03,14.32,85.700005,6.6,1010.3
2010-06-04,16.91,88.200005,1.2,1012.0
2010-06-05,19.359999,70.3,0.0,1020.2
2010-06-06,19.789999,65.3,0.0,1017.9
2010-06-07,21.23,68.1,0.0,1012.8
2010-06-08,23.519999,66.9,0.0,1011.4
2010-06-09,24.74,67.4,0.0,1012.2
2010-06-10,25.599998,65.700005,0.0,1012.5
2010-06-11,26.43,61.5,0.0,1010.0
2010-06-12,26.39,63.4,0.0,1008.3
2010-06-13,25.71,66.1,0.0,1009.7
2010-06-14,21.93,75.6,9.900001,1010.8
2010-06-15,20.68,71.4,3.1000001,1016.8
2010-06-16,18.35,83.5,14.900001,1015.4
2010-06-17,20.46,66.8,0.3,1016.2
2010-06-18,18.199999,86.4,32.3,1009.0
2010-06-19,18.5,75.700005,0.0,1003.3
2010-06-20,18.41,83.5,9.0,1003.4
2010-06-21,18.029999,83.3,5.0,1006.60004
2010-06-22,14.88,86.4,8.8,1010.7
2010-06-23,18.33,60.8,0.0,1013.9
2010-06-24,18.85,57.100002,0.0,1013.60004
2010-06-25,17.52,70.3,0.0,1011.4
2010-06-26,16.68,83.5,0.1,1012.10004
2010-06-27,20.189999,76.6,0.0,1015.2
2010-06-28,22.869999,66.6,1.4,1016.2
2010-06-29,23.949999,65.8,0.0,1015.2
2010-06-30,24.51,63.0,0.0,1014.9
2010-07-01,24.82,62.9,0.0,1015.2
2010-07-02,24.9,63.3,0.0,1016.5
2010-07-03,24.1,68.0,0.0,1015.5
2010-07-04,21.92,58.7,0.0,1016.3
2010-07-05,21.58,69.4,0.4,1014.10004
2010-07-06,21.27,72.6,2.8,1014.3
2010-07-07,18.539999,63.2,0.0,1018.7
2010-07-08,20.39,59.600002,0.0,1020.9
2010-07-09,22.199999,57.8,0.0,1021.7
2010-07-10,24.019999,58.3,0.0,1020.5
2010-07-11,26.039999,60.9,0.0,1017.9
2010-07-12,26.59,64.0,0.0,1014.5
2010-07-13,27.41,64.1,0.0,1010.60004
2010-07-14,28.13,56.3,0.0,1010.7
2010-07-15,27.92,64.0,0.6,1012.5
2010-07-16,28.109999,65.700005,0.0,1016.4
2010-07-17,28.539999,63.9,0.2,1015.3
2010-07-18,23.07,75.3,0.0,1017.60004
2010-07-19,23.18,72.4,0.0,1019.0
2010-07-20,25.18,70.3,0.2,1015.9
2010-07-21,26.289999,67.4,0.0,1012.5
2010-07-22,27.57,65.4,0.0,1012.4
2010-07-23,27.88,64.6,0.0,1011.10004
2010-07-24,22.1,67.9,6.9,1007.60004
2010-07-25,16.14,88.1,13.6,1008.2
2010-07-26,16.82,87.6,2.8,1010.5
2010-07-27,19.5,74.8,0.8,1011.3
2010-07-28,20.22,68.8,0.1,1011.8
2010-07-29,22.59,63.7,0.0,1010.7
2010-07-30,20.939999,75.9,7.3,1011.9
2010-07-31,21.23,80.700005,0.0,1015.4
2010-08-01,23.25,70.3,0.0,1015.9
2010-08-02,23.74,66.1,0.0,1015.2
2010-08-03,23.06,75.200005,5.6,1010.10004
2010-08-04,20.93,77.3,0.0,1009.2
2010-08-05,21.789999,74.700005,0.0,1008.0
2010-08-06,21.0,87.8,24.800001,1008.7
2010-08-07,18.85,83.8,0.0,1014.7
2010-08-08,19.38,80.5,0.0,1017.5
2010-08-09,20.05,75.6,0.0,1017.4
2010-08-10,21.17,70.6,0.0,1017.4
2010-08-11,22.59,69.5,0.0,1016.7
2010-08-12,23.75,68.0,0.0,1015.0
2010-08-13,24.9,72.4,7.1,1014.5
2010-08-14,24.09,77.9,0.0,1016.3
2010-08-15,25.519999,81.0,3.1000001,1014.60004
2010-08-16,21.13,86.700005,10.6,1013.0
2010-08-17,20.27,71.200005,0.0,1013.3
2010-08-18,20.449999,69.0,0.0,1013.10004
2010-08-19,21.869999,68.1,0.0,1016.0
2010-08-20,20.779999,59.600002,0.0,1023.10004
2010-08-21,21.6,63.5,0.0,1025.1
2010-08-22,22.18,70.4,0.0,1020.8
2010-08-23,22.769999,65.8,0.0,1013.5
2010-08-24,22.109999,71.0,0.0,1010.60004
2010-08-25,20.9,61.7,0.0,1016.3
2010-08-26,21.33,69.3,0.0,1016.4
2010-08-27,22.67,73.1,7.3,1008.0
2010-08-28,17.98,84.0,2.0,1008.9
2010-08-29,15.98,65.8,0.0,1014.7
2010-08-30,13.599999,80.9,3.6000001,1011.10004
2010-08-31,11.679999,87.3,10.900001,1005.4
2010-09-01,14.4,69.5,0.0,1008.4
2010-09-02,15.53,70.1,0.0,1014.9
2010-09-03,15.559999,75.1,0.0,1019.4
2010-09-04,14.41,87.6,2.1000001,1018.9
2010-09-05,13.59,76.5,0.0,1019.3
2010-09-06,12.71,77.4,0.0,1019.9
2010-09-07,12.38,85.4,4.4,1016.9
2010-09-08,14.12,91.4,13.2,1013.4
2010-09-09,16.26,88.700005,0.0,1015.60004
2010-09-10,15.54,,49.5,1018.0
2010-09-11,16.289999,,9.900001,1018.9
2010-09-12,17.93,87.6,0.0,1019.3
2010-09-13,17.699999,86.4,0.0,1019.10004
2010-09-14,17.65,78.4,0.0,1021.10004
2010-09-15,18.279999,77.5,0.0,1016.60004
2010-09-16,16.71,83.5,5.6,1014.10004
2010-09-17,14.719999,,20.300001,1013.7
2010-09-18,14.929999,83.0,7.1,1016.8
2010-09-19,13.49,85.5,0.2,1016.2
2010-09-20,12.82,74.700005,0.0,1021.10004
2010-09-21,13.299999,77.3,0.0,1022.8
2010-09-22,14.79,78.5,0.0,1024.1
2010-09-23,15.5,76.200005,0.0,1021.5
2010-09-24,17.039999,69.5,0.0,1012.2
2010-09-25,17.13,75.1,7.7000003,1003.5
2010-09-26,14.309999,92.700005,8.5,1000.9
2010-09-27,13.259999,76.6,0.0,1010.10004
2010-09-28,13.549999,74.8,0.0,1012.60004
2010-09-29,12.42,72.6,0.0,1014.5
2010-09-30,9.99,67.9,0.0,1017.0
2010-10-01,9.0,79.0,0.0,1019.3
2010-10-02,10.96,79.4,0.0,1022.60004
2010-10-03,11.389999,74.700005,0.0,1023.0
2010-10-04,11.08,84.3,4.8,1019.10004
2010-10-05,10.17,,16.4,1017.0
2010-10-06,11.429999,84.200005,0.0,1020.7
2010-10-07,11.28,83.5,0.0,1027.0
2010-10-08,8.94,77.1,0.0,1029.4
2010-10-09,8.11,73.9,0.0,1024.1
2010-10-10,9.22,70.200005,0.0,1016.5
2010-10-11,8.98,76.200005,0.0,1016.3
2010-10-12,9.04,73.6,0.0,1016.7
2010-10-13,8.74,77.0,0.0,1015.8
2010-10-14,8.8,77.0,0.0,1012.60004
2010-10-15,9.059999,74.0,0.0,1011.10004
2010-10-16,9.73,76.200005,0.0,1010.8
2010-10-17,9.73,79.0,1.7,1014.5
2010-10-18,9.42,89.1,0.3,1015.8
2010-10-19,9.98,77.4,0.0,1007.9
2010-10-20,8.929999,74.700005,0.0,1007.60004
2010-10-21,6.91,63.7,0.0,1022.60004
2010-10-22,6.0099998,66.4,0.0,1026.7001
2010-10-23,7.3599997,71.0,0.0,1020.10004
2010-10-24,10.429999,77.200005,0.0,1013.5
2010-10-25,10.179999,87.0,6.5,1012.4
2010-10-26,6.2599998,86.200005,3.0,1021.8
2010-10-27,4.45,72.1,0.0,1028.4
2010-10-28,3.31,76.0,0.0,1027.4
2010-10-29,4.23,75.0,0.0,1024.5
2010-10-30,5.41,78.200005,0.0,1020.0
2010-10-31,7.0099998,75.5,0.0,1018.7
2010-11-01,8.22,73.3,0.0,1017.4
2010-11-02,8.96,72.9,0.0,1017.10004
2010-11-03,10.389999,76.8,1.0,1019.60004
2010-11-04,11.0,86.1,0.0,1026.1
2010-11-05,12.08,82.200005,0.0,1023.8
2010-11-06,11.53,79.9,0.0,1015.9
2010-11-07,10.0199995,84.1,0.0,1006.9
2010-11-08,10.9,88.8,4.6,991.0
2010-11-09,11.41,83.0,3.2,988.5
2010-11-10,10.08,91.4,1.9,996.2
2010-11-11,7.94,82.9,0.0,1010.60004
2010-11-12,9.139999,78.6,0.0,1006.7
2010-11-13,11.2699995,81.6,0.0,1010.10004
2010-11-14,12.139999,77.700005,0.0,1012.5
2010-11-15,13.12,75.8,0.0,1014.2
2010-11-16,10.75,85.700005,0.0,1013.4
2010-11-17,12.28,81.6,2.6000001,1009.2
2010-11-18,10.13,91.6,0.0,1012.2
2010-11-19,8.309999,,0.90000004,1017.8
2010-11-20,6.92,86.9,0.0,1019.7
2010-11-21,8.3,90.700005,2.3,1014.0
2010-11-22,9.09,91.700005,20.300001,1001.10004
2010-11-23,6.54,73.9,0.0,998.9
2010-11-24,4.68,65.700005,0.0,1004.5
2010-11-25,3.04,81.8,0.0,1008.4
2010-11-26,2.1399999,86.3,13.6,1003.4
2010-11-27,0.78,87.700005,0.0,1005.5
2010-11-28,0.26999998,90.3,18.0,1009.9
2010-11-29,2.54,83.8,0.0,999.8
2010-11-30,0.28,73.6,0.0,1014.60004
2010-12-01,-1.0,85.6,8.3,1006.4
2010-12-02,0.51,,2.9,1009.5
2010-12-03,0.14,93.0,3.7,1009.3
2010-12-04,-2.36,82.8,0.0,1019.5
2010-12-05,-3.4099998,82.200005,0.0,1020.9
2010-12-06,3.22,82.4,2.9,1008.8
2010-12-07,7.9199996,89.3,1.3000001,1006.10004
2010-12-08,9.01,92.1,2.1000001,1006.5
2010-12-09,4.33,78.700005,0.0,1008.4
2010-12-10,-0.07,60.7,0.0,1018.9
2010-12-11,-1.8,82.1,1.8000001,1017.0
2010-12-12,2.35,85.4,1.1,1005.7
2010-12-13,-0.11,69.1,0.0,1010.0
2010-12-14,-3.9299998,77.200005,0.0,1016.2
2010-12-15,-3.03,83.6,0.0,1018.3
2010-12-16,-6.21,88.8,0.0,1016.7
2010-12-17,-8.0199995,87.8,0.0,1006.5
2010-12-18,-6.79,86.5,1.8000001,1004.5
2010-12-19,-9.0,84.3,0.0,1013.10004
2010-12-20,-2.59,81.700005,0.0,1010.3
2010-12-21,-2.04,,0.0,1014.4
2010-12-22,1.15,,0.0,1012.4
2010-12-23,4.39,,3.7,1008.0
2010-12-24,7.44,,1.5,999.3
2010-12-25,2.52,90.700005,6.2000003,1001.8
2010-12-26,-2.9299998,82.1,0.1,1018.9
2010-12-27,-5.58,79.1,0.0,1024.2001
2010-12-28,-7.29,87.6,0.0,1023.9
2010-12-29,-8.78,88.6,0.0,1028.0
2010-12-30,-7.94,88.5,0.0,1028.7001
2010-12-31,-6.5299997,,0.0,1026.3
2011-01-01,-2.85,,0.0,1020.0
2011-01-02,-1.3199999,87.6,0.0,1018.10004
2011-01-03,-4.3199997,91.3,0.0,1022.60004
2011-01-04,-4.0699997,,0.0,1025.9
2011-01-05,-4.47,82.8,0.0,1025.4
2011-01-06,-3.02,86.700005,0.0,1022.10004
2011-01-07,1.48,85.9,0.0,1021.0
2011-01-08,2.57,88.4,0.0,1019.7
2011-01-09,1.7099999,,0.0,1020.0
2011-01-10,2.53,,0.0,1021.3
2011-01-11,4.2799997,,5.5,1017.7
2011-01-12,4.5,89.6,0.0,1018.2
2011-01-13,3.32,91.8,1.8000001,1016.10004
2011-01-14,8.17,91.0,0.0,1016.3
2011-01-15,7.77,78.9,0.0,1020.4
2011-01-16,5.5699997,82.4,0.0,1029.1
2011-01-17,2.74,91.700005,0.0,1028.2001
2011-01-18,3.11,92.5,0.0,1026.0
2011-01-19,2.35,,2.5,1023.2
2011-01-20,2.27,89.5,2.0,1020.8
2011-01-21,1.0799999,75.1,0.0,1025.7001
2011-01-22,-0.45,68.5,0.0,1026.3
2011-01-23,-1.6999999,76.4,0.0,1020.0
2011-01-24,-1.0799999,74.4,0.0,1020.0
2011-01-25,-3.12,81.0,1.1,1017.0
2011-01-26,-2.06,90.0,1.8000001,1011.9
2011-01-27,-2.81,86.5,0.0,1019.10004
2011-01-28,-3.47,78.3,0.0,1026.5
2011-01-29,-4.73,81.6,0.0,1026.8
2011-01-30,-5.48,86.5,0.0,1024.1
2011-01-31,-5.08,88.4,0.0,1027.6
2011-02-01,-5.29,83.200005,0.0,1029.8
2011-02-02,-4.48,76.4,0.0,1029.5
2011-02-03,-4.2599998,84.8,0.0,1030.2001
2011-02-04,-0.84999996,86.1,0.0,1030.1
2011-02-05,3.8,75.4,0.0,1024.5
2011-02-06,7.89,68.6,0.0,1024.9
2011-02-07,5.44,69.5,0.0,1023.60004
2011-02-08,3.9299998,75.0,0.0,1020.4
2011-02-09,4.5899997,64.9,0.0,1023.7
2011-02-10,0.5,79.200005,0.0,1025.6
2011-02-11,1.56,85.700005,1.3000001,1015.7
2011-02-12,3.9399998,59.600002,0.0,1015.3
2011-02-13,-0.9,65.6,0.0,1020.2
2011-02-14,0.45,56.600002,0.0,1017.0
2011-02-15,-0.91999996,48.5,0.90000004,1014.0
2011-02-16,-0.59999996,85.0,0.0,1011.4
2011-02-17,0.71999997,86.5,0.6,1009.9
2011-02-18,3.4199998,87.1,0.0,1012.10004
2011-02-19,3.9599998,83.700005,1.6,1012.8
2011-02-20,1.76,75.1,0.0,1016.2
2011-02-21,-1.29,78.700005,0.0,1018.0
2011-02-22,-2.3899999,71.5,0.0,1016.9
2011-02-23,-3.6599998,66.0,0.0,1023.4
2011-02-24,-4.3199997,69.3,0.0,1028.1
2011-02-25,-3.1799998,81.8,0.0,1028.4
2011-02-26,-0.17,75.3,0.0,1026.3
2011-02-27,-1.42,80.0,0.0,1020.9
2011-02-28,-0.9,82.5,0.0,1026.4
2011-03-01,0.79999995,78.0,0.0,1032.4
2011-03-02,0.13,67.6,2.8,1033.8
2011-03-03,1.3199999,85.4,0.0,1034.1
2011-03-04,2.3999999,76.200005,0.0,1032.9
2011-03-05,1.68,75.6,0.0,1023.60004
2011-03-06,2.23,56.8,0.0,1020.10004
2011-03-07,0.22,45.3,0.0,1033.9
2011-03-08,-0.59999996,49.3,0.0,1035.6
2011-03-09,0.13,52.3,0.0,1026.5
2011-03-10,1.8399999,59.7,0.0,1022.2
2011-03-11,7.0299997,56.600002,0.0,1020.4
2011-03-12,8.44,55.2,0.0,1020.4
2011-03-13,10.53,50.8,0.0,1017.0
2011-03-14,12.719999,58.3,0.0,1018.8
2011-03-15,12.5,70.8,0.0,1019.7
2011-03-16,12.92,70.700005,5.6,1015.7
2011-03-17,12.219999,84.6,8.1,1006.4
2011-03-18,7.54,80.4,1.3000001,1013.10004
2011-03-19,4.37,85.3,2.1000001,1020.3
2011-03-20,5.2599998,66.9,0.0,1028.5
2011-03-21,6.02,56.5,0.0,1033.6
2011-03-22,7.1499996,57.3,0.0,1034.3
2011-03-23,9.75,55.100002,0.0,1031.6
2011-03-24,11.099999,45.8,0.0,1029.3
2011-03-25,12.5,52.2,0.0,1018.5
2011-03-26,12.36,51.9,0.0,1011.60004
2011-03-27,6.68,70.9,2.9,1017.60004
2011-03-28,7.98,80.9,0.0,1014.10004
2011-03-29,9.07,69.700005,0.0,1016.8
2011-03-30,10.179999,60.8,0.0,1018.7
2011-03-31,11.75,54.4,0.0,1021.60004
2011-04-01,11.95,69.4,0.0,1022.7
2011-04-02,13.41,67.700005,0.0,1020.7
2011-04-03,13.67,56.4,0.0,1017.0
2011-04-04,13.42,61.7,0.0,1014.8
2011-04-05,12.0199995,56.0,0.0,1022.0
2011-04-06,13.549999,56.0,0.0,1024.8
2011-04-07,19.1,56.2,0.0,1017.10004
2011-04-08,14.21,38.0,0.0,1012.2
2011-04-09,13.5199995,36.9,0.0,1012.0
2011-04-10,11.469999,36.7,0.0,1016.8
2011-04-11,11.62,44.2,0.0,1018.3
2011-04-12,14.08,58.2,0.0,1010.10004
2011-04-13,8.45,56.7,0.0,1012.3
2011-04-14,7.58,71.3,0.0,1011.2
2011-04-15,9.87,57.4,0.0,1015.9
2011-04-16,10.76,48.600002,0.0,1021.2
2011-04-17,10.92,52.4,0.0,1023.7
2011-04-18,12.46,49.3,0.0,1022.2
2011-04-19,14.889999,46.7,0.0,1017.5
2011-04-20,14.929999,42.100002,0.0,1018.9
2011-04-21,15.349999,46.100002,0.0,1018.4
2011-04-22,16.949999,47.5,0.0,1015.3
2011-04-23,16.66,47.9,0.0,1015.3
2011-04-24,12.71,58.7,2.6000001,1016.60004
2011-04-25,13.549999,69.9,0.7,1017.4
2011-04-26,16.0,57.2,0.0,1015.8
2011-04-27,15.48,56.8,0.0,1014.5
2011-04-28,15.509999,57.600002,0.0,1012.9
2011-04-29,16.06,59.3,0.0,1011.4
2011-04-30,15.87,63.3,2.4,1008.60004
2011-05-01,13.11,87.700005,6.4,1005.8
2011-05-02,14.19,64.1,0.0,1008.10004
2011-05-03,12.55,67.9,0.0,1006.3
2011-05-04,8.9,56.600002,0.0,1014.9
2011-05-05,10.3,44.600002,0.0,1023.4
2011-05-06,10.219999,48.9,0.0,1028.4
2011-05-07,12.75,51.4,0.0,1022.0
2011-05-08,10.2,74.200005,7.2000003,1022.2
2011-05-09,15.42,57.2,0.0,1026.9
2011-05-10,18.609999,55.5,0.0,1025.0
2011-05-11,19.42,47.2,0.0,1020.0
2011-05-12,18.74,45.600002,0.0,1016.10004
2011-05-13,17.85,56.2,0.0,1018.0
2011-05-14,17.73,54.3,0.0,1016.8
2011-05-15,13.82,75.8,13.400001,1012.2
2011-05-16,12.179999,74.6,1.4,1018.4
2011-05-17,15.67,53.600002,0.0,1021.3
2011-05-18,18.07,62.4,0.0,1021.10004
2011-05-19,20.05,63.9,0.0,1019.5
2011-05-20,21.46,59.0,0.0,1018.9
2011-05-21,21.619999,59.4,0.4,1019.2
2011-05-22,21.539999,64.200005,0.0,1018.7
2011-05-23,20.77,69.8,5.7000003,1020.9
2011-05-24,22.41,63.8,0.0,1020.60004
2011-05-25,20.76,55.100002,0.0,1021.4
2011-05-26,19.22,45.7,0.0,1020.2
2011-05-27,22.14,59.7,0.1,1013.4
2011-05-28,15.54,79.1,1.0,1013.2
2011-05-29,17.71,58.600002,0.0,1017.3
2011-05-30,20.64,60.3,0.0,1020.3
2011-05-31,21.81,62.7,0.0,1015.7
2011-06-01,21.279999,69.200005,4.5,1015.7
2011-06-02,21.13,74.700005,12.1,1019.3
2011-06-03,23.64,55.9,0.0,1021.4
2011-06-04,23.81,64.6,0.0,1017.9
2011-06-05,22.869999,65.9,0.5,1013.60004
2011-06-06,21.43,76.3,11.1,1011.10004
2011-06-07,22.49,72.4,3.9,1009.4
2011-06-08,22.17,73.3,3.3,1006.4
2011-06-09,18.44,77.0,0.90000004,1008.2
2011-06-10,18.039999,66.4,0.0,1010.8
2011-06-11,18.72,67.700005,0.0,1012.60004
2011-06-12,20.27,63.5,0.0,1014.3
2011-06-13,20.939999,56.4,0.0,1015.0
2011-06-14,19.699999,69.200005,5.3,1016.0
2011-06-15,20.76,68.200005,0.0,1017.60004
2011-06-16,23.029999,60.2,0.0,1016.0
2011-06-17,22.96,66.200005,0.0,1014.60004
2011-06-18,24.18,60.600002,0.0,1009.7
2011-06-19,16.0,67.4,0.0,1012.0
2011-06-20,17.66,52.9,0.0,1017.2
2011-06-21,22.449999,52.7,0.0,1018.10004
2011-06-22,25.63,53.7,0.0,1016.8
2011-06-23,25.0,55.3,6.1,1014.8
2011-06-24,19.43,71.5,0.8,1016.8
2011-06-25,17.75,52.5,0.0,1020.5
2011-06-26,16.94,59.100002,0.0,1022.10004
2011-06-27,19.6,54.600002,0.0,1019.7
2011-06-28,20.1,52.5,0.0,1013.8
2011-06-29,20.81,71.0,2.3,1010.10004
2011-06-30,19.039999,87.0,6.2000003,1008.9
2011-07-01,15.219999,70.5,0.0,1012.7
2011-07-02,15.29,65.5,0.2,1012.2
2011-07-03,14.7699995,71.5,1.2,1009.60004
2011-07-04,18.51,71.200005,0.0,1010.8
2011-07-05,20.51,60.5,0.0,1010.4
2011-07-06,20.699999,57.4,0.0,1009.7
2011-07-07,24.269999,54.100002,0.0,1011.60004
2011-07-08,26.39,57.3,0.0,1013.0
2011-07-09,27.8,54.4,0.0,1017.0
2011-07-10,29.21,53.5,0.0,1014.9
2011-07-11,26.14,53.0,0.0,1014.9
2011-07-12,24.84,53.0,0.0,1016.2
2011-07-13,25.949999,54.0,0.0,1012.8
2011-07-14,28.65,47.100002,0.0,1011.5
2011-07-15,23.199999,57.600002,0.0,1014.10004
2011-07-16,22.47,47.3,0.0,1013.4
2011-07-17,24.699999,48.9,0.0,1007.5
2011-07-18,24.019999,59.3,2.4,1006.3
2011-07-19,25.0,68.0,16.0,1005.7
2011-07-20,19.859999,79.3,13.8,1000.9
2011-07-21,16.24,82.5,4.4,1002.7
2011-07-22,17.46,76.4,2.6000001,1007.10004
2011-07-23,17.09,84.0,1.8000001,1009.60004
2011-07-24,18.06,84.9,14.900001,1005.9
2011-07-25,15.88,88.4,3.1000001,1007.5
2011-07-26,17.18,80.200005,1.1,1012.60004
2011-07-27,19.52,77.9,0.0,1017.0
2011-07-28,18.029999,89.6,6.5,1015.7
2011-07-29,19.83,81.8,0.5,1011.0
2011-07-30,19.189999,65.700005,0.0,1009.0
2011-07-31,16.52,81.3,0.0,1011.3
2011-08-01,18.08,80.1,0.0,1013.2
2011-08-02,21.529999,75.1,0.0,1016.3
2011-08-03,22.13,70.6,0.0,1017.7
2011-08-04,19.17,81.4,7.4,1016.0
2011-08-05,21.97,70.200005,0.0,1015.60004
2011-08-06,22.51,71.9,0.0,1013.0
2011-08-07,24.34,70.0,0.0,1008.7
2011-08-08,21.529999,76.3,2.3,1009.3
2011-08-09,19.81,59.3,0.0,1015.8
2011-08-10,17.369999,59.7,0.0,1019.3
2011-08-11,17.46,59.100002,0.0,1019.4
2011-08-12,19.8,64.0,0.0,1014.60004
2011-08-13,21.33,67.0,0.0,1011.60004
2011-08-14,22.63,65.1,0.0,1011.4
2011-08-15,24.73,60.4,0.0,1012.2
2011-08-16,22.31,68.5,0.0,1016.0
2011-08-17,22.47,61.7,0.0,1018.0
2011-08-18,23.88,58.0,0.0,1018.2
2011-08-19,25.99,54.7,0.0,1016.9
2011-08-20,23.26,55.5,0.0,1020.4
2011-08-21,22.75,50.9,0.0,1021.10004
2011-08-22,25.039999,57.600002,0.0,1018.8
2011-08-23,27.39,56.600002,0.0,1017.9
2011-08-24,27.769999,55.5,0.0,1015.2
2011-08-25,28.4,55.8,0.0,1013.9
2011-08-26,28.539999,52.600002,0.0,1014.0
2011-08-27,25.73,48.100002,0.0,1013.60004
2011-08-28,20.23,58.0,0.0,1018.2
2011-08-29,22.0,56.7,0.0,1014.4
2011-08-30,22.96,49.2,0.0,1011.60004
2011-08-31,20.65,49.5,0.0,1013.5
2011-09-01,22.5,56.2,0.4,1013.7
2011-09-02,22.25,60.3,0.0,1014.2
2011-09-03,22.869999,57.7,0.0,1015.9
2011-09-04,24.029999,55.600002,0.0,1015.4
2011-09-05,24.67,53.2,0.0,1014.0
2011-09-06,20.57,52.7,0.0,1020.2
2011-09-07,19.859999,53.8,0.0,1014.8
2011-09-08,17.55,61.3,0.0,1012.0
2011-09-09,18.15,64.3,0.0,1014.3
2011-09-10,20.21,68.4,0.0,1017.3
2011-09-11,23.039999,60.100002,0.0,1015.0
2011-09-12,22.619999,59.8,0.0,1013.10004
2011-09-13,22.609999,52.8,0.0,1015.2
2011-09-14,22.64,57.5,0.0,1014.7
2011-09-15,19.34,52.4,0.0,1018.7
2011-09-16,17.039999,59.100002,0.0,1019.4
2011-09-17,19.15,57.9,0.0,1017.5
2011-09-18,21.65,56.600002,0.0,1009.4
2011-09-19,20.92,65.200005,3.9,1007.5
2011-09-20,15.53,89.1,0.1,1017.0
2011-09-21,18.92,73.700005,0.0,1018.10004
2011-09-22,18.55,73.4,0.0,1017.5
2011-09-23,17.789999,60.600002,0.0,1017.2
2011-09-24,16.1,58.3,0.0,1019.10004
2011-09-25,16.14,60.100002,0.0,1023.4
2011-09-26,16.96,60.5,0.0,1025.9
2011-09-27,17.97,60.600002,0.0,1027.5
2011-09-28,18.81,57.100002,0.0,1027.4
2011-09-29,17.39,52.7,0.0,1027.0
2011-09-30,18.67,58.3,0.0,1026.7001
2011-10-01,18.949999,61.3,0.0,1024.9
2011-10-02,18.14,59.3,0.0,1023.2
2011-10-03,16.16,60.0,0.0,1023.5
2011-10-04,17.119999,65.6,0.0,1021.10004
2011-10-05,18.63,62.8,0.0,1020.5
2011-10-06,17.51,65.200005,0.0,1016.60004
2011-10-07,11.679999,78.1,2.9,1007.3
2011-10-08,9.99,73.200005,0.0,1010.0
2011-10-09,8.51,77.200005,2.0,1014.4
2011-10-10,9.179999,71.5,0.0,1018.8
2011-10-11,14.09,81.5,0.0,1016.60004
2011-10-12,14.74,70.3,0.0,1015.5
2011-10-13,11.69,61.600002,0.0,1022.0
2011-10-14,7.73,69.5,0.0,1029.4
2011-10-15,7.0299997,63.5,0.0,1031.0
2011-10-16,6.06,51.9,0.0,1032.7001
2011-10-17,4.62,62.600002,0.0,1028.6
2011-10-18,5.24,57.8,0.0,1022.60004
2011-10-19,10.17,56.9,0.0,1017.8
2011-10-20,9.82,76.9,13.7,1020.8
2011-10-21,7.94,80.9,0.0,1026.7001
2011-10-22,7.18,77.1,0.0,1027.5
2011-10-23,8.78,,3.0,1025.1
2011-10-24,9.74,,3.5,1022.3
2011-10-25,10.26,82.8,0.0,1020.4
2011-10-26,11.49,68.9,0.0,1022.5
2011-10-27,11.05,65.0,0.0,1025.2001
2011-10-28,8.8,69.4,0.0,1028.8
2011-10-29,9.179999,71.4,0.0,1029.3
2011-10-30,8.48,73.9,0.0,1026.3
2011-10-31,8.65,76.6,0.0,1023.9
2011-11-01,7.5,78.200005,0.0,1023.2
2011-11-02,7.54,81.5,0.0,1023.0
2011-11-03,5.21,89.0,0.0,1020.3
2011-11-04,8.099999,77.1,0.0,1017.8
2011-11-05,11.62,63.4,0.0,1018.10004
2011-11-06,9.99,64.6,0.0,1022.3
2011-11-07,10.01,69.3,0.0,1026.4
2011-11-08,8.8,75.9,0.0,1027.6
2011-11-09,8.17,76.8,0.0,1024.1
2011-11-10,5.2,76.200005,0.0,1023.5
2011-11-11,2.81,64.200005,0.0,1032.4
2011-11-12,1.8199999,67.6,0.0,1037.6
2011-11-13,1.48,73.1,0.0,1036.7001
2011-11-14,1.14,77.700005,0.0,1030.5
2011-11-15,1.37,81.5,0.0,1024.9
2011-11-16,-0.089999996,85.3,0.0,1026.8
2011-11-17,0.31,82.200005,0.0,1028.5
2011-11-18,-0.28,92.0,0.0,1027.4
2011-11-19,2.11,84.1,0.0,1027.4
2011-11-20,1.81,84.4,0.0,1028.4
2011-11-21,0.26999998,84.700005,0.0,1027.6
2011-11-22,-1.09,91.3,0.0,1027.4
2011-11-23,-1.1999999,89.5,0.0,1031.9
2011-11-24,-1.76,,0.0,1036.9
2011-11-25,-1.01,,0.0,1035.3
2011-11-26,1.1899999,90.4,0.0,1031.5
2011-11-27,1.0699999,,0.0,1027.3
2011-11-28,4.22,79.4,0.0,1028.5
2011-11-29,0.14999999,,0.0,1031.5
2011-11-30,0.41,92.200005,0.0,1030.1
2011-12-01,0.34,,0.0,1030.1
2011-12-02,-1.99,,0.0,1023.4
2011-12-03,0.16,,5.1,1018.9
2011-12-04,5.1,,0.0,1010.9
2011-12-05,8.4,77.4,2.0,1004.3
2011-12-06,3.11,75.6,0.0,1013.2
2011-12-07,3.07,81.9,1.1,1012.9
2011-12-08,5.89,62.3,0.0,1017.3
2011-12-09,3.73,69.5,0.0,1019.3
2011-12-10,5.7999997,75.3,0.0,1015.7
2011-12-11,4.54,71.3,0.6,1022.0
2011-12-12,4.62,87.3,8.400001,1016.9
2011-12-13,5.79,89.1,0.0,1015.8
2011-12-14,5.2,,1.7,1016.4
2011-12-15,6.24,93.200005,11.1,1013.60004
2011-12-16,6.04,83.700005,18.7,1001.5
2011-12-17,5.19,78.0,0.0,993.60004
2011-12-18,2.77,75.1,0.0,1011.8
2011-12-19,0.81,84.1,0.1,1017.4
2011-12-20,0.28,80.4,0.0,1013.5
2011-12-21,-2.09,90.700005,0.90000004,1015.0
2011-12-22,0.22,92.0,0.0,1021.9
2011-12-23,-1.66,,0.0,1025.4
2011-12-24,-0.099999994,,1.2,1021.4
2011-12-25,3.1499999,76.6,0.0,1030.3
2011-12-26,0.82,,0.0,1037.8
2011-12-27,4.02,,0.0,1038.4
2011-12-28,3.8899999,90.4,0.0,1033.3
2011-12-29,2.69,86.8,0.0,1023.4
2011-12-30,1.38,90.9,0.0,1013.0
2011-12-31,2.25,78.700005,0.0,1016.60004
2012-01-01,-0.89,92.3,0.0,1021.9
2012-01-02,3.49,85.200005,0.0,1019.10004
2012-01-03,4.89,88.3,0.0,1023.0
2012-01-04,3.7099998,92.1,0.8,1017.2
2012-01-05,4.35,74.5,1.4,1003.10004
2012-01-06,4.89,67.9,0.0,1000.0
2012-01-07,3.23,68.6,3.2,1015.10004
2012-01-08,3.85,84.200005,0.0,1012.7
2012-01-09,3.6499999,80.3,1.3000001,1020.60004
2012-01-10,2.21,90.6,2.0,1025.3
2012-01-11,4.72,75.200005,0.0,1030.0
2012-01-12,6.22,73.4,0.0,1025.0
2012-01-13,4.21,70.700005,0.0,1015.2
2012-01-14,2.48,65.1,0.0,1015.0
2012-01-15,0.29,62.9,0.0,1017.8
2012-01-16,-1.4399999,69.3,0.0,1023.4
2012-01-17,-0.53999996,85.4,0.0,1023.8
2012-01-18,-0.08,83.200005,0.0,1029.9
2012-01-19,1.4499999,86.5,4.3,1020.3
2012-01-20,4.16,82.8,1.2,1011.10004
2012-01-21,2.47,72.5,5.5,1013.0
2012-01-22,5.29,74.0,4.5,1006.60004
2012-01-23,6.24,69.9,0.0,1012.2
2012-01-24,3.61,79.5,0.0,1015.2
2012-01-25,1.7199999,64.8,0.0,1018.3
2012-01-26,-0.58,73.3,0.0,1021.2
2012-01-27,-1.4699999,78.5,0.0,1028.6
2012-01-28,-2.27,79.5,0.0,1032.1
2012-01-29,-1.9599999,78.3,0.0,1032.7001
2012-01-30,-2.98,55.0,0.0,1032.8
2012-01-31,-5.0099998,60.4,0.0,1031.2001
2012-02-01,-5.6,52.8,0.0,1028.2001
2012-02-02,-8.73,44.3,0.0,1029.4
2012-02-03,-9.05,44.100002,0.1,1030.5
2012-02-04,-7.2799997,73.0,3.9,1027.8
2012-02-05,-10.94,82.8,0.0,1031.2001
2012-02-06,-11.82,83.9,1.1,1028.7001
2012-02-07,-6.5099998,76.3,0.0,1024.7001
2012-02-08,-10.0199995,76.3,0.0,1034.3
2012-02-09,-9.639999,76.8,0.0,1030.1
2012-02-10,-10.469999,75.5,0.0,1033.9
2012-02-11,-9.05,67.5,0.0,1030.3
2012-02-12,-6.1299996,59.600002,0.0,1027.3
2012-02-13,-4.94,61.7,0.0,1019.60004
2012-02-14,-5.58,76.700005,0.0,1015.10004
2012-02-15,-1.6899999,79.0,1.5,1001.4
2012-02-16,0.51,62.8,0.0,1010.7
2012-02-17,0.14999999,87.1,2.8,1018.10004
2012-02-18,4.11,76.200005,0.0,1019.60004
2012-02-19,1.26,85.9,0.0,1019.9
2012-02-20,3.1899998,72.200005,0.0,1029.9
2012-02-21,0.7,70.5,0.0,1033.9
2012-02-22,1.81,76.4,0.0,1031.6
2012-02-23,2.08,82.3,0.0,1023.8
2012-02-24,9.21,75.200005,0.0,1019.4
2012-02-25,9.2699995,60.2,0.0,1015.7
2012-02-26,5.73,59.4,0.0,1014.10004
2012-02-27,1.55,46.7,0.0,1021.5
2012-02-28,0.089999996,85.6,4.1,1019.7
2012-02-29,9.53,64.1,0.0,1014.0
2012-03-01,7.56,71.5,0.0,1023.5
2012-03-02,10.15,70.8,0.0,1020.4
2012-03-03,5.99,52.5,0.0,1023.9
2012-03-04,3.24,54.600002,0.0,1023.9
2012-03-05,2.55,53.5,0.0,1022.0
2012-03-06,0.34,53.8,0.0,1026.0
2012-03-07,-0.5,47.4,0.0,1029.9
2012-03-08,0.78,56.100002,0.0,1025.1
2012-03-09,3.4299998,66.4,0.0,1034.4
2012-03-10,4.48,59.5,0.0,1033.9
2012-03-11,6.24,59.9,0.0,1021.3
2012-03-12,7.0899997,52.100002,0.0,1020.5
2012-03-13,8.2,69.3,0.0,1024.6
2012-03-14,8.42,65.1,0.0,1024.4
2012-03-15,8.4,54.600002,0.0,1027.7001
2012-03-16,8.63,56.9,0.0,1027.3
2012-03-17,12.24,47.8,0.0,1022.2
2012-03-18,13.98,46.7,0.0,1018.4
2012-03-19,13.0,53.5,0.0,1023.0
2012-03-20,10.5,43.9,0.0,1033.3
2012-03-21,11.8,40.5,0.0,1033.3
2012-03-22,12.59,54.5,0.0,1030.7001
2012-03-23,13.54,53.4,0.0,1025.9
2012-03-24,14.2,49.3,0.0,1022.8
2012-03-25,14.63,42.4,0.0,1022.2
2012-03-26,11.96,34.9,0.0,1027.1
2012-03-27,10.9,40.0,0.0,1025.0
2012-03-28,14.63,45.8,0.0,1021.10004
2012-03-29,13.639999,43.600002,0.0,1010.4
2012-03-30,10.04,58.8,0.0,1006.8
2012-03-31,10.94,55.9,0.0,1003.2
2012-04-01,5.2799997,47.9,0.0,1012.10004
2012-04-02,8.91,39.9,0.0,1011.5
2012-04-03,12.55,48.2,0.0,1008.4
2012-04-04,15.99,57.2,0.0,1008.5
2012-04-05,17.13,59.3,6.3,1008.9
2012-04-06,13.5,81.1,0.0,1005.9
2012-04-07,10.33,78.5,8.0,1002.2
2012-04-08,5.69,51.9,0.0,1004.3
2012-04-09,3.9599998,49.2,0.0,1012.10004
2012-04-10,6.49,47.2,0.0,1012.3
2012-04-11,11.55,45.0,0.0,1003.10004
2012-04-12,9.679999,73.0,1.2,1002.8
2012-04-13,11.62,61.9,0.0,1004.0
2012-04-14,11.639999,75.4,0.0,997.0
2012-04-15,13.4,69.4,0.0,996.60004
2012-04-16,10.04,79.0,0.0,1004.60004
2012-04-17,9.3,72.4,0.0,1008.10004
2012-04-18,10.54,60.5,0.0,1001.60004
2012-04-19,11.91,67.3,0.0,997.5
2012-04-20,13.7699995,59.5,2.0,998.5
2012-04-21,12.94,73.700005,0.0,1005.0
2012-04-22,12.32,70.1,0.1,1008.3
2012-04-23,12.65,65.200005,0.0,1010.3
2012-04-24,14.24,72.6,2.2,1005.2
2012-04-25,13.63,61.100002,0.0,1010.0
2012-04-26,15.66,58.7,0.0,1015.4
2012-04-27,18.38,53.100002,0.0,1019.0
2012-04-28,21.3,48.5,0.0,1021.7
2012-04-29,21.84,41.2,0.0,1018.2
2012-04-30,22.279999,43.0,0.0,1015.8
2012-05-01,23.24,42.100002,0.0,1015.3
2012-05-02,23.34,42.100002,0.0,1012.0
2012-05-03,21.64,53.0,0.3,1007.2
2012-05-04,17.93,70.8,0.0,1005.9
2012-05-05,18.66,54.7,0.0,1006.9
2012-05-06,19.43,48.7,0.0,1010.0
2012-05-07,14.759999,87.6,8.3,1013.8
2012-05-08,15.71,68.6,0.0,1017.4
2012-05-09,16.52,67.4,0.0,1020.60004
2012-05-10,19.65,54.2,0.0,1024.3
2012-05-11,21.35,51.4,0.0,1024.7001
2012-05-12,20.539999,58.100002,6.1,1019.10004
2012-05-13,12.23,63.8,0.0,1022.3
2012-05-14,11.509999,67.1,0.90000004,1016.5
2012-05-15,13.15,68.4,0.0,1010.0
2012-05-16,14.389999,61.8,0.4,1007.8
2012-05-17,12.78,48.0,0.0,1014.9
2012-05-18,13.2699995,49.2,0.0,1018.5
2012-05-19,16.0,63.3,0.0,1017.4
2012-05-20,19.859999,58.9,0.0,1013.10004
2012-05-21,21.84,56.9,8.5,1008.3
2012-05-22,18.699999,82.9,7.9,1005.8
2012-05-23,20.539999,72.6,4.1,1009.9
2012-05-24,21.949999,57.100002,0.2,1014.3
2012-05-25,18.89,43.4,0.0,1017.7
2012-05-26,17.539999,42.7,0.0,1017.9
2012-05-27,17.58,48.3,0.0,1016.60004
2012-05-28,14.889999,71.0,2.4,1012.60004
2012-05-29,16.17,72.8,0.0,1011.10004
2012-05-30,20.15,57.9,0.0,1013.4
2012-05-31,20.619999,54.5,0.0,1015.8
2012-06-01,17.55,70.3,0.90000004,1012.10004
2012-06-02,15.089999,73.4,0.0,1016.3
2012-06-03,22.17,63.8,0.0,1010.60004
2012-06-04,22.039999,66.200005,5.6,1007.60004
2012-06-05,15.7699995,71.3,0.0,1009.9
2012-06-06,17.199999,58.5,0.0,1012.5
2012-06-07,21.529999,58.3,0.0,1010.3
2012-06-08,23.76,62.7,0.0,1009.4
2012-06-09,22.689999,68.4,11.0,1013.0
2012-06-10,20.46,85.8,1.2,1009.9
2012-06-11,18.69,80.6,0.90000004,1005.3
2012-06-12,17.82,88.9,7.0,1004.0
2012-06-13,16.8,79.6,0.0,1009.4
2012-06-14,18.41,65.200005,0.0,1017.0
2012-06-15,20.39,62.600002,0.0,1020.7
2012-06-16,23.55,58.100002,0.0,1021.4
2012-06-17,25.31,55.9,0.0,1020.4
2012-06-18,26.84,55.4,0.0,1018.5
2012-06-19,27.449999,52.3,0.0,1017.0
2012-06-20,28.279999,49.5,0.0,1013.10004
2012-06-21,28.17,53.9,14.7,1008.7
2012-06-22,24.119999,71.4,0.0,1013.8
2012-06-23,23.98,58.5,0.0,1020.4
2012-06-24,24.23,53.2,0.0,1017.9
2012-06-25,19.35,76.5,14.6,1013.60004
2012-06-26,19.17,56.3,0.0,1018.0
2012-06-27,19.449999,55.5,0.0,1018.7
2012-06-28,21.81,64.6,0.0,1014.5
2012-06-29,24.939999,62.8,0.0,1014.3
2012-06-30,28.51,51.3,0.0,1014.3
2012-07-01,30.08,48.2,0.0,1014.4
2012-07-02,30.119999,48.8,0.0,1016.10004
2012-07-03,29.42,44.3,0.0,1014.2
2012-07-04,29.109999,47.100002,0.0,1011.60004
2012-07-05,29.06,48.4,3.0,1010.7
2012-07-06,28.88,50.4,4.5,1010.10004
2012-07-07,27.619999,59.0,0.0,1010.8
2012-07-08,28.769999,53.0,0.0,1009.10004
2012-07-09,27.42,51.0,0.0,1009.9
2012-07-10,25.539999,52.2,0.7,1012.5
2012-07-11,26.07,53.0,5.1,1012.0
2012-07-12,21.92,60.7,0.0,1013.8
2012-07-13,20.279999,56.9,0.0,1013.2
2012-07-14,21.55,65.0,8.900001,1010.10004
2012-07-15,18.46,77.3,2.5,1013.5
2012-07-16,18.42,64.200005,0.0,1020.2
2012-07-17,19.13,56.7,0.0,1021.4
2012-07-18,20.789999,60.0,0.0,1018.8
2012-07-19,23.98,55.3,3.7,1012.2
2012-07-20,22.41,58.9,0.0,1013.9
2012-07-21,19.09,72.8,0.90000004,1015.3
2012-07-22,19.81,62.0,0.0,1019.4
2012-07-23,22.89,48.4,0.0,1022.4
2012-07-24,22.9,64.6,12.0,1018.8
2012-07-25,22.17,83.5,0.0,1014.2
2012-07-26,21.48,87.5,8.0,1014.4
2012-07-27,24.34,72.700005,0.0,1013.4
2012-07-28,26.39,64.6,12.7,1011.60004
2012-07-29,25.029999,70.5,12.400001,1010.7
2012-07-30,23.16,68.3,0.0,1015.3
2012-07-31,23.35,59.600002,0.0,1016.60004
2012-08-01,24.68,57.7,0.0,1015.8
2012-08-02,25.74,58.5,0.0,1014.8
2012-08-03,26.43,61.3,0.0,1013.60004
2012-08-04,26.51,59.9,0.0,1013.5
2012-08-05,27.89,57.8,0.0,1012.10004
2012-08-06,29.3,49.5,0.0,1011.2
2012-08-07,24.09,49.4,0.0,1018.7
2012-08-08,22.83,50.8,0.0,1020.8
2012-08-09,22.199999,46.8,0.0,1020.2
2012-08-10,20.84,47.2,0.0,1019.5
2012-08-11,17.58,57.2,0.0,1017.10004
2012-08-12,18.01,61.100002,0.0,1015.60004
2012-08-13,18.71,55.100002,0.0,1015.0
2012-08-14,18.93,50.600002,0.0,1014.0
2012-08-15,20.39,52.100002,0.0,1014.0
2012-08-16,21.539999,53.2,0.0,1015.2
2012-08-17,22.619999,54.8,0.0,1018.9
2012-08-18,22.949999,54.9,0.0,1021.8
2012-08-19,23.67,51.600002,0.0,1023.2
2012-08-20,25.65,48.7,0.0,1020.3
2012-08-21,26.98,47.2,0.0,1016.60004
2012-08-22,28.39,50.0,0.0,1014.10004
2012-08-23,27.43,52.7,0.0,1013.7
2012-08-24,27.75,52.600002,0.0,1010.2
2012-08-25,27.109999,49.100002,0.0,1010.0
2012-08-26,22.439999,61.9,1.3000001,1010.10004
2012-08-27,20.52,54.0,0.0,1016.8
2012-08-28,19.14,51.8,0.0,1020.8
2012-08-29,21.38,51.2,0.0,1019.4
2012-08-30,23.35,47.100002,0.0,1017.7
2012-08-31,24.01,45.9,0.0,1013.2
2012-09-01,20.63,71.6,0.3,1016.7
2012-09-02,23.59,57.5,0.0,1020.2
2012-09-03,24.91,52.100002,0.0,1017.9
2012-09-04,24.019999,57.3,0.0,1016.10004
2012-09-05,23.56,61.7,0.2,1014.8
2012-09-06,21.23,57.9,0.0,1017.5
2012-09-07,17.44,49.7,0.0,1022.7
2012-09-08,21.0,51.0,0.0,1019.7
2012-09-09,21.609999,52.7,0.0,1019.5
2012-09-10,21.88,53.2,0.0,1019.8
2012-09-11,21.75,50.4,0.0,1016.9
2012-09-12,21.38,50.5,0.0,1009.5
2012-09-13,13.29,90.3,6.9,1007.2
2012-09-14,14.719999,87.200005,0.0,1011.8
2012-09-15,16.57,61.9,0.0,1013.3
2012-09-16,16.19,65.1,0.0,1018.3
2012-09-17,17.07,66.200005,0.0,1017.8
2012-09-18,19.68,66.6,0.0,1015.3
2012-09-19,18.1,70.8,13.3,1011.60004
2012-09-20,11.849999,77.6,0.1,1019.3
2012-09-21,11.7,63.100002,0.0,1022.60004
2012-09-22,13.7699995,66.1,0.0,1016.60004
2012-09-23,15.82,61.8,0.0,1018.10004
2012-09-24,18.529999,69.3,5.5,1007.9
2012-09-25,19.05,68.200005,0.0,1008.10004
2012-09-26,20.85,60.3,0.0,1011.2
2012-09-27,21.59,59.600002,0.0,1011.7
2012-09-28,17.699999,60.7,0.0,1020.10004
2012-09-29,19.48,70.0,0.0,1018.10004
2012-09-30,19.359999,68.0,0.0,1019.2
2012-10-01,18.89,70.200005,1.7,1018.3
2012-10-02,17.05,92.0,16.800001,1016.60004
2012-10-03,15.69,74.4,0.0,1017.10004
2012-10-04,15.15,75.5,0.0,1016.7
2012-10-05,15.03,59.8,0.0,1020.0
2012-10-06,15.7,73.9,0.0,1018.2
2012-10-07,14.87,81.3,5.7000003,1012.4
2012-10-08,9.8,69.700005,0.0,1019.8
2012-10-09,10.15,67.700005,0.0,1013.2
2012-10-10,11.469999,60.4,0.0,1013.5
2012-10-11,9.73,65.3,0.0,1015.4
2012-10-12,11.219999,65.4,0.0,1015.0
2012-10-13,13.139999,73.5,0.0,1015.0
2012-10-14,12.54,89.5,0.0,1010.4
2012-10-15,15.509999,87.200005,2.0,1008.9
2012-10-16,12.2699995,93.200005,11.900001,1010.4
2012-10-17,11.5,78.0,0.0,1021.3
2012-10-18,13.29,72.6,0.0,1023.0
2012-10-19,13.4,75.6,0.0,1021.5
2012-10-20,14.11,79.6,0.0,1020.10004
2012-10-21,13.509999,78.3,0.0,1021.4
2012-10-22,12.54,81.3,0.0,1022.60004
2012-10-23,12.17,82.5,0.0,1022.7
2012-10-24,9.17,91.1,0.0,1020.60004
2012-10-25,9.38,83.1,0.0,1014.60004
2012-10-26,9.76,80.3,1.1,1009.5
2012-10-27,10.46,90.6,13.400001,993.5
2012-10-28,3.62,86.1,6.9,1003.9
2012-10-29,2.76,90.9,3.5,1010.5
2012-10-30,3.46,72.9,0.0,1011.8
2012-10-31,3.81,80.8,0.0,1013.7
2012-11-01,6.8999996,87.0,4.6,1001.60004
2012-11-02,8.65,88.1,0.1,1007.60004
2012-11-03,6.17,,0.0,1014.4
2012-11-04,12.969999,79.700005,0.7,1010.4
2012-11-05,11.04,81.700005,2.5,1002.0
2012-11-06,7.8199997,72.700005,0.0,1015.0
2012-11-07,6.75,71.1,0.0,1023.60004
2012-11-08,9.139999,73.3,0.0,1023.3
2012-11-09,7.49,79.9,0.0,1019.4
2012-11-10,4.64,,0.0,1021.5
2012-11-11,8.26,79.6,0.0,1019.3
2012-11-12,8.929999,88.6,1.3000001,1023.60004
2012-11-13,9.469999,89.8,0.0,1029.6
2012-11-14,6.2599998,75.0,0.0,1032.3
2012-11-15,5.14,92.1,0.0,1028.7001
2012-11-16,7.14,82.700005,0.0,1025.8
2012-11-17,5.97,88.3,0.0,1021.5
2012-11-18,7.18,87.1,0.0,1018.7
2012-11-19,7.64,84.6,0.0,1020.8
2012-11-20,5.7,92.8,0.0,1023.4
2012-11-21,6.6,90.1,0.0,1024.1
2012-11-22,7.2599998,87.200005,0.2,1026.0
2012-11-23,7.3999996,,0.0,1024.8
2012-11-24,8.01,,0.0,1024.9
2012-11-25,5.94,,0.0,1022.7
2012-11-26,7.14,,0.0,1018.3
2012-11-27,10.32,79.700005,0.0,1010.9
2012-11-28,9.17,83.3,1.8000001,1004.60004
2012-11-29,10.309999,81.0,1.6,995.10004
2012-11-30,5.37,70.9,0.0,1003.9
2012-12-01,3.23,72.6,0.1,1013.5
2012-12-02,1.88,,6.5,1011.4
2012-12-03,1.43,74.700005,0.0,1008.4
2012-12-04,-0.01,86.5,7.3,1006.4
2012-12-05,0.52,,0.0,1002.7
2012-12-06,-3.7099998,91.4,0.8,1011.4
2012-12-07,-3.1599998,72.8,0.0,1015.8
2012-12-08,-3.4299998,69.3,0.0,1015.2
2012-12-09,-3.1999998,62.600002,0.0,1015.60004
2012-12-10,-2.9399998,77.700005,0.0,1011.3
2012-12-11,-3.02,80.8,0.0,1014.0
2012-12-12,-2.9299998,73.200005,0.0,1019.0
2012-12-13,-4.42,71.9,0.0,1023.7
2012-12-14,-1.9599999,77.200005,0.0,1022.10004
2012-12-15,1.29,88.5,16.0,1014.7
2012-12-16,1.35,,1.3000001,1015.0
2012-12-17,1.62,,1.8000001,1014.10004
2012-12-18,2.82,,1.8000001,1014.3
2012-12-19,3.4199998,90.3,0.0,1019.4
2012-12-20,0.78999996,90.3,0.0,1020.9
2012-12-21,-3.81,,0.0,1017.9
2012-12-22,-2.49,92.0,0.0,1023.0
2012-12-23,-1.53,92.3,6.4,1021.10004
2012-12-24,-0.099999994,,0.0,1019.3
2012-12-25,0.57,,0.0,1015.4
2012-12-26,3.11,,6.2000003,1015.8
2012-12-27,4.79,91.200005,0.0,1016.3
2012-12-28,3.85,89.4,0.0,1020.3
2012-12-29,-0.78999996,70.5,0.0,1031.7001
2012-12-30,-1.89,90.3,0.0,1028.0
2012-12-31,-2.79,,0.0,1027.5
2013-01-01,-3.04,,0.0,1020.5
2013-01-02,-0.72999996,,0.0,1024.2001
2013-01-03,2.08,84.200005,0.0,1031.6
2013-01-04,7.5299997,74.200005,0.1,1024.1
2013-01-05,7.2799997,70.4,0.0,1017.10004
2013-01-06,1.93,72.8,3.0,1019.8
2013-01-07,0.0,74.0,0.0,1024.9
2013-01-08,-3.6899998,80.8,2.4,1028.4
2013-01-09,-2.28,,0.0,1023.10004
2013-01-10,-2.32,,0.0,1013.5
2013-01-11,0.59999996,84.1,0.0,1010.7
2013-01-12,-1.62,75.200005,0.0,1018.60004
2013-01-13,-1.9699999,88.200005,4.3,1020.0
2013-01-14,-0.34,91.200005,13.5,1015.7
2013-01-15,1.7199999,,6.9,1011.7
2013-01-16,2.01,,0.0,1003.10004
2013-01-17,1.8299999,91.4,3.9,1003.3
2013-01-18,0.32,91.200005,5.3,1001.5
2013-01-19,-2.48,83.6,0.0,1001.7
2013-01-20,0.24,,0.0,1001.5
2013-01-21,3.1499999,,1.8000001,997.5
2013-01-22,0.48,87.0,0.0,1000.8
2013-01-23,-0.39999998,86.6,0.0,1009.10004
2013-01-24,0.21,91.1,0.0,1008.60004
2013-01-25,-1.04,68.700005,0.0,1011.60004
2013-01-26,-1.81,67.200005,0.0,1016.0
2013-01-27,-3.11,81.1,0.4,1016.60004
2013-01-28,-0.7,91.700005,1.5,1016.7
2013-01-29,0.14999999,90.4,0.8,1020.0
2013-01-30,3.84,90.4,3.8,1014.9
2013-01-31,7.3999996,63.100002,0.0,1014.0
2013-02-01,7.08,63.7,0.0,1009.0
2013-02-02,6.0,86.3,17.1,994.3
2013-02-03,1.74,82.200005,0.90000004,1007.5
2013-02-04,1.13,77.700005,0.90000004,1014.60004
2013-02-05,3.56,83.0,1.4,1009.7
2013-02-06,3.0,91.9,15.5,999.8
2013-02-07,0.84,86.700005,0.0,1001.60004
2013-02-08,-0.17999999,72.700005,0.0,1009.2
2013-02-09,-1.77,86.9,1.8000001,1013.4
2013-02-10,-1.87,93.0,4.2000003,1012.5
2013-02-11,-3.24,91.8,0.0,1014.4
2013-02-12,-0.14999999,83.4,2.7,1011.2
2013-02-13,3.51,82.4,0.2,1014.8
2013-02-14,2.8799999,91.9,2.2,1019.60004
2013-02-15,4.1,89.5,0.0,1018.8
2013-02-16,3.1399999,80.8,0.0,1021.5
2013-02-17,1.55,84.4,0.0,1022.8
2013-02-18,1.89,78.0,0.0,1021.3
2013-02-19,1.12,83.200005,1.0,1015.4
2013-02-20,1.5,75.3,0.0,1015.7
2013-02-21,-0.42999998,69.6,0.0,1018.10004
2013-02-22,-0.21,92.3,5.6,1009.8
2013-02-23,2.8799999,,9.1,1008.2
2013-02-24,6.44,91.200005,8.5,1011.3
2013-02-25,7.85,86.200005,0.0,1018.3
2013-02-26,8.65,82.6,0.7,1020.2
2013-02-27,6.68,83.8,0.0,1023.9
2013-02-28,6.37,72.3,0.0,1025.8
2013-03-01,2.75,85.700005,0.0,1019.3
2013-03-02,3.86,60.7,0.0,1020.9
2013-03-03,3.1799998,65.8,0.0,1019.2
2013-03-04,3.08,63.600002,0.0,1025.0
2013-03-05,4.44,54.9,0.0,1025.7001
2013-03-06,7.0899997,66.1,0.0,1015.7
2013-03-07,10.01,78.6,0.0,1007.2
2013-03-08,10.559999,86.6,0.2,1003.8
2013-03-09,10.36,90.6,2.4,1002.3
2013-03-10,10.25,88.4,0.0,999.7
2013-03-11,9.349999,75.1,0.0,999.5
2013-03-12,8.849999,68.5,2.4,1000.0
2013-03-13,8.62,85.9,5.5,997.8
2013-03-14,2.73,,17.7,994.10004
2013-03-15,-1.92,78.4,0.0,1002.2
2013-03-16,-1.23,58.8,0.0,1018.8
2013-03-17,-1.76,64.6,0.0,1020.60004
2013-03-18,1.55,78.700005,14.0,1006.4
2013-03-19,6.52,73.1,0.5,999.0
2013-03-20,8.34,66.8,1.8000001,1007.7
2013-03-21,6.31,85.700005,10.5,1007.9
2013-03-22,2.72,65.9,0.0,1011.10004
2013-03-23,-0.39,72.8,0.0,1018.5
2013-03-24,-2.06,43.4,0.0,1021.4
2013-03-25,-0.91999996,63.0,11.0,1013.2
2013-03-26,-1.18,92.6,7.7000003,1006.7
2013-03-27,-0.82,92.0,1.1,1011.5
2013-03-28,0.87,79.6,0.4,1016.8
2013-03-29,1.78,91.9,12.1,1010.2
2013-03-30,4.41,91.5,12.900001,1005.5
2013-03-31,5.29,91.5,5.4,999.0
2013-04-01,3.23,64.200005,0.0,1009.5
2013-04-02,4.38,73.1,17.4,1008.3
2013-04-03,5.04,,0.0,1005.2
2013-04-04,4.52,81.3,0.0,1009.7
2013-04-05,4.88,91.700005,4.6,1007.0
2013-04-06,6.31,77.1,0.0,1011.8
2013-04-07,5.49,75.1,0.0,1015.7
2013-04-08,6.52,59.8,0.0,1012.10004
2013-04-09,8.16,77.8,0.0,1009.3
2013-04-10,9.76,78.6,0.0,1010.4
2013-04-11,12.15,65.0,0.0,1012.7
2013-04-12,13.61,71.700005,4.2000003,1009.0
2013-04-13,12.139999,67.4,0.0,1018.60004
2013-04-14,12.25,55.0,0.0,1026.8
2013-04-15,11.2,60.0,0.0,1027.3
2013-04-16,12.759999,51.2,0.0,1025.5
2013-04-17,14.469999,53.4,0.0,1024.0
2013-04-18,16.09,52.9,0.0,1020.7
2013-04-19,16.71,47.8,0.0,1018.10004
2013-04-20,17.0,60.2,0.0,1018.4
2013-04-21,16.48,53.9,0.0,1017.5
2013-04-22,17.21,47.8,0.0,1014.9
2013-04-23,16.73,62.2,0.0,1020.4
2013-04-24,17.57,52.4,0.0,1025.9
2013-04-25,18.49,52.5,0.0,1023.4
2013-04-26,20.199999,48.9,0.0,1014.4
2013-04-27,21.17,46.9,0.0,1007.0
2013-04-28,19.75,59.3,0.0,1011.5
2013-04-29,20.89,56.5,0.0,1017.60004
2013-04-30,22.22,55.5,0.0,1017.7
2013-05-01,22.4,57.4,0.0,1018.10004
2013-05-02,21.359999,65.0,5.7000003,1014.5
2013-05-03,18.76,77.5,3.7,1011.10004
2013-05-04,16.89,72.1,0.0,1016.0
2013-05-05,18.76,66.1,0.0,1020.4
2013-05-06,19.16,70.5,18.5,1018.9
2013-05-07,18.529999,82.9,1.1,1016.9
2013-05-08,19.3,72.8,0.0,1016.4
2013-05-09,19.64,64.1,0.0,1017.0
2013-05-10,19.96,56.8,0.0,1013.10004
2013-05-11,18.119999,75.8,0.5,1009.8
2013-05-12,14.87,76.1,0.0,1008.4
2013-05-13,13.639999,61.9,0.0,1012.7
2013-05-14,13.7,66.3,0.0,1013.60004
2013-05-15,16.57,67.1,0.0,1010.60004
2013-05-16,18.93,61.4,0.0,1007.4
2013-05-17,18.07,79.6,12.5,1005.7
2013-05-18,17.529999,69.1,0.0,1012.60004
2013-05-19,20.3,59.8,3.5,1011.2
2013-05-20,17.16,65.0,0.0,1013.2
2013-05-21,16.85,57.600002,0.0,1012.7
2013-05-22,15.54,71.0,0.1,1007.0
2013-05-23,14.059999,65.5,0.0,1003.3
2013-05-24,14.19,60.9,0.0,1005.10004
2013-05-25,13.929999,66.5,0.4,1007.8
2013-05-26,12.79,69.8,0.1,1007.3
2013-05-27,11.71,68.3,0.1,1009.9
2013-05-28,14.929999,69.700005,0.0,1008.0
2013-05-29,18.33,67.3,5.4,1003.0
2013-05-30,14.87,87.8,11.2,1000.4
2013-05-31,13.42,77.5,1.6,1001.8
2013-06-01,13.389999,79.8,0.0,1005.2
2013-06-02,14.95,78.6,0.0,1008.3
2013-06-03,13.82,79.0,0.0,1012.60004
2013-06-04,14.639999,83.3,1.1,1012.10004
2013-06-05,15.9,87.6,2.9,1015.4
2013-06-06,16.72,87.0,4.4,1017.8
2013-06-07,19.67,74.6,0.0,1016.4
2013-06-08,20.609999,70.0,2.4,1013.9
2013-06-09,21.939999,66.0,0.0,1010.5
2013-06-10,20.34,73.4,4.8,1007.9
2013-06-11,17.449999,80.9,0.0,1010.0
2013-06-12,18.84,67.0,0.0,1015.3
2013-06-13,21.449999,55.5,0.0,1017.60004
2013-06-14,22.539999,60.7,0.0,1016.0
2013-06-15,23.6,62.5,0.0,1015.3
2013-06-16,24.67,63.2,0.0,1016.3
2013-06-17,26.279999,61.4,0.0,1016.8
2013-06-18,27.72,57.100002,0.0,1016.5
2013-06-19,28.789999,53.8,0.0,1015.60004
2013-06-20,29.289999,56.100002,0.0,1014.4
2013-06-21,28.73,58.7,0.0,1012.8
2013-06-22,27.4,60.8,7.8,1012.3
2013-06-23,23.85,75.0,0.0,1011.10004
2013-06-24,19.369999,79.6,3.8,1010.3
2013-06-25,14.849999,83.9,0.0,1013.7
2013-06-26,15.009999,69.6,0.0,1020.2
2013-06-27,15.5199995,72.9,0.0,1021.2
2013-06-28,16.59,78.700005,6.1,1018.0
2013-06-29,18.289999,68.3,0.0,1015.60004
2013-06-30,18.18,62.100002,0.0,1016.10004
2013-07-01,17.85,55.7,0.0,1019.2
2013-07-02,20.18,56.3,0.0,1018.5
2013-07-03,22.07,54.0,0.0,1016.10004
2013-07-04,24.359999,50.5,0.0,1016.7
2013-07-05,23.99,61.2,0.0,1019.4
2013-07-06,24.6,62.600002,0.6,1021.7
2013-07-07,25.4,56.3,0.0,1023.2
2013-07-08,24.48,53.0,0.0,1023.7
2013-07-09,24.22,50.7,0.0,1020.3
2013-07-10,24.33,54.5,0.0,1013.0
2013-07-11,21.449999,59.2,0.0,1011.60004
2013-07-12,19.6,56.9,0.0,1016.7
2013-07-13,20.38,57.100002,0.0,1017.3
2013-07-14,21.779999,51.7,0.0,1016.8
2013-07-15,21.16,54.9,0.0,1016.8
2013-07-16,20.81,52.100002,0.0,1021.3
2013-07-17,22.8,53.4,0.0,1021.10004
2013-07-18,24.029999,54.5,0.0,1020.0
2013-07-19,24.42,57.3,0.0,1017.0
2013-07-20,24.609999,49.600002,0.0,1015.10004
2013-07-21,22.359999,45.600002,0.0,1019.2
2013-07-22,23.1,50.2,0.0,1017.0
2013-07-23,25.029999,46.100002,0.0,1012.60004
2013-07-24,25.039999,40.600002,0.0,1013.5
2013-07-25,23.25,52.100002,0.0,1015.3
2013-07-26,25.56,53.600002,0.0,1015.0
2013-07-27,27.189999,54.5,0.0,1013.5
2013-07-28,28.97,49.2,0.0,1014.10004
2013-07-29,30.24,41.7,1.4,1011.9
2013-07-30,23.609999,57.3,0.0,1014.7
2013-07-31,24.39,49.7,0.0,1016.8
2013-08-01,25.35,50.9,0.0,1017.5
2013-08-02,26.34,51.9,0.0,1017.4
2013-08-03,28.029999,49.0,0.0,1015.3
2013-08-04,27.939999,44.9,0.0,1017.9
2013-08-05,27.82,48.7,0.0,1017.8
2013-08-06,28.349998,48.100002,0.0,1015.5
2013-08-07,29.179998,43.7,0.0,1014.10004
2013-08-08,30.05,43.600002,0.0,1014.2
2013-08-09,29.849998,43.4,0.0,1012.0
2013-08-10,21.85,67.3,0.0,1013.4
2013-08-11,23.26,47.2,0.0,1015.2
2013-08-12,23.97,49.0,0.0,1016.0
2013-08-13,23.869999,50.8,0.0,1014.8
2013-08-14,20.449999,59.5,0.0,1019.5
2013-08-15,19.529999,57.100002,0.0,1022.0
2013-08-16,20.619999,49.7,0.0,1021.0
2013-08-17,21.73,46.0,0.0,1018.2
2013-08-18,23.789999,45.100002,0.0,1016.9
2013-08-19,25.98,40.3,0.0,1014.9
2013-08-20,21.68,68.700005,0.4,1017.4
2013-08-21,20.89,69.3,0.0,1020.7
2013-08-22,21.01,60.4,0.0,1018.8
2013-08-23,21.84,51.0,0.0,1017.0
2013-08-24,21.46,51.5,0.0,1014.2
2013-08-25,21.1,60.100002,1.0,1011.3
2013-08-26,18.41,89.1,15.0,1012.3
2013-08-27,19.57,74.5,0.0,1013.3
2013-08-28,18.619999,78.700005,13.400001,1012.0
2013-08-29,18.88,77.0,5.6,1016.8
2013-08-30,18.73,72.6,0.0,1019.2
2013-08-31,19.1,64.700005,0.0,1018.8
2013-09-01,19.02,64.8,0.0,1019.10004
2013-09-02,16.789999,55.0,0.0,1021.9
2013-09-03,18.76,64.0,0.0,1020.0
2013-09-04,17.3,60.0,0.0,1023.9
2013-09-05,17.97,58.600002,0.0,1019.60004
2013-09-06,18.15,56.100002,0.0,1017.5
2013-09-07,18.22,53.600002,0.0,1020.3
2013-09-08,18.91,53.100002,0.0,1021.9
2013-09-09,15.48,81.1,8.1,1018.7
2013-09-10,16.07,87.1,6.4,1017.8
2013-09-11,15.0,83.4,1.0,1014.2
2013-09-12,15.78,71.9,1.4,1014.4
2013-09-13,14.589999,70.5,0.0,1015.9
2013-09-14,13.38,87.700005,6.3,1014.3
2013-09-15,16.64,79.8,0.0,1011.7
2013-09-16,18.22,78.4,5.8,1005.0
2013-09-17,13.09,79.3,1.2,1000.7
2013-09-18,12.59,71.700005,0.0,1003.60004
2013-09-19,13.96,68.1,0.0,1007.9
2013-09-20,14.03,68.700005,0.0,1016.0
2013-09-21,14.87,74.6,0.0,1020.8
2013-09-22,13.48,72.700005,0.0,1024.8
2013-09-23,16.109999,68.1,0.0,1017.3
2013-09-24,16.72,66.1,0.0,1013.8
2013-09-25,14.92,72.200005,0.0,1014.10004
2013-09-26,15.839999,75.5,0.0,1011.5
2013-09-27,11.389999,76.3,0.0,1017.5
2013-09-28,11.16,69.3,0.0,1016.10004
2013-09-29,12.45,58.100002,0.4,1015.0
2013-09-30,12.53,56.0,0.0,1010.2
2013-10-01,12.33,58.3,0.0,1010.8
2013-10-02,9.889999,50.7,0.0,1021.0
2013-10-03,6.58,49.4,0.0,1031.0
2013-10-04,5.04,57.600002,0.0,1032.5
2013-10-05,6.73,57.3,0.0,1026.5
2013-10-06,10.28,55.4,0.0,1025.4
2013-10-07,13.23,51.9,0.0,1027.4
2013-10-08,13.04,55.7,0.0,1026.4
2013-10-09,12.9,66.8,1.5,1020.7
2013-10-10,12.599999,91.1,0.0,1013.7
2013-10-11,16.44,77.3,2.8,1015.5
2013-10-12,17.68,79.9,6.7000003,1019.7
2013-10-13,14.929999,84.3,0.0,1021.4
2013-10-14,13.139999,81.8,0.0,1021.3
2013-10-15,13.219999,85.1,0.0,1013.8
2013-10-16,10.07,90.0,13.3,1005.60004
2013-10-17,11.82,74.1,0.0,1013.0
2013-10-18,12.05,71.700005,0.0,1016.8
2013-10-19,9.65,74.5,0.0,1024.3
2013-10-20,13.66,73.3,0.0,1022.0
2013-10-21,14.9,81.4,0.0,1020.4
2013-10-22,15.19,85.700005,0.0,1020.10004
2013-10-23,19.24,68.9,0.0,1017.10004
2013-10-24,17.029999,77.5,0.0,1020.5
2013-10-25,16.63,79.5,0.0,1021.10004
2013-10-26,15.36,82.6,0.0,1020.2
2013-10-27,14.889999,82.9,0.0,1016.60004
2013-10-28,17.39,75.6,0.0,1015.0
2013-10-29,15.57,78.0,1.1,1014.9
2013-10-30,13.04,70.1,0.0,1021.9
2013-10-31,10.139999,66.6,0.0,1027.4
2013-11-01,11.59,73.8,0.0,1023.0
2013-11-02,12.87,85.700005,0.0,1014.8
2013-11-03,12.62,85.8,6.4,1009.3
2013-11-04,10.21,82.6,1.6,1007.9
2013-11-05,10.4,92.5,10.2,998.2
2013-11-06,8.929999,72.3,0.0,1005.10004
2013-11-07,11.21,79.1,0.0,1014.8
2013-11-08,10.53,88.8,0.0,1016.7
2013-11-09,12.24,83.3,2.7,1013.0
2013-11-10,9.969999,84.9,0.0,1009.10004
2013-11-11,10.09,79.6,2.7,1017.2
2013-11-12,10.2699995,70.9,0.0,1026.3
2013-11-13,8.95,84.3,0.0,1025.2001
2013-11-14,7.6099997,73.700005,0.0,1022.9
2013-11-15,8.23,74.700005,0.0,1025.5
2013-11-16,7.16,88.4,0.0,1028.7001
2013-11-17,5.23,,0.0,1025.9
2013-11-18,6.0499997,,0.0,1021.5
2013-11-19,6.1,89.1,0.0,1013.60004
2013-11-20,8.79,87.4,5.7000003,1003.9
2013-11-21,6.45,93.200005,3.8,1004.0
2013-11-22,8.9,,0.0,1005.9
2013-11-23,9.79,85.200005,5.9,1007.4
2013-11-24,8.17,,12.0,1006.0
2013-11-25,3.01,75.9,0.1,1011.5
2013-11-26,2.1599998,71.3,0.0,1021.4
2013-11-27,1.3399999,62.0,0.0,1027.8
2013-11-28,0.37,72.700005,0.0,1028.5
2013-11-29,3.8899999,73.5,0.0,1022.2
2013-11-30,1.81,80.8,0.0,1020.3
2013-12-01,1.8,80.200005,0.0,1026.6
2013-12-02,3.82,73.700005,0.0,1030.9
2013-12-03,0.59,71.0,0.0,1035.9
2013-12-04,-3.5,,0.0,1027.5
2013-12-05,2.7,76.0,0.4,1022.10004
2013-12-06,3.35,65.8,0.0,1011.4
2013-12-07,2.3899999,62.4,0.0,1019.10004
2013-12-08,3.87,78.9,0.0,1026.3
2013-12-09,6.14,74.5,0.0,1023.5
2013-12-10,2.29,70.3,0.0,1035.8
2013-12-11,-0.84,72.9,0.0,1039.5
2013-12-12,1.0,84.6,0.0,1034.2001
2013-12-13,0.58,90.700005,0.0,1028.8
2013-12-14,-0.28,90.200005,0.0,1030.2001
2013-12-15,1.4599999,91.5,0.0,1034.1
2013-12-16,0.21,,0.0,1038.2001
2013-12-17,0.0,,0.0,1037.7001
2013-12-18,-1.5,,0.0,1031.5
2013-12-19,-1.41,,0.0,1024.3
2013-12-20,-1.39,,0.0,1029.0
2013-12-21,1.77,86.6,0.0,1036.5
2013-12-22,0.48999998,,0.0,1032.2001
2013-12-23,2.75,91.6,0.0,1026.9
2013-12-24,3.7099998,90.6,0.0,1021.60004
2013-12-25,5.94,67.6,0.0,1011.7
2013-12-26,6.41,82.9,2.0,1005.3
2013-12-27,7.62,84.200005,0.0,1011.5
2013-12-28,4.36,,0.0,1016.8
2013-12-29,4.2799997,90.6,0.0,1019.2
2013-12-30,6.27,81.3,0.0,1027.2001
2013-12-31,3.12,91.6,0.0,1025.8
2014-01-01,2.81,89.200005,0.0,1022.7
2014-01-02,4.02,84.1,0.0,1017.3
2014-01-03,1.9,,0.0,1019.8
2014-01-04,5.17,,3.9,1019.10004
2014-01-05,8.03,88.4,0.90000004,1011.3
2014-01-06,7.24,90.200005,0.0,1019.4
2014-01-07,4.68,,0.0,1024.2001
2014-01-08,4.98,,0.0,1025.6
2014-01-09,3.6799998,,0.0,1021.60004
2014-01-10,4.74,85.4,0.0,1017.5
2014-01-11,4.56,86.200005,0.0,1020.7
2014-01-12,4.99,67.8,0.0,1021.9
2014-01-13,2.56,78.0,0.0,1019.10004
2014-01-14,4.8199997,73.700005,3.7,1012.8
2014-01-15,4.0,85.1,0.90000004,1011.60004
2014-01-16,2.6499999,88.0,0.0,1015.2
2014-01-17,6.48,79.4,0.0,1010.8
2014-01-18,8.0199995,88.0,0.0,1011.3
2014-01-19,6.93,92.9,4.0,1008.8
2014-01-20,9.07,92.4,1.3000001,1003.4
2014-01-21,6.64,,1.4,1004.9
2014-01-22,3.12,81.700005,0.0,1011.0
2014-01-23,0.74,82.3,0.0,1018.2
2014-01-24,-0.75,76.5,0.1,1015.7
2014-01-25,-2.11,72.9,0.1,1012.5
2014-01-26,-5.45,79.6,0.0,1013.5
2014-01-27,-5.83,84.5,0.0,1008.5
2014-01-28,-1.77,80.1,0.0,1004.9
2014-01-29,-2.11,89.4,2.2,1010.3
2014-01-30,-1.38,86.1,0.0,1021.3
2014-01-31,-1.5999999,71.5,0.0,1025.2001
2014-02-01,-2.06,73.8,2.4,1024.1
2014-02-02,0.51,79.0,0.2,1022.0
2014-02-03,0.5,73.200005,0.0,1025.0
2014-02-04,-1.05,76.1,0.0,1024.7001
2014-02-05,-0.53999996,77.200005,1.4,1018.4
2014-02-06,1.54,90.9,0.0,1015.4
2014-02-07,2.24,,0.1,1012.9
2014-02-08,5.0699997,,0.90000004,1008.9
2014-02-09,6.6299996,86.0,3.8,1003.2
2014-02-10,6.04,73.9,5.9,1008.2
2014-02-11,6.14,,6.5,1008.0
2014-02-12,5.71,89.3,1.0,1006.2
2014-02-13,5.35,73.3,2.2,1008.4
2014-02-14,5.38,75.4,0.0,1011.0
2014-02-15,5.1099997,67.1,0.0,1015.7
2014-02-16,6.98,74.9,1.2,1014.0
2014-02-17,6.2999997,87.200005,4.7000003,1018.2
2014-02-18,5.5,87.6,0.0,1022.7
2014-02-19,7.46,,1.6,1015.60004
2014-02-20,7.35,81.3,0.0,1016.8
2014-02-21,5.2999997,,8.0,1014.9
2014-02-22,7.46,90.0,0.0,1014.8
2014-02-23,8.55,75.4,0.0,1021.0
2014-02-24,7.5899997,70.4,0.0,1023.4
2014-02-25,6.49,86.6,0.0,1021.9
2014-02-26,6.5499997,73.3,0.0,1022.10004
2014-02-27,8.099999,75.1,0.0,1020.10004
2014-02-28,6.33,89.4,5.5,1012.3
2014-03-01,6.8999996,81.200005,0.0,1007.8
2014-03-02,7.6299996,72.5,0.0,1003.5
2014-03-03,6.16,85.3,0.0,1001.10004
2014-03-04,8.04,80.4,0.0,1002.60004
2014-03-05,9.22,74.5,1.4,1010.10004
2014-03-06,9.86,67.700005,0.0,1020.4
2014-03-07,7.89,75.1,4.6,1025.5
2014-03-08,9.74,72.5,0.0,1028.8
2014-03-09,8.26,65.3,0.0,1032.0
2014-03-10,7.8399997,44.2,0.0,1028.1
2014-03-11,8.32,43.3,0.0,1025.8
2014-03-12,9.46,43.9,0.0,1029.5
2014-03-13,9.139999,49.3,0.0,1029.5
2014-03-14,9.95,57.100002,0.0,1023.8
2014-03-15,8.54,68.200005,1.8000001,1012.60004
2014-03-16,10.429999,66.200005,2.0,1008.2
2014-03-17,13.179999,56.100002,0.0,1014.5
2014-03-18,12.92,58.0,0.0,1016.3
2014-03-19,12.24,57.5,0.0,1017.0
2014-03-20,13.59,49.5,0.0,1024.3
2014-03-21,12.67,54.9,0.0,1019.2
2014-03-22,14.309999,54.7,0.0,1011.0
2014-03-23,14.2699995,64.3,2.8,1005.4
2014-03-24,7.7999997,79.6,0.0,1005.8
2014-03-25,7.0299997,63.0,0.0,1008.9
2014-03-26,7.8199997,66.0,0.0,1014.0
2014-03-27,10.41,58.600002,0.0,1014.0
2014-03-28,13.12,50.9,0.0,1014.5
2014-03-29,14.0199995,49.8,0.0,1021.3
2014-03-30,12.55,46.5,0.0,1018.5
2014-03-31,13.59,54.600002,0.0,1011.60004
2014-04-01,14.09,46.600002,0.0,1011.60004
2014-04-02,12.53,54.2,0.0,1013.2
2014-04-03,14.34,59.0,0.0,1009.3
2014-04-04,13.7699995,68.9,0.0,1008.8
2014-04-05,14.87,66.9,0.2,1011.0
2014-04-06,12.82,78.200005,0.0,1016.8
2014-04-07,13.309999,70.8,0.0,1019.2
2014-04-08,15.32,64.4,2.0,1015.7
2014-04-09,11.53,53.7,0.0,1017.10004
2014-04-10,8.139999,71.6,1.5,1016.4
2014-04-11,10.73,58.7,0.0,1017.9
2014-04-12,10.309999,64.200005,0.0,1016.7
2014-04-13,11.67,65.8,0.0,1015.4
2014-04-14,11.429999,66.6,0.1,1011.9
2014-04-15,8.12,60.4,0.0,1014.2
2014-04-16,9.17,57.8,0.0,1018.8
2014-04-17,11.05,51.9,0.0,1016.7
2014-04-18,15.059999,52.4,0.0,1008.10004
2014-04-19,14.759999,57.4,1.4,1006.2
2014-04-20,12.34,68.8,0.0,1009.9
2014-04-21,14.28,71.200005,0.2,1009.9
2014-04-22,13.99,88.1,6.3,1012.4
2014-04-23,15.839999,78.6,0.0,1016.60004
2014-04-24,17.67,68.8,0.0,1013.5
2014-04-25,14.599999,88.4,8.3,1013.0
2014-04-26,15.23,85.6,0.0,1012.7
2014-04-27,16.6,62.4,0.0,1008.5
2014-04-28,16.1,68.4,0.0,1006.2
2014-04-29,16.66,65.4,0.0,1006.3
2014-04-30,16.14,67.3,3.4,1006.8
2014-05-01,15.759999,67.8,0.0,1008.3
2014-05-02,15.67,71.4,3.0,1009.0
2014-05-03,14.78,79.9,15.3,1009.2
2014-05-04,11.53,69.3,1.2,1010.9
2014-05-05,10.91,59.5,0.0,1017.8
2014-05-06,12.79,63.2,0.0,1020.3
2014-05-07,15.98,63.7,5.2000003,1015.5
2014-05-08,15.91,67.700005,0.0,1016.2
2014-05-09,16.46,65.9,0.0,1016.10004
2014-05-10,17.34,56.0,0.2,1014.0
2014-05-11,14.349999,81.5,18.0,1008.60004
2014-05-12,13.46,63.0,0.0,1011.9
2014-05-13,12.15,78.8,3.6000001,1013.7
2014-05-14,12.13,75.700005,3.7,1011.5
2014-05-15,11.929999,77.0,23.300001,1007.5
2014-05-16,13.54,83.200005,2.1000001,1009.0
2014-05-17,13.7699995,79.9,0.0,1013.0
2014-05-18,13.4,82.3,0.8,1016.5
2014-05-19,17.38,67.0,0.0,1016.8
2014-05-20,18.8,63.2,0.0,1017.7
2014-05-21,20.77,57.3,0.0,1019.0
2014-05-22,22.46,54.3,0.0,1016.2
2014-05-23,22.939999,57.2,0.0,1013.5
2014-05-24,21.89,63.100002,4.5,1013.10004
2014-05-25,20.48,76.1,4.9,1016.60004
2014-05-26,21.369999,70.8,1.8000001,1013.0
2014-05-27,20.43,66.6,0.0,1008.4
2014-05-28,18.3,67.700005,0.0,1008.2
2014-05-29,16.369999,70.9,0.0,1009.2
2014-05-30,12.7,74.5,0.0,1012.8
2014-05-31,13.98,67.1,0.0,1014.9
2014-06-01,15.49,74.0,1.5,1014.0
2014-06-02,16.1,68.1,0.0,1014.9
2014-06-03,16.25,63.2,0.0,1015.10004
2014-06-04,17.65,61.8,0.0,1012.2
2014-06-05,20.15,58.7,0.0,1013.9
2014-06-06,21.63,56.0,0.0,1017.10004
2014-06-07,22.83,52.8,0.0,1018.10004
2014-06-08,24.439999,51.100002,0.0,1019.8
2014-06-09,26.14,51.8,0.0,1019.60004
2014-06-10,27.23,49.600002,0.0,1017.8
2014-06-11,26.97,49.9,0.0,1017.7
2014-06-12,25.619999,46.5,0.0,1018.0
2014-06-13,22.81,46.9,0.0,1014.2
2014-06-14,19.84,43.8,0.0,1012.5
2014-06-15,19.23,48.8,0.0,1015.5
2014-06-16,18.869999,53.0,0.0,1016.0
2014-06-17,19.46,55.4,0.0,1014.9
2014-06-18,20.18,48.4,0.0,1015.60004
2014-06-19,21.13,43.7,0.0,1011.9
2014-06-20,19.55,46.9,0.0,1010.10004
2014-06-21,18.23,48.3,0.0,1014.7
2014-06-22,19.67,45.600002,0.0,1017.3
2014-06-23,22.279999,45.7,7.6,1017.0
2014-06-24,18.31,82.200005,4.4,1014.0
2014-06-25,17.69,77.6,0.0,1009.3
2014-06-26,17.26,59.7,0.0,1012.4
2014-06-27,18.66,53.3,0.0,1017.9
2014-06-28,21.16,49.7,0.0,1017.60004
2014-06-29,24.17,55.5,4.8,1010.3
2014-06-30,18.65,78.8,1.5,1008.3
2014-07-01,19.289999,56.5,0.0,1016.9
2014-07-02,21.55,52.8,7.1,1019.3
2014-07-03,20.07,59.3,0.0,1022.4
2014-07-04,21.279999,52.7,0.0,1020.60004
2014-07-05,23.3,49.8,0.0,1012.3
2014-07-06,25.439999,53.3,0.0,1012.9
2014-07-07,26.689999,53.8,0.0,1013.9
2014-07-08,22.47,79.700005,11.8,1008.7
2014-07-09,19.49,77.1,2.1000001,1005.5
2014-07-10,19.869999,59.2,3.8,1005.9
2014-07-11,18.32,88.1,12.3,1003.0
2014-07-12,21.529999,59.8,0.0,1006.7
2014-07-13,21.84,64.8,0.6,1011.3
2014-07-14,22.71,64.8,0.0,1013.2
2014-07-15,24.359999,60.2,0.0,1015.3
2014-07-16,25.68,52.4,0.0,1016.3
2014-07-17,23.97,62.100002,5.7000003,1017.0
2014-07-18,23.91,65.6,0.0,1016.4
2014-07-19,26.16,54.600002,0.0,1016.2
2014-07-20,26.73,54.3,0.0,1013.60004
2014-07-21,27.05,54.0,0.0,1007.8
2014-07-22,21.109999,86.200005,46.3,1009.10004
2014-07-23,21.72,72.9,0.0,1008.60004
2014-07-24,21.74,66.6,0.0,1009.60004
2014-07-25,23.26,62.100002,0.0,1012.8
2014-07-26,24.519999,62.3,0.0,1013.0
2014-07-27,23.279999,74.700005,5.0,1012.5
2014-07-28,21.109999,83.3,3.5,1012.0
2014-07-29,22.029999,82.5,4.5,1009.7
2014-07-30,24.07,75.700005,9.6,1007.8
2014-07-31,22.519999,79.0,2.8,1009.2
2014-08-01,24.59,74.0,0.0,1010.0
2014-08-02,25.15,68.200005,0.0,1011.0
2014-08-03,24.75,66.1,27.6,1011.8
2014-08-04,21.67,84.0,0.90000004,1013.7
2014-08-05,23.47,71.200005,8.1,1012.10004
2014-08-06,20.65,84.3,34.8,1011.9
2014-08-07,21.13,84.0,0.1,1012.7
2014-08-08,22.6,74.5,0.0,1013.60004
2014-08-09,22.96,72.4,0.0,1014.8
2014-08-10,24.039999,73.700005,0.0,1014.5
2014-08-11,25.039999,71.4,0.0,1011.5
2014-08-12,22.68,56.5,0.0,1013.3
2014-08-13,24.449999,69.1,0.7,1009.10004
2014-08-14,17.68,82.1,5.7000003,1011.5
2014-08-15,19.06,74.1,4.7000003,1012.9
2014-08-16,18.08,69.3,0.0,1014.9
2014-08-17,17.94,65.6,0.0,1015.8
2014-08-18,18.96,63.3,0.0,1013.8
2014-08-19,21.21,65.9,3.1000001,1012.7
2014-08-20,18.9,86.9,19.1,1014.5
2014-08-21,17.08,78.6,0.90000004,1015.2
2014-08-22,17.18,72.1,0.0,1017.9
2014-08-23,19.09,75.5,5.5,1014.10004
2014-08-24,17.55,69.9,0.0,1013.7
2014-08-25,15.78,62.8,0.0,1018.9
2014-08-26,17.039999,74.9,0.0,1010.8
2014-08-27,18.32,72.4,0.2,1010.2
2014-08-28,16.32,63.600002,0.0,1019.3
2014-08-29,17.449999,64.8,0.0,1019.9
2014-08-30,19.75,63.3,0.0,1018.4
2014-08-31,19.51,78.200005,26.0,1013.8
2014-09-01,17.67,93.1,19.800001,1009.60004
2014-09-02,18.84,85.700005,0.0,1011.4
2014-09-03,22.189999,66.1,0.0,1012.8
2014-09-04,22.39,62.2,0.0,1015.60004
2014-09-05,21.24,66.8,0.0,1015.3
2014-09-06,20.279999,76.1,1.2,1014.2
2014-09-07,19.77,79.0,0.0,1015.10004
2014-09-08,20.619999,71.5,0.0,1016.3
2014-09-09,20.41,74.4,0.0,1015.4
2014-09-10,18.67,88.4,6.4,1013.4
2014-09-11,17.73,93.0,34.100002,1010.9
2014-09-12,18.09,89.6,16.5,1013.0
2014-09-13,17.69,88.4,10.400001,1015.3
2014-09-14,17.17,91.9,32.7,1015.60004
2014-09-15,17.5,88.4,0.6,1016.9
2014-09-16,17.97,80.4,0.2,1018.8
2014-09-17,16.91,79.1,0.0,1019.7
2014-09-18,17.18,72.9,0.0,1020.5
2014-09-19,16.94,76.4,0.0,1019.0
2014-09-20,18.4,84.3,0.0,1014.7
2014-09-21,20.21,75.700005,0.0,1011.4
2014-09-22,15.92,70.5,0.0,1009.60004
2014-09-23,12.509999,67.5,0.0,1014.8
2014-09-24,11.44,68.1,0.0,1019.10004
2014-09-25,12.66,72.200005,0.0,1017.10004
2014-09-26,14.04,75.700005,0.0,1019.8
2014-09-27,14.66,78.4,0.0,1025.0
2014-09-28,14.389999,73.200005,0.0,1029.2001
2014-09-29,14.53,74.4,0.0,1028.6
2014-09-30,15.24,75.3,0.0,1025.6
2014-10-01,16.869999,79.9,3.1000001,1024.8
2014-10-02,16.41,86.3,0.1,1025.8
2014-10-03,14.74,87.0,0.0,1025.5
2014-10-04,13.48,89.6,2.6000001,1023.2
2014-10-05,13.549999,79.8,0.5,1021.2
2014-10-06,14.049999,73.6,0.0,1020.2
2014-10-07,13.98,80.5,0.0,1020.2
2014-10-08,13.96,86.0,0.0,1020.4
2014-10-09,16.72,79.6,0.0,1018.10004
2014-10-10,17.32,79.0,0.0,1017.9
2014-10-11,17.609999,80.0,0.0,1016.2
2014-10-12,16.529999,85.0,0.0,1015.8
2014-10-13,18.09,80.5,0.0,1012.60004
2014-10-14,17.98,77.4,0.0,1010.9
2014-10-15,15.25,90.3,0.1,1009.7
2014-10-16,16.09,81.8,0.0,1010.60004
2014-10-17,14.32,,7.5,1013.2
2014-10-18,14.44,78.5,0.0,1024.2001
2014-10-19,12.83,84.4,0.0,1025.9
2014-10-20,14.7,81.9,1.4,1017.8
2014-10-21,15.36,88.1,34.9,1010.60004
2014-10-22,9.66,83.700005,3.0,1003.60004
2014-10-23,9.63,83.9,1.2,1006.8
2014-10-24,8.309999,85.3,8.1,1017.4
2014-10-25,7.49,85.0,0.0,1025.4
2014-10-26,6.29,89.9,0.0,1030.1
2014-10-27,6.96,84.200005,0.0,1031.4
2014-10-28,5.46,79.9,0.0,1027.3
2014-10-29,6.0,81.1,0.0,1023.7
2014-10-30,6.69,81.5,0.0,1025.9
2014-10-31,4.98,88.3,0.0,1027.7001
2014-11-01,4.08,,0.0,1027.6
2014-11-02,6.46,92.700005,0.0,1025.1
2014-11-03,6.62,88.1,0.0,1020.10004
2014-11-04,10.67,73.8,0.0,1013.0
2014-11-05,12.16,73.6,0.0,1011.5
2014-11-06,12.59,79.8,0.0,1014.7
2014-11-07,14.5199995,81.6,0.0,1013.3
2014-11-08,13.48,88.700005,0.0,1014.5
2014-11-09,12.41,89.3,0.0,1015.8
2014-11-10,10.53,,0.0,1019.2
2014-11-11,9.32,,0.0,1018.2
2014-11-12,9.92,88.4,0.0,1012.7
2014-11-13,11.28,78.1,0.0,1012.60004
2014-11-14,11.2699995,83.1,0.0,1016.8
2014-11-15,10.2,82.1,0.0,1015.0
2014-11-16,7.5699997,90.9,1.0,1011.3
2014-11-17,8.72,92.0,0.0,1011.8
2014-11-18,8.99,,7.5,1011.2
2014-11-19,8.38,90.5,1.7,1015.60004
2014-11-20,7.7999997,80.9,0.0,1022.2
2014-11-21,4.37,90.0,0.0,1025.4
2014-11-22,5.15,89.5,0.0,1027.7001
2014-11-23,5.46,75.6,0.0,1030.7001
2014-11-24,4.67,76.9,1.1,1029.1
2014-11-25,3.56,89.1,0.0,1028.9
2014-11-26,2.7,90.200005,0.0,1025.7001
2014-11-27,0.96,89.4,0.6,1022.10004
2014-11-28,0.61,,0.0,1020.9
2014-11-29,2.22,89.700005,0.0,1020.8
2014-11-30,1.39,90.6,15.8,1019.7
2014-12-01,0.68,,27.0,1015.9
2014-12-02,1.9699999,,3.6000001,1015.0
2014-12-03,4.7999997,87.8,0.0,1021.10004
2014-12-04,5.79,80.5,0.0,1022.2
2014-12-05,5.77,84.5,0.1,1021.0
2014-12-06,6.47,92.0,6.8,1019.0
2014-12-07,6.3599997,,7.3,1016.9
2014-12-08,4.85,92.8,4.8,1016.4
2014-12-09,4.5,78.200005,0.0,1020.8
2014-12-10,3.1299999,66.200005,0.0,1022.4
2014-12-11,1.87,77.9,0.0,1019.60004
2014-12-12,3.07,83.3,0.0,1019.5
2014-12-13,1.37,90.200005,0.0,1019.2
2014-12-14,2.56,92.5,0.0,1021.5
2014-12-15,5.16,92.1,0.0,1021.5
2014-12-16,5.27,,0.5,1015.7
2014-12-17,5.19,83.5,0.0,1013.0
2014-12-18,4.65,89.200005,0.0,1017.7
2014-12-19,7.74,85.1,0.0,1018.0
2014-12-20,8.04,68.200005,4.0,1018.8
2014-12-21,6.04,60.3,0.0,1024.7001
2014-12-22,4.38,72.8,0.0,1022.60004
2014-12-23,8.099999,67.5,0.0,1020.0
2014-12-24,6.2799997,75.9,0.0,1020.3
2014-12-25,6.46,70.0,0.0,1020.3
2014-12-26,2.4099998,62.9,0.0,1021.3
2014-12-27,-1.86,59.0,0.0,1015.10004
2014-12-28,-1.29,73.4,0.0,1010.8
2014-12-29,-3.9399998,66.6,0.0,1022.10004
2014-12-30,-6.43,62.8,0.0,1031.2001
2014-12-31,-8.139999,68.3,0.0,1037.3
2015-01-01,-4.37,71.1,0.0,1036.3
2015-01-02,-0.59999996,90.4,0.0,1030.4
2015-01-03,3.9499998,68.4,3.4,1024.7001
2015-01-04,2.6399999,78.0,0.0,1017.60004
2015-01-05,1.6999999,71.700005,0.0,1023.0
2015-01-06,-0.47,62.3,0.0,1026.0
2015-01-07,-6.74,62.8,0.0,1035.5
2015-01-08,-4.0,68.6,0.1,1035.0
2015-01-09,2.1,80.0,1.2,1023.5
2015-01-10,8.34,82.0,4.8,1010.0
2015-01-11,6.98,57.9,0.8,1012.4
2015-01-12,4.64,68.3,0.0,1023.0
2015-01-13,3.24,73.5,0.0,1023.0
2015-01-14,0.7,90.1,0.0,1018.5
2015-01-15,4.42,65.6,0.0,1020.4
2015-01-16,4.16,78.5,0.0,1018.10004
2015-01-17,3.9199998,79.9,0.0,1016.2
2015-01-18,4.9,86.9,0.2,1017.8
2015-01-19,4.73,91.8,0.0,1014.3
2015-01-20,5.0699997,90.9,1.8000001,1013.9
2015-01-21,5.54,,0.90000004,1014.8
2015-01-22,6.7999997,,0.0,1015.5
2015-01-23,7.02,,17.800001,1012.5
2015-01-24,3.58,,13.400001,1010.7
2015-01-25,0.69,,2.4,1016.7
2015-01-26,0.75,84.200005,0.0,1023.3
2015-01-27,-1.37,90.6,0.0,1017.8
2015-01-28,0.17999999,88.4,0.0,1016.4
2015-01-29,-0.93,,7.2000003,1002.9
2015-01-30,2.3999999,92.700005,10.3,981.0
2015-01-31,1.7099999,79.700005,0.0,986.4
2015-02-01,0.29,89.700005,0.0,993.2
2015-02-02,1.5,80.4,0.0,998.5
2015-02-03,0.88,79.6,0.90000004,1006.5
2015-02-04,1.03,89.3,0.0,1009.60004
2015-02-05,0.84,76.9,0.0,1017.5
2015-02-06,1.27,54.9,0.0,1016.60004
2015-02-07,-0.049999997,57.5,0.0,1022.10004
2015-02-08,0.22999999,62.3,0.0,1011.10004
2015-02-09,-1.04,79.1,0.0,1017.60004
2015-02-10,3.6,80.0,0.0,1021.8
2015-02-11,4.27,78.8,0.0,1026.5
2015-02-12,3.48,67.5,0.0,1029.5
2015-02-13,1.48,67.0,0.0,1027.2001
2015-02-14,2.3799999,67.3,0.0,1020.60004
2015-02-15,3.1799998,64.200005,0.0,1020.0
2015-02-16,2.85,63.100002,0.0,1025.8
2015-02-17,0.19,61.0,0.0,1036.6
2015-02-18,0.02,56.4,0.0,1040.1
2015-02-19,0.78999996,75.700005,0.0,1033.0
2015-02-20,0.94,74.8,0.0,1024.2001
2015-02-21,4.9,63.3,0.0,1011.2
2015-02-22,6.16,69.200005,1.4,1007.8
2015-02-23,7.25,,0.7,1006.60004
2015-02-24,7.7799997,93.4,0.0,1005.9
2015-02-25,8.07,85.1,6.9,1010.5
2015-02-26,5.71,,6.6,1016.8
2015-02-27,5.62,86.200005,2.7,1015.7
2015-02-28,6.6299996,84.5,0.0,1018.10004
2015-03-01,6.1099997,87.4,0.0,1015.3
2015-03-02,7.04,81.5,1.3000001,1009.2
2015-03-03,5.39,55.7,0.0,1021.2
2015-03-04,4.45,62.7,0.0,1024.2001
2015-03-05,4.85,57.600002,0.0,1027.3
2015-03-06,4.38,50.2,0.0,1031.8
2015-03-07,3.51,53.3,0.0,1034.9
2015-03-08,4.04,56.100002,0.0,1033.0
2015-03-09,4.7599998,58.8,0.0,1030.2001
2015-03-10,7.5699997,52.2,0.0,1025.1
2015-03-11,7.6699996,57.100002,0.0,1018.0
2015-03-12,5.77,69.5,1.8000001,1019.7
2015-03-13,6.23,75.9,0.5,1018.8
2015-03-14,5.5899997,82.200005,0.0,1023.10004
2015-03-15,7.97,75.9,0.0,1031.4
2015-03-16,9.969999,65.1,0.0,1033.8
2015-03-17,8.86,55.4,0.0,1032.4
2015-03-18,7.0899997,39.0,0.0,1027.4
2015-03-19,6.81,42.5,0.0,1025.3
2015-03-20,5.5499997,52.8,0.0,1025.4
2015-03-21,7.6,52.8,0.0,1017.5
2015-03-22,8.3,56.2,0.0,1017.7
2015-03-23,5.85,61.4,0.0,1020.2
2015-03-24,8.88,64.5,0.0,1015.4
2015-03-25,11.4,65.3,0.0,1011.4
2015-03-26,13.41,63.5,0.0,1009.10004
2015-03-27,10.73,73.6,2.9,1008.10004
2015-03-28,9.45,57.9,0.0,1013.3
2015-03-29,8.65,61.600002,0.0,1010.0
2015-03-30,9.12,71.700005,3.5,1002.9
2015-03-31,8.44,65.200005,2.9,1005.10004
2015-04-01,6.95,57.9,1.0,1010.0
2015-04-02,6.0499997,60.100002,0.0,1011.0
2015-04-03,5.06,57.9,0.0,1016.10004
2015-04-04,5.98,48.600002,0.0,1014.0
2015-04-05,6.23,52.0,0.0,1016.10004
2015-04-06,5.2,48.100002,0.0,1019.2
2015-04-07,7.5,42.9,0.0,1025.5
2015-04-08,8.76,57.8,0.2,1024.9
2015-04-09,10.15,51.3,0.0,1029.5
2015-04-10,11.45,40.8,0.0,1027.2001
2015-04-11,14.04,44.8,0.0,1022.10004
2015-04-12,16.119999,48.9,0.0,1025.9
2015-04-13,15.059999,49.2,0.0,1024.4
2015-04-14,11.21,40.2,0.0,1025.4
2015-04-15,16.22,44.9,0.0,1018.60004
2015-04-16,18.52,40.9,0.0,1012.4
2015-04-17,16.58,60.100002,2.9,1009.4
2015-04-18,9.809999,51.2,0.0,1016.3
2015-04-19,7.89,48.9,0.0,1021.0
2015-04-20,11.66,45.100002,0.0,1016.9
2015-04-21,12.46,38.5,0.0,1019.2
2015-04-22,13.33,44.600002,0.0,1020.4
2015-04-23,14.11,43.3,0.0,1018.5
2015-04-24,15.679999,44.9,0.0,1015.5
2015-04-25,15.839999,56.5,0.0,1014.8
2015-04-26,15.799999,60.8,0.0,1010.5
2015-04-27,17.97,55.9,0.0,1007.2
2015-04-28,14.65,72.0,0.0,1005.3
2015-04-29,11.3,57.3,0.0,1016.60004
2015-04-30,12.53,52.100002,0.0,1017.5
2015-05-01,14.13,61.4,3.0,1010.10004
2015-05-02,13.65,78.200005,2.5,1008.9
2015-05-03,12.219999,77.3,0.2,1014.3
2015-05-04,17.869999,77.4,0.0,1013.3
2015-05-05,20.779999,69.4,0.0,1011.4
2015-05-06,20.41,72.9,2.3,1009.7
2015-05-07,18.24,55.4,0.0,1016.2
2015-05-08,17.5,51.600002,0.0,1018.0
2015-05-09,18.279999,55.2,0.0,1016.7
2015-05-10,17.789999,53.2,0.0,1020.3
2015-05-11,15.219999,51.100002,0.0,1025.9
2015-05-12,16.35,53.3,0.0,1024.8
2015-05-13,19.189999,59.9,5.4,1015.7
2015-05-14,17.4,67.1,0.0,1008.7
2015-05-15,13.5,70.700005,0.0,1014.7
2015-05-16,16.59,64.9,0.0,1019.60004
2015-05-17,16.98,60.2,0.0,1020.7
2015-05-18,17.47,57.2,0.0,1016.4
2015-05-19,21.609999,51.3,0.0,1008.7
2015-05-20,21.76,60.9,5.9,1008.8
2015-05-21,13.44,92.3,10.900001,1015.60004
2015-05-22,14.12,,8.900001,1016.60004
2015-05-23,15.57,86.6,6.0,1012.0
2015-05-24,17.89,75.700005,1.7,1013.2
2015-05-25,15.509999,85.8,7.3,1008.9
2015-05-26,16.27,79.9,3.7,1006.8
2015-05-27,13.849999,61.4,0.0,1013.3
2015-05-28,12.74,61.2,0.0,1017.4
2015-05-29,15.5199995,63.600002,0.0,1015.4
2015-05-30,19.1,60.8,3.7,1014.2
2015-05-31,17.9,69.1,0.0,1018.3
2015-06-01,20.4,64.5,0.0,1018.3
2015-06-02,22.68,60.5,0.0,1018.7
2015-06-03,24.019999,58.600002,0.0,1020.2
2015-06-04,24.23,59.100002,0.0,1021.0
2015-06-05,21.449999,51.0,0.0,1023.4
2015-06-06,22.57,52.100002,0.0,1023.0
2015-06-07,23.949999,55.100002,0.0,1023.3
2015-06-08,24.859999,54.3,0.0,1017.8
2015-06-09,22.14,66.700005,19.2,1016.0
2015-06-10,22.58,66.3,0.0,1018.5
2015-06-11,23.63,65.3,0.0,1017.60004
2015-06-12,24.96,61.0,0.0,1015.4
2015-06-13,25.41,60.0,0.0,1011.60004
2015-06-14,25.699999,57.8,0.5,1009.7
2015-06-15,22.359999,72.3,4.7000003,1009.8
2015-06-16,20.16,65.700005,0.0,1014.2
2015-06-17,16.039999,62.7,0.0,1017.2
2015-06-18,18.9,49.5,0.0,1013.7
2015-06-19,18.15,62.0,0.0,1011.3
2015-06-20,17.23,56.100002,0.0,1013.60004
2015-06-21,16.52,57.3,0.0,1015.7
2015-06-22,18.74,53.600002,0.0,1015.2
2015-06-23,15.33,75.0,1.8000001,1013.0
2015-06-24,15.49,74.4,0.3,1019.4
2015-06-25,16.66,67.6,0.0,1021.10004
2015-06-26,19.609999,54.9,0.0,1018.2
2015-06-27,20.21,59.5,0.0,1015.4
2015-06-28,19.869999,73.0,0.0,1016.0
2015-06-29,20.92,61.4,0.0,1019.3
2015-06-30,21.02,57.9,0.0,1019.9
2015-07-01,23.33,54.7,0.0,1021.0
2015-07-02,24.23,51.100002,0.0,1022.9
2015-07-03,24.449999,41.5,0.0,1026.1
2015-07-04,25.26,46.5,0.0,1022.60004
2015-07-05,27.32,44.9,0.0,1017.5
2015-07-06,27.849998,48.8,0.0,1016.2
2015-07-07,29.41,51.3,0.0,1014.0
2015-07-08,26.39,60.7,24.300001,1008.60004
2015-07-09,20.619999,60.9,0.0,1014.5
2015-07-10,18.58,50.4,0.0,1019.8
2015-07-11,20.0,50.3,0.0,1017.7
2015-07-12,23.43,49.8,0.1,1014.5
2015-07-13,22.07,59.5,0.0,1014.10004
2015-07-14,22.49,60.600002,0.0,1015.7
2015-07-15,24.21,57.2,0.0,1017.3
2015-07-16,25.21,58.4,0.0,1018.7
2015-07-17,27.699999,61.3,0.0,1016.7
2015-07-18,26.67,62.5,0.0,1016.3
2015-07-19,27.519999,60.5,0.0,1012.3
2015-07-20,26.93,54.100002,0.0,1012.2
2015-07-21,27.17,56.0,0.0,1015.10004
2015-07-22,29.3,54.2,0.0,1013.8
2015-07-23,28.029999,58.3,7.7000003,1010.8
2015-07-24,27.869999,59.7,0.0,1011.0
2015-07-25,27.289999,61.100002,5.1,1007.3
2015-07-26,21.369999,49.3,0.0,1012.10004
2015-07-27,17.77,77.6,2.8,1009.0
2015-07-28,19.52,74.3,0.6,1010.7
2015-07-29,18.84,79.3,1.1,1011.0
2015-07-30,18.38,77.700005,1.5,1013.9
2015-07-31,19.88,53.7,0.0,1015.9
2015-08-01,20.72,45.8,0.0,1017.9
2015-08-02,22.039999,65.3,1.9,1018.2
2015-08-03,24.01,71.1,0.0,1018.0
2015-08-04,25.71,64.200005,0.0,1015.60004
2015-08-05,25.15,73.1,8.6,1016.4
2015-08-06,26.56,62.100002,0.0,1016.8
2015-08-07,27.5,58.5,0.0,1017.8
2015-08-08,28.029999,53.9,0.0,1018.5
2015-08-09,27.609999,51.3,0.0,1017.10004
2015-08-10,27.619999,44.7,0.0,1014.2
2015-08-11,27.4,42.8,0.0,1013.8
2015-08-12,29.13,38.4,0.0,1015.2
2015-08-13,28.43,46.600002,0.0,1014.2
2015-08-14,28.83,45.0,0.0,1011.2
2015-08-15,28.34,46.7,5.4,1007.8
2015-08-16,25.59,62.600002,13.1,1007.5
2015-08-17,21.72,87.4,44.100002,1006.9
2015-08-18,18.23,92.5,5.0,1011.3
2015-08-19,18.039999,91.3,4.2000003,1014.7
2015-08-20,17.279999,78.5,2.6000001,1019.3
2015-08-21,19.029999,65.200005,0.5,1022.10004
2015-08-22,17.119999,84.700005,0.4,1020.10004
2015-08-23,18.359999,80.1,0.0,1017.10004
2015-08-24,20.82,68.5,0.0,1015.9
2015-08-25,21.02,68.5,0.0,1016.8
2015-08-26,21.34,61.100002,0.0,1019.60004
2015-08-27,22.029999,70.5,0.0,1018.3
2015-08-28,24.439999,65.700005,0.0,1018.2
2015-08-29,25.32,60.3,0.0,1021.7
2015-08-30,26.24,62.2,0.0,1020.8
2015-08-31,26.33,59.3,0.0,1016.10004
2015-09-01,25.83,52.9,0.0,1011.10004
2015-09-02,23.119999,60.2,0.0,1011.3
2015-09-03,21.99,63.600002,0.0,1012.7
2015-09-04,20.58,64.200005,9.5,1013.3
2015-09-05,16.82,84.4,4.3,1012.5
2015-09-06,15.94,60.100002,0.0,1016.2
2015-09-07,14.91,57.2,0.0,1020.60004
2015-09-08,13.78,64.4,0.0,1021.5
2015-09-09,14.009999,60.3,0.0,1020.7
2015-09-10,13.61,77.3,1.7,1020.3
2015-09-11,14.67,93.4,2.4,1021.4
2015-09-12,16.14,83.9,0.0,1022.60004
2015-09-13,17.17,72.5,0.0,1020.10004
2015-09-14,20.529999,67.8,0.0,1013.9
2015-09-15,23.1,68.3,2.0,1012.7
2015-09-16,23.519999,69.3,0.0,1010.2
2015-09-17,25.849998,60.0,0.0,1008.7
2015-09-18,23.35,57.2,0.0,1014.7
2015-09-19,21.68,65.700005,12.400001,1015.9
2015-09-20,18.119999,73.200005,0.0,1014.8
2015-09-21,15.059999,60.8,0.0,1016.10004
2015-09-22,15.11,64.6,0.0,1012.4
2015-09-23,17.9,72.9,0.0,1009.3
2015-09-24,18.67,69.0,3.2,1012.3
2015-09-25,16.529999,91.700005,25.0,1012.8
2015-09-26,14.2699995,,16.1,1017.10004
2015-09-27,14.21,82.9,0.0,1023.9
2015-09-28,14.0199995,58.5,0.0,1027.7001
2015-09-29,13.59,59.0,0.0,1029.3
2015-09-30,12.259999,56.2,0.0,1031.2001
2015-10-01,11.759999,63.4,0.0,1031.2001
2015-10-02,11.719999,71.5,0.0,1029.2001
2015-10-03,13.53,77.1,0.0,1024.0
2015-10-04,16.59,74.4,0.0,1019.10004
2015-10-05,15.25,85.9,0.0,1015.60004
2015-10-06,13.57,92.4,0.0,1013.4
2015-10-07,14.99,85.8,5.6,1013.0
2015-10-08,12.42,90.5,5.2000003,1017.7
2015-10-09,12.59,90.3,0.0,1020.0
2015-10-10,11.61,90.0,2.8,1017.60004
2015-10-11,9.61,85.4,16.7,1009.9
2015-10-12,6.5899997,88.9,0.0,1016.9
2015-10-13,6.5,88.200005,1.9,1020.60004
2015-10-14,10.25,92.8,16.2,1016.9
2015-10-15,12.639999,90.9,11.400001,1015.3
2015-10-16,12.75,93.6,19.1,1016.9
2015-10-17,11.86,91.700005,0.0,1018.7
2015-10-18,10.61,90.5,0.4,1019.0
2015-10-19,11.17,,13.7,1015.3
2015-10-20,8.84,85.4,4.0,1014.4
2015-10-21,8.26,81.9,0.0,1018.10004
2015-10-22,6.29,90.9,0.0,1017.3
2015-10-23,8.37,84.5,0.0,1021.2
2015-10-24,7.27,88.6,0.0,1024.6
2015-10-25,7.68,90.200005,0.0,1023.9
2015-10-26,9.59,85.1,0.0,1025.5
2015-10-27,9.0,75.4,0.0,1025.2001
2015-10-28,9.01,80.9,0.0,1022.2
2015-10-29,9.36,78.3,0.0,1021.4
2015-10-30,8.139999,80.9,0.0,1029.4
2015-10-31,7.79,83.8,0.0,1037.5
2015-11-01,5.3199997,79.0,0.0,1041.0
2015-11-02,4.18,81.700005,0.0,1036.0
2015-11-03,4.4,82.0,0.0,1029.8
2015-11-04,5.0699997,80.1,0.0,1023.7
2015-11-05,5.27,82.6,0.0,1022.3
2015-11-06,5.19,83.8,0.0,1025.6
2015-11-07,7.08,89.6,0.0,1027.5
2015-11-08,11.61,88.0,0.0,1027.9
2015-11-09,8.49,,0.0,1024.0
2015-11-10,15.759999,64.3,0.0,1020.7
2015-11-11,15.96,72.3,0.0,1022.10004
2015-11-12,12.75,76.1,0.0,1025.8
2015-11-13,8.23,87.1,0.0,1027.5
2015-11-14,8.91,65.200005,0.0,1025.3
2015-11-15,7.7999997,83.8,2.5,1017.2
2015-11-16,12.219999,78.700005,0.0,1015.4
2015-11-17,9.37,84.6,0.0,1016.9
2015-11-18,12.92,66.8,0.0,1015.60004
2015-11-19,11.0,75.4,0.0,1018.2
2015-11-20,10.88,77.700005,3.9,1006.8
2015-11-21,7.2799997,81.6,2.1000001,994.9
2015-11-22,4.02,85.5,3.4,1002.2
2015-11-23,3.4399998,72.1,0.0,1021.9
2015-11-24,1.2099999,75.9,0.0,1026.1
2015-11-25,0.21,79.8,0.0,1015.2
2015-11-26,1.5,73.5,0.0,1010.0
2015-11-27,1.79,78.8,0.1,1016.10004
2015-11-28,2.49,81.3,2.7,1011.5
2015-11-29,5.5699997,67.3,0.7,1019.60004
2015-11-30,7.46,76.4,2.1000001,1018.60004
2015-12-01,9.04,71.5,0.0,1019.2
2015-12-02,7.6299996,80.4,0.0,1027.8
2015-12-03,7.0299997,84.9,0.0,1032.2001
2015-12-04,5.5099998,92.200005,0.0,1034.5
2015-12-05,4.7799997,,0.0,1036.7001
2015-12-06,4.29,,0.0,1035.3
2015-12-07,4.29,,0.0,1038.0
2015-12-08,4.6,,0.0,1038.4
2015-12-09,3.84,92.4,0.0,1034.9
2015-12-10,4.63,91.0,0.0,1036.1
2015-12-11,2.51,,0.0,1032.3
2015-12-12,2.48,,0.0,1026.6
2015-12-13,0.16,,0.0,1022.9
2015-12-14,1.11,,0.0,1028.0
2015-12-15,0.53,92.8,0.0,1029.8
2015-12-16,1.53,,0.0,1033.4
2015-12-17,1.04,,0.0,1034.2001
2015-12-18,2.56,92.9,1.6,1028.8
2015-12-19,3.4299998,,0.0,1030.0
2015-12-20,3.59,,0.0,1032.5
2015-12-21,2.79,,0.0,1031.1
2015-12-22,3.59,,0.0,1032.2001
2015-12-23,3.29,,0.0,1030.8
2015-12-24,3.1,,0.0,1032.3
2015-12-25,4.21,,0.0,1034.0
2015-12-26,2.4299998,,0.0,1034.1
2015-12-27,1.31,,0.0,1033.4
2015-12-28,0.19,,0.0,1032.4
2015-12-29,2.78,89.200005,0.0,1032.9
2015-12-30,-0.29999998,57.3,0.0,1038.0
2015-12-31,-3.97,61.7,0.0,1035.7001
2016-01-01,-5.37,87.0,0.0,1029.1
2016-01-02,-5.46,84.1,0.0,1026.7001
2016-01-03,-7.3399997,63.100002,0.0,1020.10004
2016-01-04,-8.7699995,81.6,1.6,1007.4
2016-01-05,-5.67,90.6,0.0,1005.5
2016-01-06,-2.12,92.4,6.4,1004.7
2016-01-07,-0.01,87.200005,0.0,1001.0
2016-01-08,-3.76,,2.0,1010.2
2016-01-09,0.26999998,,18.9,1010.2
2016-01-10,1.36,,4.5,1004.5
2016-01-11,3.31,,8.8,999.4
2016-01-12,5.73,85.700005,0.0,999.0
2016-01-13,5.2799997,70.9,0.0,1009.4
2016-01-14,3.73,75.4,2.8,1015.8
2016-01-15,2.46,83.5,0.0,1008.8
2016-01-16,1.3199999,74.200005,0.0,1014.2
2016-01-17,-1.8399999,61.7,0.0,1016.0
2016-01-18,-3.3799999,61.7,0.0,1020.9
2016-01-19,-4.75,74.4,0.0,1020.7
2016-01-20,-2.7,67.4,0.0,1019.3
2016-01-21,-1.64,71.5,0.0,1024.6
2016-01-22,-4.94,73.4,0.0,1035.5
2016-01-23,-5.0499997,81.1,1.9,1035.6
2016-01-24,-1.8299999,92.5,0.0,1034.6
2016-01-25,-0.45,,2.3,1030.6
2016-01-26,1.67,,0.0,1028.8
2016-01-27,1.25,,0.0,1026.7001
2016-01-28,3.6599998,,0.0,1024.8
2016-01-29,3.62,,1.5,1029.5
2016-01-30,2.53,,0.0,1025.0
2016-01-31,5.5299997,78.5,3.7,1014.60004
2016-02-01,6.52,,1.2,1018.3
2016-02-02,8.19,87.200005,0.0,1020.5
2016-02-03,7.64,85.0,11.2,1015.5
2016-02-04,4.33,70.4,0.0,1019.9
2016-02-05,3.22,68.9,0.0,1025.5
2016-02-06,3.28,76.200005,0.0,1027.4
2016-02-07,5.0899997,73.3,0.0,1019.4
2016-02-08,6.49,79.9,0.8,1015.4
2016-02-09,10.2699995,71.700005,6.1,1009.2
2016-02-10,6.5099998,83.8,12.3,994.0
2016-02-11,4.8599997,69.8,0.0,1006.8
2016-02-12,3.81,78.6,1.7,1007.9
2016-02-13,4.74,92.200005,5.7000003,996.8
2016-02-14,7.3999996,87.200005,6.8,996.9
2016-02-15,7.64,,8.5,1005.9
2016-02-16,6.48,92.1,1.0,1027.1
2016-02-17,6.6299996,85.0,0.0,1025.2001
2016-02-18,8.41,87.6,11.2,1017.7
2016-02-19,5.23,90.6,4.5,1015.10004
2016-02-20,4.83,70.4,0.0,1022.7
2016-02-21,6.94,85.5,1.1,1016.10004
2016-02-22,10.03,76.6,0.0,1012.2
2016-02-23,9.03,89.200005,5.5,1008.9
2016-02-24,5.02,67.200005,0.0,1015.2
2016-02-25,1.9599999,87.0,1.1,1014.4
2016-02-26,3.3899999,67.6,0.0,1013.5
2016-02-27,3.53,63.600002,0.0,1016.10004
2016-02-28,6.41,80.8,0.0,1017.4
2016-02-29,8.7699995,81.5,22.6,1012.7
2016-03-01,5.04,86.700005,6.7000003,1010.5
2016-03-02,5.5899997,72.3,0.0,1010.4
2016-03-03,6.02,74.3,1.9,1001.2
2016-03-04,7.48,72.9,0.0,1001.4
2016-03-05,6.35,77.4,0.0,1005.7
2016-03-06,8.01,82.200005,2.1000001,1002.60004
2016-03-07,7.17,92.0,7.4,1002.9
2016-03-08,6.0499997,82.6,0.0,1010.8
2016-03-09,6.15,78.9,0.0,1013.3
2016-03-10,9.58,69.9,0.0,1010.8
2016-03-11,11.11,61.7,0.0,1016.10004
2016-03-12,8.91,66.700005,0.0,1022.0
2016-03-13,9.2,57.3,0.0,1024.6
2016-03-14,6.47,49.8,0.0,1025.7001
2016-03-15,2.74,86.700005,7.7000003,1019.0
2016-03-16,5.79,78.5,0.0,1028.9
2016-03-17,6.3199997,65.3,0.0,1027.7001
2016-03-18,7.87,60.2,0.0,1016.2
2016-03-19,7.3199997,59.5,0.0,1016.2
2016-03-20,5.31,62.7,0.0,1016.9
2016-03-21,7.0699997,61.8,0.0,1014.9
2016-03-22,7.66,59.9,0.0,1010.5
2016-03-23,6.1099997,65.6,0.0,1005.2
2016-03-24,7.12,45.0,0.0,1007.4
2016-03-25,5.7599998,54.8,0.0,1016.0
2016-03-26,8.0,70.4,0.0,1017.2
2016-03-27,7.75,67.8,0.0,1017.4
2016-03-28,8.7,69.6,0.0,1014.10004
2016-03-29,9.54,80.0,2.0,1013.7
2016-03-30,12.21,73.3,0.0,1016.8
2016-03-31,14.74,65.0,0.0,1013.9
2016-04-01,15.91,54.8,0.0,1012.8
2016-04-02,10.29,44.2,0.0,1025.4
2016-04-03,12.99,49.2,0.0,1019.8
2016-04-04,16.85,55.8,0.0,1011.0
2016-04-05,17.82,54.0,0.0,1008.0
2016-04-06,16.67,59.7,0.0,1008.8
2016-04-07,17.289999,58.8,0.0,1009.8
2016-04-08,16.1,74.3,2.1000001,1003.7
2016-04-09,10.55,85.3,0.0,1003.10004
2016-04-10,10.19,77.3,0.0,1007.8
2016-04-11,11.98,72.3,0.0,1012.0
2016-04-12,13.73,69.5,0.0,1011.5
2016-04-13,15.299999,63.3,0.0,1007.5
2016-04-14,13.74,68.200005,0.0,1005.4
2016-04-15,14.38,57.100002,0.0,1011.7
2016-04-16,17.09,50.100002,0.0,1009.7
2016-04-17,18.55,49.600002,0.0,1010.0
2016-04-18,15.87,63.100002,0.0,1014.9
2016-04-19,13.45,51.7,0.0,1018.8
2016-04-20,11.48,45.4,0.0,1024.4
2016-04-21,11.559999,51.600002,0.0,1025.0
2016-04-22,14.37,49.4,0.0,1014.2
2016-04-23,14.49,54.9,2.2,1006.10004
2016-04-24,9.07,72.8,3.1000001,1003.0
2016-04-25,6.79,63.600002,0.2,1006.7
2016-04-26,8.929999,50.2,0.0,1008.60004
2016-04-27,7.3999996,76.6,4.9,1010.0
2016-04-28,8.15,63.100002,0.0,1018.2
2016-04-29,10.92,63.5,0.0,1019.7
2016-04-30,12.45,62.3,0.0,1019.5
2016-05-01,14.309999,71.6,3.4,1016.60004
2016-05-02,14.45,83.6,3.1000001,1015.3
2016-05-03,14.41,73.6,2.5,1011.60004
2016-05-04,14.75,72.5,1.2,1015.3
2016-05-05,15.929999,64.6,1.3000001,1020.10004
2016-05-06,16.8,55.8,0.0,1018.0
2016-05-07,16.699999,56.100002,0.0,1015.60004
2016-05-08,15.469999,56.2,0.0,1017.2
2016-05-09,16.57,58.8,1.0,1019.10004
2016-05-10,13.54,84.4,2.7,1017.60004
2016-05-11,14.889999,83.9,0.0,1011.60004
2016-05-12,15.549999,87.700005,18.7,1001.9
2016-05-13,16.63,74.4,1.6,996.4
2016-05-14,15.049999,82.6,4.5,1000.10004
2016-05-15,11.54,62.3,0.2,1012.2
2016-05-16,10.969999,57.7,0.0,1017.4
2016-05-17,10.83,63.600002,0.0,1017.60004
2016-05-18,13.219999,59.3,0.0,1015.3
2016-05-19,14.63,66.8,0.0,1012.9
2016-05-20,17.46,54.2,0.0,1016.2
2016-05-21,18.63,56.7,0.0,1018.7
2016-05-22,19.84,56.4,0.0,1017.0
2016-05-23,21.16,55.0,7.9,1010.10004
2016-05-24,16.1,83.0,15.5,1005.0
2016-05-25,18.8,71.8,0.2,1007.9
2016-05-26,19.869999,66.1,0.0,1013.8
2016-05-27,20.9,65.9,0.0,1016.3
2016-05-28,22.02,62.4,0.0,1014.10004
2016-05-29,23.56,59.100002,2.5,1008.7
2016-05-30,21.41,69.9,1.0,1008.5
2016-05-31,20.539999,59.8,0.0,1010.60004
2016-06-01,19.17,65.1,9.5,1012.7
2016-06-02,17.26,85.0,3.5,1010.8
2016-06-03,19.71,71.3,0.0,1009.60004
2016-06-04,20.029999,77.9,2.4,1010.7
2016-06-05,19.57,78.6,3.1000001,1013.3
2016-06-06,21.189999,59.2,0.0,1016.4
2016-06-07,18.59,48.5,0.0,1021.5
2016-06-08,18.98,55.0,0.0,1018.3
2016-06-09,19.46,63.0,0.0,1012.60004
2016-06-10,18.48,76.3,0.0,1011.10004
2016-06-11,18.539999,80.1,15.6,1010.3
2016-06-12,17.97,83.5,0.0,1009.2
2016-06-13,18.27,83.3,5.6,1002.60004
2016-06-14,20.109999,68.1,0.0,999.8
2016-06-15,17.699999,83.9,5.9,1003.2
2016-06-16,21.51,70.3,0.0,1008.0
2016-06-17,23.32,63.7,0.0,1008.5
2016-06-18,21.26,56.7,0.0,1016.5
2016-06-19,21.43,61.8,1.9,1015.4
2016-06-20,21.82,70.3,0.0,1016.7
2016-06-21,22.689999,65.0,0.0,1021.7
2016-06-22,25.21,55.7,0.0,1022.9
2016-06-23,26.949999,53.7,0.0,1021.8
2016-06-24,28.349998,60.0,0.0,1017.8
2016-06-25,28.41,55.4,0.7,1013.5
2016-06-26,25.59,64.200005,2.1000001,1013.60004
2016-06-27,21.93,73.200005,0.6,1013.9
2016-06-28,21.59,63.3,0.0,1014.3
2016-06-29,23.25,57.0,0.0,1015.3
2016-06-30,24.92,58.7,0.0,1015.2
2016-07-01,25.779999,60.100002,0.0,1015.7
2016-07-02,26.599998,59.5,1.9,1013.8
2016-07-03,21.58,65.6,0.0,1015.9
2016-07-04,21.199999,50.3,0.0,1020.2
2016-07-05,22.939999,50.5,0.0,1016.4
2016-07-06,22.369999,50.2,0.0,1014.3
2016-07-07,19.8,44.9,0.0,1019.60004
2016-07-08,21.869999,50.0,0.0,1019.10004
2016-07-09,23.14,52.5,0.0,1015.7
2016-07-10,23.449999,51.100002,0.0,1017.4
2016-07-11,25.76,51.5,0.0,1015.10004
2016-07-12,27.34,49.7,0.0,1011.4
2016-07-13,25.289999,67.700005,27.9,1009.2
2016-07-14,18.289999,78.3,2.4,1009.7
2016-07-15,18.59,59.600002,7.4,1017.2
2016-07-16,15.23,91.700005,28.1,1014.60004
2016-07-17,16.21,89.200005,7.8,1014.5
2016-07-18,21.619999,66.700005,0.0,1017.0
2016-07-19,21.72,60.8,0.0,1018.8
2016-07-20,21.41,63.2,0.0,1017.10004
2016-07-21,22.859999,62.5,7.0,1015.3
2016-07-22,23.769999,75.3,0.0,1014.9
2016-07-23,24.06,80.6,19.6,1015.7
2016-07-24,25.42,69.3,0.0,1016.5
2016-07-25,23.73,75.6,0.0,1015.7
2016-07-26,23.81,76.9,0.7,1015.3
2016-07-27,23.88,77.6,0.0,1015.2
2016-07-28,21.39,91.700005,25.1,1014.8
2016-07-29,23.689999,73.3,0.0,1014.0
2016-07-30,24.88,68.1,0.0,1014.5
2016-07-31,25.699999,67.5,9.900001,1012.4
2016-08-01,22.119999,73.8,0.0,1014.0
2016-08-02,21.35,65.200005,0.0,1016.3
2016-08-03,21.539999,66.9,0.0,1016.5
2016-08-04,23.869999,69.0,0.0,1015.60004
2016-08-05,25.31,65.1,1.4,1012.10004
2016-08-06,20.779999,75.4,0.6,1017.9
2016-08-07,21.51,56.4,0.0,1023.3
2016-08-08,20.89,58.2,0.0,1021.4
2016-08-09,21.93,62.4,0.0,1016.2
2016-08-10,17.89,80.700005,2.7,1013.5
2016-08-11,15.63,72.3,0.0,1019.5
2016-08-12,16.55,60.5,0.0,1024.0
2016-08-13,18.699999,70.8,0.0,1024.7001
2016-08-14,20.88,70.3,0.0,1022.2
2016-08-15,22.21,70.1,0.0,1019.2
2016-08-16,21.42,62.7,7.3,1015.8
2016-08-17,18.57,78.200005,6.6,1011.9
2016-08-18,19.34,74.5,0.0,1012.7
2016-08-19,21.15,70.5,0.0,1013.5
2016-08-20,23.06,69.9,0.0,1016.3
2016-08-21,22.119999,74.9,0.5,1016.0
2016-08-22,16.18,89.700005,29.0,1019.7
2016-08-23,20.26,69.5,0.0,1023.4
2016-08-24,21.4,66.9,0.0,1023.10004
2016-08-25,21.43,61.5,0.0,1022.2
2016-08-26,21.52,62.100002,0.0,1022.2
2016-08-27,21.92,62.100002,0.0,1022.10004
2016-08-28,22.609999,65.5,0.0,1019.0
2016-08-29,23.32,64.8,0.0,1016.0
2016-08-30,22.47,64.3,0.0,1019.3
2016-08-31,20.47,58.0,0.0,1022.8
2016-09-01,19.869999,64.0,0.0,1021.2
2016-09-02,21.1,65.1,0.0,1019.0
2016-09-03,21.73,63.9,0.0,1018.60004
2016-09-04,22.06,65.0,3.2,1015.60004
2016-09-05,17.82,83.0,7.6,1012.9
2016-09-06,18.029999,80.1,0.0,1018.3
2016-09-07,21.73,68.9,0.0,1021.5
2016-09-08,22.57,65.0,0.0,1016.9
2016-09-09,23.019999,65.3,0.0,1016.0
2016-09-10,23.14,66.5,0.0,1016.4
2016-09-11,23.58,66.3,0.0,1017.5
2016-09-12,23.59,65.5,0.0,1018.7
2016-09-13,21.65,72.9,0.7,1017.10004
2016-09-14,20.68,76.3,0.0,1015.4
2016-09-15,21.33,67.9,0.0,1016.2
2016-09-16,21.83,70.3,1.1,1014.0
2016-09-17,19.22,87.4,13.400001,1010.60004
2016-09-18,17.85,78.0,0.0,1011.3
2016-09-19,17.83,82.4,8.7,1007.3
2016-09-20,15.559999,67.8,0.0,1012.0
2016-09-21,14.0199995,64.200005,0.0,1017.3
2016-09-22,13.33,68.0,0.0,1021.4
2016-09-23,13.33,65.700005,0.0,1025.1
2016-09-24,14.54,69.6,0.0,1025.8
2016-09-25,14.0199995,75.5,0.0,1022.4
2016-09-26,14.29,69.0,0.0,1022.5
2016-09-27,14.309999,65.200005,0.0,1025.9
2016-09-28,15.299999,65.700005,0.0,1027.7001
2016-09-29,17.58,65.1,0.0,1023.0
2016-09-30,16.609999,70.8,0.0,1018.3
2016-10-01,16.75,74.1,0.0,1014.8
2016-10-02,16.109999,81.5,4.2000003,1014.7
2016-10-03,14.88,74.0,0.4,1017.60004
2016-10-04,12.17,81.0,3.5,1017.10004
2016-10-05,8.73,63.3,6.6,1018.7
2016-10-06,6.5899997,90.5,6.1,1014.0
2016-10-07,6.7,79.6,0.0,1017.5
2016-10-08,7.47,74.0,0.0,1018.8
2016-10-09,8.809999,76.700005,0.0,1022.3
2016-10-10,8.95,73.4,2.7,1020.9
2016-10-11,8.349999,82.0,2.0,1014.3
2016-10-12,9.13,84.4,0.0,1011.3
2016-10-13,8.79,84.5,0.0,1019.3
2016-10-14,8.45,78.4,0.0,1022.60004
2016-10-15,10.69,80.8,1.3000001,1019.10004
2016-10-16,12.69,86.5,0.0,1021.4
2016-10-17,9.67,91.200005,0.0,1028.6
2016-10-18,9.63,76.1,0.0,1026.0
2016-10-19,9.96,80.0,0.0,1021.8
2016-10-20,9.71,84.9,2.3,1016.8
2016-10-21,9.099999,,7.8,1014.3
2016-10-22,8.94,75.3,0.0,1017.10004
2016-10-23,7.68,88.1,0.0,1021.2
2016-10-24,11.13,91.1,0.0,1022.3
2016-10-25,13.799999,87.6,7.8,1021.5
2016-10-26,12.599999,86.8,0.0,1023.8
2016-10-27,8.309999,73.8,0.0,1030.8
2016-10-28,6.71,76.0,0.1,1033.7001
2016-10-29,10.71,74.6,0.0,1027.0
2016-10-30,8.63,66.4,0.0,1025.3
2016-10-31,6.98,67.0,0.0,1026.9
2016-11-01,7.64,75.8,0.0,1022.8
2016-11-02,8.54,73.9,0.0,1014.10004
2016-11-03,6.43,62.3,0.0,1020.0
2016-11-04,2.8,71.9,0.0,1023.60004
2016-11-05,4.69,83.1,11.900001,1013.60004
2016-11-06,12.33,89.6,7.0,999.10004
2016-11-07,6.6,81.4,0.0,1006.0
2016-11-08,5.24,80.6,0.0,1009.7
2016-11-09,4.17,71.8,0.0,1008.10004
2016-11-10,2.1399999,84.9,0.6,1012.10004
2016-11-11,5.0499997,87.4,3.3,1015.4
2016-11-12,5.16,85.6,10.0,1015.0
2016-11-13,2.19,72.5,0.0,1022.8
2016-11-14,2.44,71.9,0.0,1033.4
2016-11-15,0.48,80.3,0.0,1033.9
2016-11-16,1.5899999,86.4,2.8,1026.1
2016-11-17,4.04,89.6,0.1,1020.60004
2016-11-18,8.349999,76.4,0.0,1017.60004
2016-11-19,11.179999,70.8,0.0,1016.4
2016-11-20,10.0199995,81.4,0.0,1019.2
2016-11-21,8.46,80.700005,0.0,1021.7
2016-11-22,7.14,81.200005,0.0,1023.9
2016-11-23,5.95,82.200005,0.0,1026.0
2016-11-24,5.43,81.0,0.0,1023.8
2016-11-25,6.83,83.4,0.0,1020.9
2016-11-26,5.8799996,86.9,0.0,1018.9
2016-11-27,7.18,74.3,0.0,1011.9
2016-11-28,2.09,64.5,0.0,1019.60004
2016-11-29,0.48999998,58.9,0.0,1030.0
2016-11-30,0.35999998,63.7,0.0,1029.3
2016-12-01,3.62,77.4,0.0,1018.3
2016-12-02,5.5299997,61.2,0.0,1011.0
2016-12-03,1.0,69.6,0.0,1024.5
2016-12-04,-2.23,79.8,0.0,1031.5
2016-12-05,-2.99,87.6,0.0,1033.1
2016-12-06,-2.23,85.3,0.0,1029.8
2016-12-07,-2.26,83.8,0.0,1039.4
2016-12-08,-2.6799998,,0.0,1037.4
2016-12-09,1.91,78.1,0.0,1029.1
2016-12-10,6.43,72.700005,0.0,1024.9
2016-12-11,5.7599998,65.9,0.0,1017.10004
2016-12-12,5.98,68.9,0.0,1017.7
2016-12-13,-1.86,63.4,0.0,1031.8
2016-12-14,-2.72,74.8,0.0,1026.8
2016-12-15,-1.62,90.6,0.0,1030.3
2016-12-16,-0.83,79.9,0.0,1038.1
2016-12-17,-4.0899997,91.8,0.0,1040.0
2016-12-18,-2.57,90.4,0.0,1036.0
2016-12-19,-3.33,91.1,0.0,1037.7001
2016-12-20,-3.4199998,,0.0,1036.2001
2016-12-21,-3.3999999,,0.0,1038.2001
2016-12-22,-2.47,85.4,0.0,1037.8
2016-12-23,-2.3,90.4,0.0,1037.3
2016-12-24,-1.41,,0.0,1032.5
2016-12-25,2.4299998,90.9,0.90000004,1025.3
2016-12-26,8.46,75.5,0.0,1024.6
2016-12-27,5.87,58.4,0.0,1027.6
2016-12-28,2.96,49.8,0.0,1030.6
2016-12-29,0.53999996,58.600002,0.0,1038.6
2016-12-30,-2.78,73.5,0.0,1039.5
2016-12-31,-3.9599998,82.9,0.0,1034.3
2017-01-01,-6.5,91.1,0.0,1026.5
2017-01-02,-4.95,,0.0,1020.0
2017-01-03,0.25,72.9,0.0,1021.60004
2017-01-04,0.28,73.6,0.0,1010.2
2017-01-05,-0.39999998,60.9,0.0,1013.7
2017-01-06,-7.45,45.600002,0.0,1028.6
2017-01-07,-11.83,48.600002,0.0,1031.0
2017-01-08,-11.78,49.7,0.0,1027.0
2017-01-09,-7.74,63.600002,0.0,1024.9
2017-01-10,-9.4,74.3,0.0,1024.3
2017-01-11,-7.44,64.200005,0.3,1020.4
2017-01-12,-3.3899999,74.1,2.4,1014.5
2017-01-13,0.71,91.5,13.900001,1002.60004
2017-01-14,1.87,75.9,0.0,1004.2
2017-01-15,0.14999999,74.1,0.0,1018.10004
2017-01-16,-4.54,84.0,0.0,1022.2
2017-01-17,-1.54,65.0,0.0,1026.7001
2017-01-18,-2.07,66.6,0.0,1033.9
2017-01-19,-4.24,68.9,0.0,1037.6
2017-01-20,-6.08,78.0,0.0,1038.2001
2017-01-21,-5.83,78.3,0.0,1036.0
2017-01-22,-4.95,76.1,0.0,1036.0
2017-01-23,-5.3599997,88.6,0.0,1030.5
2017-01-24,-4.89,87.0,0.0,1026.3
2017-01-25,-2.8799999,81.1,0.0,1030.6
2017-01-26,-2.29,71.0,0.0,1034.4
2017-01-27,-6.5499997,90.700005,0.0,1033.8
2017-01-28,-8.15,89.200005,0.0,1030.3
2017-01-29,-8.59,87.1,0.0,1030.4
2017-01-30,-6.8799996,91.0,0.0,1028.9
2017-01-31,-4.52,90.9,8.7,1024.7001
2017-02-01,0.45,,12.5,1023.3
2017-02-02,2.71,,0.0,1019.7
2017-02-03,6.3399997,84.5,0.0,1012.4
2017-02-04,4.0,87.3,7.1,1008.8
2017-02-05,5.17,82.0,1.5,1007.60004
2017-02-06,4.33,89.4,4.4,1011.0
2017-02-07,2.33,87.1,1.5,1015.4
2017-02-08,-0.12,86.8,0.0,1023.5
2017-02-09,0.34,82.4,0.0,1029.9
2017-02-10,0.39,90.3,0.0,1030.6
2017-02-11,-0.03,72.9,0.0,1030.5
2017-02-12,-0.61,77.1,0.0,1034.4
2017-02-13,-1.7099999,87.200005,0.0,1037.1
2017-02-14,-2.8899999,,0.0,1037.7001
2017-02-15,-2.1399999,,0.0,1038.0
2017-02-16,-2.3,,0.0,1035.3
2017-02-17,-1.53,,0.0,1025.9
2017-02-18,0.93,91.0,0.0,1024.7001
2017-02-19,2.01,91.0,0.0,1026.0
2017-02-20,2.1,90.3,0.0,1022.7
2017-02-21,5.95,80.6,0.0,1013.5
2017-02-22,7.73,75.4,0.0,1013.0
2017-02-23,9.5199995,71.0,0.0,1007.3
2017-02-24,9.49,55.8,0.0,1007.0
2017-02-25,4.37,53.3,0.0,1022.7
2017-02-26,3.78,60.8,0.0,1021.9
2017-02-27,8.01,60.9,0.0,1015.60004
2017-02-28,12.07,57.0,4.4,1005.5
2017-03-01,7.4199996,68.9,0.0,1006.3
2017-03-02,7.0699997,68.200005,0.0,1014.3
2017-03-03,8.49,50.7,0.0,1019.60004
2017-03-04,11.23,51.2,0.0,1010.60004
2017-03-05,10.7,68.6,9.400001,1008.7
2017-03-06,7.62,76.4,0.0,1005.3
2017-03-07,7.16,68.3,0.0,1009.0
2017-03-08,9.67,56.5,0.0,1019.4
2017-03-09,7.6,70.700005,9.3,1019.2
2017-03-10,5.7,87.200005,5.2000003,1015.5
2017-03-11,6.8599997,61.3,0.0,1020.0
2017-03-12,6.14,58.7,0.0,1018.0
2017-03-13,7.6099997,59.0,0.0,1022.5
2017-03-14,6.54,62.100002,0.0,1027.0
2017-03-15,7.24,67.4,0.0,1026.7001
2017-03-16,9.17,52.5,0.0,1022.3
2017-03-17,8.71,54.2,2.3,1017.3
2017-03-18,9.4,83.200005,9.1,1006.9
2017-03-19,8.7,68.9,2.3,1009.5
2017-03-20,11.79,70.0,0.0,1010.9
2017-03-21,12.429999,69.0,0.0,1011.3
2017-03-22,15.21,65.4,0.0,1012.10004
2017-03-23,15.469999,65.8,0.0,1016.8
2017-03-24,13.59,68.9,0.0,1021.7
2017-03-25,10.82,54.2,0.0,1024.1
2017-03-26,8.639999,44.7,0.0,1021.3
2017-03-27,7.64,50.5,0.0,1026.6
2017-03-28,11.7699995,48.8,0.0,1023.2
2017-03-29,15.36,45.8,0.0,1021.60004
2017-03-30,15.349999,50.3,0.0,1024.8
2017-03-31,13.79,53.9,0.0,1024.8
2017-04-01,14.92,51.600002,0.0,1018.0
2017-04-02,15.71,50.9,0.0,1017.4
2017-04-03,17.01,44.0,0.0,1017.9
2017-04-04,16.51,54.0,0.5,1016.3
2017-04-05,12.599999,80.4,3.7,1016.3
2017-04-06,10.08,59.8,0.0,1014.60004
2017-04-07,8.22,67.700005,0.0,1016.8
2017-04-08,12.28,62.100002,0.0,1019.60004
2017-04-09,12.11,59.7,0.0,1026.1
2017-04-10,13.69,59.4,0.0,1020.5
2017-04-11,11.71,54.7,0.0,1017.60004
2017-04-12,10.3,50.2,0.0,1019.5
2017-04-13,11.759999,66.1,0.0,1011.7
2017-04-14,11.46,58.4,0.0,1015.0
2017-04-15,11.49,63.9,0.0,1015.10004
2017-04-16,11.25,55.100002,0.0,1013.8
2017-04-17,8.8,53.9,2.1000001,1015.0
2017-04-18,7.96,68.1,5.7000003,1013.10004
2017-04-19,2.79,90.5,26.2,1012.3
2017-04-20,3.58,83.9,6.5,1021.60004
2017-04-21,6.3799996,51.9,0.0,1025.9
2017-04-22,9.26,61.100002,0.0,1018.0
2017-04-23,8.37,54.9,0.0,1018.60004
2017-04-24,9.22,55.5,0.0,1020.3
2017-04-25,14.91,55.2,0.0,1011.5
2017-04-26,16.75,51.7,0.0,1010.0
2017-04-27,15.0,69.6,1.0,1010.2
2017-04-28,13.49,83.6,5.1,1007.60004
2017-04-29,9.2699995,72.1,0.1,1016.2
2017-04-30,10.94,65.4,0.0,1018.8
2017-05-01,12.11,68.8,0.0,1015.7
2017-05-02,16.63,66.6,0.1,1016.0
2017-05-03,14.599999,80.0,12.7,1016.7
2017-05-04,15.589999,73.700005,5.7000003,1015.5
2017-05-05,14.719999,83.0,6.4,1014.7
2017-05-06,16.609999,76.1,0.2,1012.3
2017-05-07,15.61,79.6,3.7,1007.4
2017-05-08,15.07,64.200005,0.0,1007.5
2017-05-09,11.04,63.4,0.0,1011.7
2017-05-10,9.719999,52.100002,0.0,1014.4
2017-05-11,15.4,60.2,0.0,1008.9
2017-05-12,18.619999,66.3,0.1,1005.3
2017-05-13,17.539999,77.8,1.5,1009.60004
2017-05-14,18.13,66.0,0.0,1018.5
2017-05-15,18.81,57.7,0.0,1024.3
2017-05-16,19.17,63.5,0.0,1025.9
2017-05-17,18.56,56.7,0.0,1024.1
2017-05-18,19.119999,57.0,0.0,1018.8
2017-05-19,20.359999,53.600002,0.0,1014.2
2017-05-20,18.66,64.1,3.1000001,1012.60004
2017-05-21,19.609999,64.1,0.0,1016.2
2017-05-22,20.359999,61.0,0.0,1016.60004
2017-05-23,19.22,68.4,13.6,1016.10004
2017-05-24,18.05,68.1,0.0,1015.10004
2017-05-25,15.74,64.700005,0.0,1016.5
2017-05-26,18.44,55.7,0.0,1017.10004
2017-05-27,19.289999,50.9,0.0,1019.9
2017-05-28,19.279999,50.5,0.0,1023.2
2017-05-29,20.8,53.3,0.0,1018.0
2017-05-30,22.84,51.600002,0.0,1014.5
2017-05-31,23.33,61.2,0.0,1016.0
2017-06-01,22.91,53.5,0.0,1017.7
2017-06-02,21.99,47.4,0.0,1017.10004
2017-06-03,23.81,53.5,0.0,1014.5
2017-06-04,23.609999,60.7,0.3,1012.0
2017-06-05,22.43,59.100002,0.0,1013.3
2017-06-06,23.47,64.6,0.0,1009.0
2017-06-07,18.92,53.8,0.0,1015.0
2017-06-08,19.47,41.8,0.0,1018.9
2017-06-09,20.55,49.2,0.0,1017.60004
2017-06-10,20.029999,59.4,0.0,1017.10004
2017-06-11,20.81,57.0,0.0,1018.7
2017-06-12,23.58,52.600002,0.0,1014.2
2017-06-13,24.039999,45.600002,0.0,1013.3
2017-06-14,21.05,45.3,0.0,1015.9
2017-06-15,21.21,48.2,0.0,1017.60004
2017-06-16,19.539999,68.200005,2.0,1015.0
2017-06-17,17.65,59.100002,0.0,1016.5
2017-06-18,20.189999,60.100002,0.0,1018.8
2017-06-19,23.25,51.600002,0.0,1020.8
2017-06-20,25.05,50.2,0.0,1016.5
2017-06-21,25.439999,53.0,0.0,1012.9
2017-06-22,26.64,54.5,1.3000001,1013.8
2017-06-23,25.779999,55.9,0.0,1011.10004
2017-06-24,26.279999,49.8,2.3,1014.0
2017-06-25,22.57,78.3,8.3,1012.60004
2017-06-26,22.92,69.200005,0.0,1012.10004
2017-06-27,25.06,61.2,0.0,1011.0
2017-06-28,26.699999,60.5,4.2000003,1004.5
2017-06-29,23.09,67.1,1.7,1001.8
2017-06-30,23.57,57.5,12.1,1008.3
2017-07-01,20.48,70.700005,1.2,1010.5
2017-07-02,20.939999,61.3,0.0,1013.0
2017-07-03,21.31,49.3,0.0,1016.60004
2017-07-04,21.26,51.600002,0.0,1019.7
2017-07-05,24.57,52.9,0.0,1018.10004
2017-07-06,24.49,53.3,0.0,1017.60004
2017-07-07,23.289999,55.8,0.0,1017.10004
2017-07-08,24.35,62.5,0.0,1013.9
2017-07-09,25.24,62.9,0.0,1014.60004
2017-07-10,27.109999,57.8,13.5,1011.5
2017-07-11,24.6,66.0,4.0,1012.0
2017-07-12,24.25,68.0,0.0,1012.5
2017-07-13,21.23,52.600002,0.0,1015.2
2017-07-14,18.359999,54.4,0.0,1016.2
2017-07-15,18.08,63.5,0.0,1015.7
2017-07-16,19.699999,53.8,0.0,1020.60004
2017-07-17,21.63,49.8,0.0,1021.10004
2017-07-18,23.519999,48.0,0.0,1019.8
2017-07-19,25.24,47.0,0.0,1016.2
2017-07-20,26.939999,46.0,0.0,1011.2
2017-07-21,26.01,55.5,0.0,1012.3
2017-07-22,24.08,64.6,4.8,1014.4
2017-07-23,25.92,63.100002,0.0,1012.7
2017-07-24,23.73,74.0,10.1,1007.10004
2017-07-25,19.38,64.5,0.0,1003.9
2017-07-26,18.27,70.1,7.1,1006.0
2017-07-27,17.16,81.700005,0.0,1009.0
2017-07-28,22.16,61.5,0.0,1011.5
2017-07-29,22.97,53.2,0.0,1017.0
2017-07-30,24.92,55.9,0.0,1016.3
2017-07-31,26.26,57.9,0.0,1017.4
2017-08-01,28.349998,53.0,0.0,1019.0
2017-08-02,28.42,52.0,0.0,1017.5
2017-08-03,29.769999,48.7,0.0,1014.9
2017-08-04,30.08,50.7,0.0,1011.7
2017-08-05,29.939999,48.9,0.0,1012.7
2017-08-06,26.279999,63.600002,29.7,1014.3
2017-08-07,19.08,85.9,2.6000001,1019.4
2017-08-08,20.49,70.5,0.0,1018.3
2017-08-09,26.56,65.700005,0.0,1016.60004
2017-08-10,29.369999,57.7,0.0,1015.10004
2017-08-11,28.68,50.4,0.0,1010.8
2017-08-12,21.619999,59.2,0.0,1011.4
2017-08-13,19.21,66.5,0.1,1016.60004
2017-08-14,21.49,59.600002,0.0,1020.7
2017-08-15,22.88,54.100002,0.0,1020.8
2017-08-16,24.0,54.3,0.0,1019.3
2017-08-17,25.26,56.9,0.0,1018.0
2017-08-18,26.09,52.9,0.0,1016.9
2017-08-19,24.019999,58.9,22.7,1014.9
2017-08-20,18.72,75.6,2.4,1017.5
2017-08-21,17.98,59.8,0.0,1019.60004
2017-08-22,17.63,58.3,0.0,1018.9
2017-08-23,17.24,56.9,0.0,1018.3
2017-08-24,19.289999,59.4,0.0,1019.0
2017-08-25,23.51,58.8,0.0,1018.8
2017-08-26,25.3,59.3,0.0,1016.60004
2017-08-27,25.449999,58.9,0.5,1013.8
2017-08-28,22.15,55.100002,0.0,1016.4
2017-08-29,19.88,56.600002,0.0,1018.9
2017-08-30,20.289999,56.3,0.0,1017.9
2017-08-31,22.48,52.2,0.0,1014.5
2017-09-01,24.14,51.7,0.0,1011.5
2017-09-02,17.699999,72.8,20.7,1011.60004
2017-09-03,15.03,85.6,1.0,1008.3
2017-09-04,16.27,63.9,0.0,1014.8
2017-09-05,16.99,60.7,0.0,1018.2
2017-09-06,20.46,57.4,0.0,1014.2
2017-09-07,16.65,71.5,0.0,1015.5
2017-09-08,16.359999,64.5,0.0,1015.3
2017-09-09,19.09,63.8,0.0,1007.5
2017-09-10,21.16,64.1,0.0,1007.10004
2017-09-11,23.32,59.5,6.1,1003.7
2017-09-12,16.15,75.4,0.0,1005.9
2017-09-13,17.27,59.2,0.0,1015.7
2017-09-14,19.63,59.2,0.0,1010.7
2017-09-15,14.82,64.4,0.0,1016.7
2017-09-16,17.43,69.4,32.100002,1013.0
2017-09-17,15.38,90.9,3.3,1011.5
2017-09-18,14.19,73.6,0.0,1016.9
2017-09-19,13.63,84.200005,3.4,1012.0
2017-09-20,13.67,85.5,5.3,1011.4
2017-09-21,11.45,86.8,16.1,1012.9
2017-09-22,14.259999,73.8,0.0,1017.7
2017-09-23,12.92,76.5,0.0,1018.9
2017-09-24,12.5,84.0,0.0,1021.0
2017-09-25,13.98,76.9,0.0,1022.8
2017-09-26,17.23,68.8,0.0,1023.9
2017-09-27,16.09,71.3,0.0,1026.7001
2017-09-28,13.62,73.0,0.0,1029.7001
2017-09-29,11.809999,71.3,0.0,1028.5
2017-09-30,11.679999,70.5,0.0,1025.2001
2017-10-01,10.95,66.9,0.0,1025.4
2017-10-02,11.2699995,68.5,0.0,1025.0
2017-10-03,12.259999,79.200005,3.4,1019.0
2017-10-04,13.37,72.1,0.0,1023.4
2017-10-05,15.24,74.6,0.0,1012.10004
2017-10-06,12.509999,55.7,0.0,1012.10004
2017-10-07,11.23,66.3,0.0,1016.9
2017-10-08,10.599999,75.700005,0.0,1014.2
2017-10-09,10.76,64.9,0.0,1017.5
2017-10-10,12.679999,67.700005,0.0,1019.8
2017-10-11,14.32,74.0,0.0,1021.9
2017-10-12,14.559999,70.9,0.0,1021.9
2017-10-13,15.78,61.9,0.0,1024.7001
2017-10-14,13.599999,72.8,0.0,1027.6
2017-10-15,14.4,77.3,0.0,1028.5
2017-10-16,15.16,79.4,0.0,1028.3
2017-10-17,15.33,78.8,0.0,1025.3
2017-10-18,15.059999,81.200005,0.0,1018.8
2017-10-19,12.62,85.9,0.0,1016.4
2017-10-20,10.889999,87.6,0.0,1018.0
2017-10-21,11.44,84.8,0.0,1017.5
2017-10-22,10.91,,36.9,1014.5
2017-10-23,9.51,90.9,13.6,1007.5
2017-10-24,11.21,65.4,0.0,1018.10004
2017-10-25,9.38,76.700005,0.0,1025.6
2017-10-26,11.17,85.9,0.0,1024.2001
2017-10-27,10.73,86.8,3.2,1015.4
2017-10-28,10.179999,69.200005,0.90000004,1014.60004
2017-10-29,9.139999,70.8,10.8,1000.2
2017-10-30,6.5699997,63.600002,0.0,1014.8
2017-10-31,5.5699997,71.700005,0.0,1024.5
2017-11-01,8.059999,69.5,0.0,1024.1
2017-11-02,10.37,71.9,0.0,1016.8
2017-11-03,10.719999,68.9,0.0,1016.8
2017-11-04,6.8999996,82.8,0.0,1021.4
2017-11-05,8.32,82.200005,0.0,1016.8
2017-11-06,8.96,67.9,0.0,1016.9
2017-11-07,8.599999,71.3,0.0,1020.0
2017-11-08,8.16,75.8,0.0,1019.2
2017-11-09,8.929999,88.3,0.0,1022.4
2017-11-10,9.04,75.1,0.0,1020.60004
2017-11-11,8.08,72.9,0.0,1013.8
2017-11-12,8.37,79.5,5.5,1005.9
2017-11-13,6.2799997,83.200005,5.8,1004.4
2017-11-14,5.1099997,73.700005,0.0,1020.8
2017-11-15,3.04,77.4,0.0,1027.5
2017-11-16,5.95,68.3,0.0,1026.1
2017-11-17,6.2799997,76.9,2.6000001,1022.9
2017-11-18,5.2599998,85.1,1.0,1018.8
2017-11-19,4.87,77.9,0.0,1014.2
2017-11-20,4.96,69.700005,0.0,1016.5
2017-11-21,4.69,85.8,1.7,1016.4
2017-11-22,7.62,85.700005,0.0,1015.10004
2017-11-23,5.48,,0.0,1018.7
2017-11-24,6.22,,0.0,1020.4
2017-11-25,6.77,,1.5,1015.9
2017-11-26,6.3999996,75.1,0.3,1016.2
2017-11-27,2.96,69.5,0.0,1022.10004
2017-11-28,0.93,77.3,0.0,1016.9
2017-11-29,1.88,79.3,12.400001,1011.3
2017-11-30,2.44,91.200005,6.7000003,1002.9
2017-12-01,1.2099999,82.0,0.0,1014.8
2017-12-02,-0.35999998,82.200005,0.0,1021.3
2017-12-03,0.14999999,81.4,0.1,1020.3
2017-12-04,0.75,77.5,0.0,1023.5
2017-12-05,3.03,78.3,0.0,1028.4
2017-12-06,5.48,66.5,0.0,1028.4
2017-12-07,2.59,80.3,0.0,1025.7001
2017-12-08,2.27,90.4,12.0,1014.0
2017-12-09,2.4299998,75.9,0.0,1008.3
2017-12-10,1.29,63.5,0.5,1010.0
2017-12-11,8.2699995,65.700005,0.0,1002.8
2017-12-12,9.309999,72.4,4.5,1008.7
2017-12-13,3.55,74.6,0.0,1017.2
2017-12-14,2.6699998,92.6,0.0,1007.2
2017-12-15,5.64,88.200005,9.400001,1001.4
2017-12-16,3.4099998,82.1,0.90000004,1005.60004
2017-12-17,0.74,82.0,0.0,1018.60004
2017-12-18,-0.11,80.6,0.0,1024.0
2017-12-19,-1.4,78.5,0.0,1030.3
2017-12-20,-3.28,85.6,0.0,1033.3
2017-12-21,-1.4499999,89.700005,1.5,1032.4
2017-12-22,2.3,88.8,0.0,1029.0
2017-12-23,5.12,73.4,0.0,1025.9
2017-12-24,8.66,70.200005,0.0,1022.60004
2017-12-25,5.15,81.8,0.0,1023.0
2017-12-26,3.72,87.4,0.0,1014.7
2017-12-27,7.48,74.4,0.0,1002.2
2017-12-28,6.6299996,82.700005,2.1000001,993.8
2017-12-29,2.26,76.5,0.0,1007.0
2017-12-30,-0.47,78.3,0.90000004,1015.3
2017-12-31,3.79,85.9,1.3000001,1015.0
2018-01-01,3.52,90.9,1.7,1011.4
2018-01-02,4.79,83.8,0.2,1009.8
2018-01-03,3.9299998,81.4,1.6,1007.5
2018-01-04,5.0899997,78.3,0.3,1005.7
2018-01-05,6.46,88.200005,0.0,1007.4
2018-01-06,7.0099998,87.9,0.0,1012.7
2018-01-07,7.25,91.1,0.0,1021.5
2018-01-08,7.71,87.6,0.0,1028.1
2018-01-09,5.83,79.9,0.0,1027.9
2018-01-10,4.47,85.700005,1.8000001,1017.9
2018-01-11,5.58,90.0,0.0,1015.3
2018-01-12,5.18,86.8,0.0,1022.8
2018-01-13,2.5,88.9,4.7000003,1027.7001
2018-01-14,-0.7,86.3,0.6,1029.6
2018-01-15,-1.9,80.9,0.0,1027.5
2018-01-16,-2.03,89.8,1.6,1009.5
2018-01-17,1.5799999,86.0,0.0,1000.0
2018-01-18,4.12,62.9,0.90000004,1008.5
2018-01-19,4.43,81.8,1.1,1008.8
2018-01-20,1.86,81.0,1.4,1012.4
2018-01-21,0.76,89.1,2.2,1007.4
2018-01-22,-0.089999996,70.6,0.0,1016.4
2018-01-23,0.22999999,80.0,0.0,1025.1
2018-01-24,2.09,84.5,0.0,1032.2001
2018-01-25,0.59999996,77.5,0.0,1027.8
2018-01-26,1.5799999,75.0,0.0,1023.60004
2018-01-27,2.52,78.9,0.0,1030.6
2018-01-28,3.4499998,87.3,0.0,1033.3
2018-01-29,6.54,80.5,0.0,1027.2001
2018-01-30,7.3399997,58.100002,0.0,1024.6
2018-01-31,3.86,73.0,0.0,1021.3
2018-02-01,9.05,65.1,0.8,1007.2
2018-02-02,4.6,86.1,7.4,1007.0
2018-02-03,2.47,86.700005,6.9,1003.7
2018-02-04,2.25,79.200005,0.0,1013.7
2018-02-05,1.0,72.8,0.0,1023.7
2018-02-06,-0.45,83.200005,0.0,1021.7
2018-02-07,1.27,80.1,6.2000003,1013.60004
2018-02-08,3.03,91.8,4.5,1012.3
2018-02-09,1.67,80.3,0.0,1017.0
2018-02-10,1.99,80.6,0.0,1016.10004
2018-02-11,1.54,74.3,0.0,1012.0
2018-02-12,1.04,85.8,1.3000001,1013.10004
2018-02-13,1.37,93.4,8.5,1014.10004
2018-02-14,1.05,92.4,2.1000001,1014.10004
2018-02-15,1.79,77.9,0.0,1023.0
2018-02-16,1.6899999,81.700005,0.0,1027.2001
2018-02-17,0.78,87.4,4.3,1025.8
2018-02-18,1.8199999,80.9,0.0,1024.4
2018-02-19,1.22,63.5,0.0,1023.4
2018-02-20,0.78,86.3,10.0,1015.2
2018-02-21,1.4,93.3,1.7,1015.8
2018-02-22,1.25,79.3,1.7,1016.5
2018-02-23,0.95,85.700005,0.0,1018.0
2018-02-24,-0.75,71.3,0.0,1019.10004
2018-02-25,-5.43,47.100002,0.0,1023.7
2018-02-26,-5.9,50.600002,0.0,1018.2
2018-02-27,-6.98,79.0,1.0,1013.4
2018-02-28,-7.5,71.3,0.0,1020.2
2018-03-01,-7.79,70.4,0.0,1019.7
2018-03-02,-4.73,83.8,1.5,1003.9
2018-03-03,-1.55,73.3,0.0,1001.9
2018-03-04,-2.69,64.700005,0.0,1009.9
2018-03-05,-1.17,66.0,0.0,1007.2
2018-03-06,2.46,83.3,7.6,997.3
2018-03-07,3.8999999,89.9,0.0,999.8
2018-03-08,3.7099998,90.700005,4.0,1008.5
2018-03-09,5.7,79.4,0.0,1013.0
2018-03-10,8.62,73.1,0.0,1011.4
2018-03-11,11.4,72.3,1.4,1008.0
2018-03-12,13.48,66.0,0.0,1001.3
2018-03-13,10.639999,68.6,0.0,1004.60004
2018-03-14,8.889999,62.9,0.0,1009.3
2018-03-15,5.81,79.700005,1.4,1009.7
2018-03-16,6.62,93.5,14.5,1003.9
2018-03-17,4.16,92.5,13.900001,1001.8
2018-03-18,-1.24,84.200005,0.0,1005.60004
2018-03-19,-1.3,74.0,0.0,1008.4
2018-03-20,-0.29,68.6,0.0,1010.5
2018-03-21,1.9399999,61.8,0.0,1021.10004
2018-03-22,1.54,53.5,0.0,1020.0
2018-03-23,2.55,59.3,0.0,1005.60004
2018-03-24,0.83,79.200005,0.0,1008.5
2018-03-25,3.23,71.8,0.0,1013.5
2018-03-26,6.35,64.3,0.0,1012.4
2018-03-27,7.56,57.7,0.0,1012.5
2018-03-28,7.0699997,64.8,0.0,1011.4
2018-03-29,8.28,80.9,11.7,1008.8
2018-03-30,10.25,85.8,7.1,1010.5
2018-03-31,11.929999,87.4,15.6,1001.10004
2018-04-01,9.22,69.8,0.0,999.3
2018-04-02,8.87,58.2,0.0,1013.4
2018-04-03,12.9,55.7,0.0,1014.0
2018-04-04,14.5,46.3,0.0,1012.7
2018-04-05,14.49,60.9,0.0,1011.10004
2018-04-06,12.799999,57.5,0.0,1019.2
2018-04-07,10.51,75.6,0.0,1023.2
2018-04-08,15.28,64.5,0.0,1018.2
2018-04-09,17.55,56.9,0.0,1011.9
2018-04-10,15.29,63.3,0.0,1010.5
2018-04-11,15.69,58.2,0.0,1011.0
2018-04-12,19.17,53.100002,2.0,1008.9
2018-04-13,17.26,61.8,2.4,1012.8
2018-04-14,16.609999,56.4,0.0,1021.2
2018-04-15,18.49,60.5,0.0,1016.8
2018-04-16,18.22,64.700005,0.0,1013.3
2018-04-17,17.39,71.6,0.0,1020.3
2018-04-18,18.14,54.7,0.0,1028.1
2018-04-19,18.779999,51.0,0.0,1026.8
2018-04-20,18.3,45.9,0.0,1024.2001
2018-04-21,17.619999,51.7,0.0,1020.10004
2018-04-22,19.46,52.9,0.0,1014.8
2018-04-23,19.689999,60.4,3.3,1013.8
2018-04-24,19.609999,62.4,0.0,1015.4
2018-04-25,19.76,63.600002,0.0,1013.0
2018-04-26,16.63,64.8,3.0,1014.0
2018-04-27,14.99,61.3,0.0,1018.3
2018-04-28,19.09,57.5,0.0,1015.60004
2018-04-29,22.4,60.9,0.0,1011.9
2018-04-30,21.33,59.7,1.5,1008.8
2018-05-01,19.64,58.3,3.4,1011.7
2018-05-02,22.82,56.100002,0.0,1010.60004
2018-05-03,22.039999,50.2,0.0,1009.2
2018-05-04,22.68,51.4,0.0,1012.5
2018-05-05,23.13,52.0,0.0,1015.5
2018-05-06,20.88,46.5,0.0,1016.8
2018-05-07,19.77,39.8,0.0,1016.10004
2018-05-08,18.81,53.7,1.2,1010.0
2018-05-09,20.13,66.5,0.0,1006.8
2018-05-10,19.83,70.9,0.5,1010.10004
2018-05-11,20.46,68.200005,0.0,1015.9
2018-05-12,21.23,59.0,0.0,1014.5
2018-05-13,20.31,41.100002,0.0,1011.3
2018-05-14,17.97,46.3,5.7000003,1011.5
2018-05-15,15.29,72.1,13.1,1010.3
2018-05-16,14.849999,74.4,1.4,1011.10004
2018-05-17,15.589999,74.700005,0.0,1013.10004
2018-05-18,17.74,67.4,0.0,1014.2
2018-05-19,16.68,74.8,4.8,1016.9
2018-05-20,18.57,61.3,0.0,1019.9
2018-05-21,19.25,55.100002,0.0,1017.5
2018-05-22,19.9,69.6,0.0,1016.2
2018-05-23,21.279999,65.700005,0.0,1017.60004
2018-05-24,22.189999,64.700005,0.6,1016.8
2018-05-25,18.57,83.1,12.900001,1017.60004
2018-05-26,21.17,71.3,0.0,1020.60004
2018-05-27,22.98,67.200005,0.0,1020.0
2018-05-28,23.949999,64.3,0.0,1019.8
2018-05-29,23.74,60.4,0.0,1018.7
2018-05-30,23.08,56.2,0.0,1017.5
2018-05-31,24.16,54.4,0.0,1015.7
2018-06-01,24.72,55.8,0.0,1015.4
2018-06-02,21.93,72.9,6.6,1015.10004
2018-06-03,23.07,67.200005,0.0,1014.0
2018-06-04,23.359999,63.4,0.0,1010.3
2018-06-05,23.65,63.4,0.0,1008.0
2018-06-06,22.74,65.8,1.0,1013.2
2018-06-07,21.1,63.5,4.3,1017.0
2018-06-08,23.939999,68.5,14.7,1014.10004
2018-06-09,20.71,83.6,6.2000003,1011.3
2018-06-10,23.67,75.200005,0.0,1009.8
2018-06-11,24.72,71.4,0.0,1009.3
2018-06-12,25.14,68.0,9.6,1005.8
2018-06-13,20.96,77.700005,0.0,1004.9
2018-06-14,17.859999,88.6,6.1,1008.60004
2018-06-15,20.279999,68.0,0.0,1011.10004
2018-06-16,22.689999,60.8,0.0,1011.9
2018-06-17,23.789999,58.5,0.0,1012.10004
2018-06-18,22.1,67.1,0.0,1014.60004
2018-06-19,24.47,61.4,0.0,1018.3
2018-06-20,25.59,58.600002,0.0,1020.0
2018-06-21,26.42,61.0,7.7000003,1013.5
2018-06-22,17.029999,64.700005,0.0,1015.7
2018-06-23,15.58,56.3,0.0,1019.0
2018-06-24,16.19,61.100002,0.0,1018.10004
2018-06-25,17.58,64.1,0.0,1018.10004
2018-06-26,19.17,59.0,0.0,1018.2
2018-06-27,17.22,74.8,5.3,1015.4
2018-06-28,20.73,77.5,15.400001,1008.5
2018-06-29,22.519999,79.200005,4.6,1005.5
2018-06-30,21.63,52.4,0.0,1008.8
2018-07-01,17.01,48.7,0.0,1015.60004
2018-07-02,17.89,54.7,0.0,1016.8
2018-07-03,20.699999,51.7,0.0,1016.4
2018-07-04,22.49,54.5,0.0,1015.4
2018-07-05,23.83,61.2,0.0,1012.60004
2018-07-06,22.72,69.5,4.1,1011.5
2018-07-07,21.51,72.700005,0.1,1014.5
2018-07-08,22.07,59.4,0.0,1015.10004
2018-07-09,22.18,61.0,0.0,1014.60004
2018-07-10,22.779999,64.200005,0.0,1013.3
2018-07-11,19.89,80.4,2.0,1013.5
2018-07-12,21.05,59.600002,0.0,1015.9
2018-07-13,22.779999,57.0,0.0,1016.10004
2018-07-14,23.609999,52.9,0.0,1015.60004
2018-07-15,24.07,49.5,0.0,1013.10004
2018-07-16,24.269999,46.4,0.0,1010.60004
2018-07-17,24.0,53.4,0.0,1007.5
2018-07-18,21.73,66.9,3.2,1007.7
2018-07-19,22.67,69.0,0.1,1010.4
2018-07-20,23.59,67.3,0.0,1011.60004
2018-07-21,23.99,69.200005,3.7,1011.4
2018-07-22,22.619999,74.3,0.90000004,1009.5
2018-07-23,20.949999,85.8,15.900001,1009.3
2018-07-24,24.369999,58.3,0.0,1010.0
2018-07-25,25.33,53.100002,0.0,1009.9
2018-07-26,25.42,59.600002,0.0,1011.10004
2018-07-27,25.289999,66.8,1.0,1011.3
2018-07-28,24.439999,74.700005,0.0,1010.0
2018-07-29,27.48,60.7,0.0,1011.3
2018-07-30,26.93,61.0,0.0,1013.2
2018-07-31,26.65,61.4,0.0,1013.8
2018-08-01,26.109999,67.6,11.8,1015.5
2018-08-02,24.48,81.700005,9.2,1017.9
2018-08-03,25.99,68.0,0.0,1017.9
2018-08-04,25.599998,58.9,0.0,1016.9
2018-08-05,25.449999,65.5,0.90000004,1015.8
2018-08-06,25.15,63.7,0.0,1016.2
2018-08-07,25.67,57.3,0.0,1016.10004
2018-08-08,26.9,54.9,0.0,1015.5
2018-08-09,27.74,56.9,0.0,1016.9
2018-08-10,27.349998,54.5,0.0,1019.0
2018-08-11,23.109999,70.3,0.0,1020.0
2018-08-12,24.23,55.0,0.0,1018.0
2018-08-13,25.74,54.7,0.0,1012.2
2018-08-14,23.789999,70.200005,3.9,1010.8
2018-08-15,22.699999,73.4,0.0,1015.0
2018-08-16,23.81,60.8,0.0,1016.5
2018-08-17,24.31,60.600002,0.0,1015.60004
2018-08-18,25.609999,56.100002,0.0,1017.3
2018-08-19,26.26,54.0,0.0,1018.3
2018-08-20,26.369999,50.7,0.0,1015.9
2018-08-21,26.17,55.9,0.0,1015.9
2018-08-22,26.16,54.0,0.0,1017.5
2018-08-23,25.58,54.600002,1.6,1015.10004
2018-08-24,25.1,61.3,5.1,1010.60004
2018-08-25,21.6,71.5,12.6,1009.8
2018-08-26,16.039999,89.1,1.6,1011.10004
2018-08-27,18.48,68.4,0.0,1015.4
2018-08-28,19.85,57.600002,0.0,1018.2
2018-08-29,20.65,62.3,0.0,1017.7
2018-08-30,21.73,59.8,0.0,1016.60004
2018-08-31,22.68,61.0,0.0,1017.4
2018-09-01,23.43,65.200005,25.800001,1016.60004
2018-09-02,21.97,79.6,3.7,1017.4
2018-09-03,21.35,82.0,10.6,1014.10004
2018-09-04,18.35,92.3,16.2,1011.9
2018-09-05,20.71,76.4,0.0,1013.2
2018-09-06,20.359999,71.0,0.0,1011.7
2018-09-07,19.76,66.6,0.0,1011.8
2018-09-08,20.83,67.3,0.0,1017.10004
2018-09-09,20.13,63.2,0.0,1020.60004
2018-09-10,19.81,62.3,0.0,1021.9
2018-09-11,20.81,63.3,0.0,1022.8
2018-09-12,21.699999,64.700005,0.0,1021.9
2018-09-13,21.59,64.8,0.0,1016.9
2018-09-14,22.539999,62.5,0.0,1015.8
2018-09-15,20.89,63.9,0.0,1019.60004
2018-09-16,19.21,62.8,0.0,1024.4
2018-09-17,19.88,60.9,0.0,1023.5
2018-09-18,19.699999,60.2,0.0,1021.8
2018-09-19,19.85,64.9,0.0,1020.9
2018-09-20,20.869999,63.9,0.0,1020.0
2018-09-21,21.09,59.0,0.0,1016.10004
2018-09-22,15.04,73.1,0.0,1019.60004
2018-09-23,15.96,66.5,1.7,1018.10004
2018-09-24,12.86,64.700005,0.1,1020.60004
2018-09-25,10.13,61.600002,0.0,1033.4
2018-09-26,9.5199995,59.600002,0.0,1038.0
2018-09-27,11.66,64.3,0.0,1030.6
2018-09-28,13.63,61.9,0.0,1021.0
2018-09-29,12.34,64.200005,0.0,1022.60004
2018-09-30,10.61,61.0,0.0,1022.3
2018-10-01,11.78,74.5,0.0,1013.2
2018-10-02,9.76,74.700005,0.0,1018.10004
2018-10-03,11.62,70.9,0.0,1021.60004
2018-10-04,10.969999,64.4,0.0,1028.3
2018-10-05,10.94,65.8,0.0,1028.4
2018-10-06,14.299999,61.8,0.0,1020.8
2018-10-07,16.49,63.5,0.0,1015.5
2018-10-08,16.8,71.700005,0.0,1020.10004
2018-10-09,16.369999,74.700005,0.0,1023.9
2018-10-10,15.96,73.1,0.0,1025.4
2018-10-11,16.16,69.5,0.0,1024.7001
2018-10-12,15.16,70.1,0.0,1028.0
2018-10-13,14.87,68.8,0.0,1028.3
2018-10-14,14.29,61.0,0.0,1025.4
2018-10-15,13.7699995,58.100002,0.0,1023.8
2018-10-16,14.74,53.4,0.0,1023.10004
2018-10-17,15.809999,49.8,0.0,1021.60004
2018-10-18,15.17,61.5,0.0,1019.10004
2018-10-19,13.79,79.700005,0.0,1020.3
2018-10-20,13.58,74.700005,0.0,1022.7
2018-10-21,9.99,74.4,2.3,1023.4
2018-10-22,12.29,68.6,0.0,1024.8
2018-10-23,12.17,62.4,0.0,1018.8
2018-10-24,10.48,61.7,1.8000001,1009.3
2018-10-25,8.99,76.1,0.0,1014.60004
2018-10-26,12.92,66.0,0.0,1012.5
2018-10-27,14.009999,79.1,0.0,1007.2
2018-10-28,16.49,68.8,7.8,1007.8
2018-10-29,18.92,74.0,3.1000001,1008.3
2018-10-30,16.77,64.700005,0.2,1010.9
2018-10-31,12.809999,66.4,0.0,1023.60004
2018-11-01,13.38,72.4,0.0,1022.5
2018-11-02,16.56,80.6,0.0,1022.7
2018-11-03,16.44,76.3,0.0,1024.1
2018-11-04,13.99,68.3,0.0,1022.0
2018-11-05,12.37,70.9,0.0,1020.9
2018-11-06,10.88,72.6,0.0,1021.10004
2018-11-07,10.71,75.9,0.0,1020.5
2018-11-08,10.21,80.1,0.0,1022.2
2018-11-09,9.23,81.8,0.0,1021.4
2018-11-10,6.91,86.5,0.0,1018.7
2018-11-11,7.6499996,86.1,0.0,1020.60004
2018-11-12,11.349999,74.3,0.0,1025.5
2018-11-13,11.679999,70.4,0.0,1026.3
2018-11-14,10.639999,67.3,0.0,1028.7001
2018-11-15,7.74,68.0,0.0,1029.7001
2018-11-16,6.69,64.0,0.0,1031.7001
2018-11-17,4.7999997,53.5,0.0,1031.8
2018-11-18,4.87,60.9,0.0,1024.8
2018-11-19,2.49,87.0,1.8000001,1017.5
2018-11-20,3.55,89.1,5.9,1015.3
2018-11-21,5.58,93.8,1.5,1017.4
2018-11-22,5.37,91.5,0.0,1023.60004
2018-11-23,6.2999997,87.4,0.0,1026.4
2018-11-24,4.8399997,89.0,4.3,1020.4
2018-11-25,6.66,,11.6,1011.8
2018-11-26,7.41,,16.6,1001.3
2018-11-27,3.53,88.0,1.0,1011.3
2018-11-28,1.51,61.9,0.0,1025.0
2018-11-29,-2.08,78.1,0.0,1034.0
2018-11-30,-2.59,72.8,0.0,1028.8
2018-12-01,-3.12,77.5,0.0,1023.9
2018-12-02,-0.13,74.9,0.0,1020.60004
2018-12-03,2.32,87.700005,1.9,1013.60004
2018-12-04,6.41,89.200005,0.0,1014.7
2018-12-05,3.11,72.5,0.0,1027.6
2018-12-06,0.22999999,78.6,0.0,1027.8
2018-12-07,2.8,79.700005,2.0,1019.5
2018-12-08,3.72,84.1,2.0,1011.7
2018-12-09,3.24,87.9,0.0,1006.60004
2018-12-10,5.39,72.8,0.0,1010.8
2018-12-11,2.54,83.1,1.1,1015.10004
2018-12-12,2.02,84.5,0.0,1018.7
2018-12-13,-0.78999996,91.0,0.0,1022.3
2018-12-14,-1.26,87.1,1.3000001,1022.5
2018-12-15,-0.29,92.9,2.4,1020.5
2018-12-16,-2.51,88.1,0.0,1020.9
2018-12-17,-5.42,90.4,0.0,1024.6
2018-12-18,-5.14,88.6,0.0,1030.2001
2018-12-19,-6.12,92.1,0.0,1029.8
2018-12-20,-5.2599998,91.700005,0.0,1026.3
2018-12-21,-1.7199999,92.8,0.0,1023.60004
2018-12-22,4.27,89.0,2.9,1015.2
2018-12-23,7.6099997,74.6,6.3,1019.9
2018-12-24,4.58,78.8,1.7,1014.4
2018-12-25,2.28,68.700005,0.0,1027.2001
2018-12-26,3.99,69.4,0.0,1026.7001
2018-12-27,4.1,83.9,0.0,1025.5
2018-12-28,5.5299997,79.200005,0.8,1022.4
2018-12-29,5.1099997,76.0,0.0,1025.9
2018-12-30,4.22,79.4,1.4,1023.10004
2018-12-31,4.45,70.4,0.0,1026.3
2019-01-01,1.1,83.0,0.90000004,1024.9
2019-01-02,3.12,67.8,0.0,1014.9
2019-01-03,-0.65,61.2,0.0,1023.10004
2019-01-04,-1.91,64.5,1.4,1027.3
2019-01-05,-0.17999999,90.6,3.0,1017.2
2019-01-06,0.66999996,65.9,0.0,1018.8
2019-01-07,-5.06,67.5,0.0,1029.1
2019-01-08,-3.9399998,89.200005,4.8,1016.10004
2019-01-09,-1.5799999,89.5,0.0,1005.9
2019-01-10,-1.5799999,80.5,0.0,1012.7
2019-01-11,-1.9799999,70.4,0.0,1018.5
2019-01-12,1.02,81.1,0.0,1015.3
2019-01-13,3.23,78.9,3.3,1005.8
2019-01-14,4.0699997,63.100002,0.0,998.7
2019-01-15,2.1,60.600002,0.0,1013.0
2019-01-16,5.25,66.4,0.0,1013.7
2019-01-17,5.29,75.9,0.1,1011.10004
2019-01-18,4.37,67.1,0.0,1015.4
2019-01-19,-0.19999999,71.8,0.7,1021.3
2019-01-20,-0.75,88.1,0.0,1017.9
2019-01-21,-3.02,80.8,0.0,1022.0
2019-01-22,-3.6799998,79.200005,0.1,1015.10004
2019-01-23,-2.1299999,90.6,0.90000004,1003.4
2019-01-24,-0.01,78.4,0.0,1003.7
2019-01-25,-2.45,69.9,0.0,1010.5
2019-01-26,-1.38,68.0,0.0,1009.9
2019-01-27,0.48,77.5,0.0,1004.2
2019-01-28,0.53999996,91.8,5.6,998.5
2019-01-29,2.1499999,76.9,0.0,1006.4
2019-01-30,0.74,90.5,0.0,1004.5
2019-01-31,1.36,84.8,0.0,1005.10004
2019-02-01,2.51,89.200005,2.3,1006.7
2019-02-02,8.12,82.4,0.0,1003.9
2019-02-03,7.5299997,83.1,4.7000003,1007.3
2019-02-04,3.6699998,73.6,0.0,1026.3
2019-02-05,2.73,79.6,0.0,1029.0
2019-02-06,1.5699999,73.0,0.0,1028.0
2019-02-07,0.06,77.700005,0.0,1024.4
2019-02-08,1.01,85.9,0.0,1023.0
2019-02-09,2.71,84.5,0.0,1021.3
2019-02-10,3.49,85.3,0.7,1015.60004
2019-02-11,6.95,66.3,0.0,1007.60004
2019-02-12,3.78,57.0,0.0,1021.7
2019-02-13,2.85,70.9,0.0,1033.7001
2019-02-14,6.46,69.8,0.0,1032.9
2019-02-15,4.73,75.8,0.0,1033.7001
2019-02-16,3.84,80.4,0.0,1031.9
2019-02-17,4.56,76.1,0.0,1028.7001
2019-02-18,5.6099997,71.8,0.0,1024.9
2019-02-19,6.18,71.1,0.0,1020.5
2019-02-20,6.74,60.9,0.0,1022.7
2019-02-21,6.67,61.3,0.0,1026.1
2019-02-22,5.85,56.2,0.0,1025.0
2019-02-23,-1.4499999,37.0,0.0,1041.3
2019-02-24,-0.26999998,46.8,0.0,1039.8
2019-02-25,3.55,48.4,0.0,1034.9
2019-02-26,7.83,49.4,0.0,1024.9
2019-02-27,8.139999,54.600002,0.0,1024.3
2019-02-28,11.49,43.100002,0.0,1012.10004
2019-03-01,11.07,59.0,0.0,1009.8
2019-03-02,6.83,65.3,0.0,1015.4
2019-03-03,7.46,72.0,0.0,1016.9
2019-03-04,11.13,52.5,0.0,1006.2
2019-03-05,10.2699995,45.100002,2.4,1009.9
2019-03-06,8.58,60.7,0.0,1017.3
2019-03-07,12.799999,51.4,0.0,1010.2
2019-03-08,11.44,59.2,0.0,1016.2
2019-03-09,10.83,58.2,0.4,1018.3
2019-03-10,11.429999,58.4,0.3,1011.8
2019-03-11,8.53,48.0,0.0,1014.0
2019-03-12,5.13,55.8,0.0,1020.4
2019-03-13,3.86,71.1,1.2,1015.9
2019-03-14,6.2,69.8,0.0,1010.60004
2019-03-15,8.67,61.2,2.2,1007.3
2019-03-16,8.349999,72.3,0.0,1011.2
2019-03-17,12.58,63.3,0.0,1009.8
2019-03-18,9.349999,55.600002,0.0,1014.5
2019-03-19,7.46,49.7,0.0,1024.0
2019-03-20,6.97,45.2,0.0,1032.0
2019-03-21,7.3599997,46.3,0.0,1034.9
2019-03-22,9.82,48.100002,0.0,1031.4
2019-03-23,12.099999,59.2,0.0,1027.4
2019-03-24,13.759999,56.3,0.0,1020.2
2019-03-25,11.34,53.100002,0.0,1013.7
2019-03-26,8.15,46.600002,0.0,1021.3
2019-03-27,8.67,42.600002,0.0,1027.2001
2019-03-28,8.48,45.100002,0.0,1030.4
2019-03-29,10.09,49.100002,0.0,1030.8
2019-03-30,10.75,50.0,0.0,1025.2001
2019-03-31,13.0,43.5,0.0,1018.5
2019-04-01,14.049999,41.100002,0.0,1018.7
2019-04-02,11.99,35.8,0.0,1018.10004
2019-04-03,13.139999,37.4,0.0,1012.5
2019-04-04,14.46,37.4,0.0,1007.8
2019-04-05,13.53,52.600002,3.7,1006.8
2019-04-06,10.45,81.3,0.0,1008.5
2019-04-07,12.62,72.1,0.0,1007.5
2019-04-08,15.16,63.2,1.1,1004.9
2019-04-09,16.39,60.0,0.0,1005.2
2019-04-10,16.1,59.9,2.5,1006.7
2019-04-11,12.969999,71.200005,2.1000001,1010.3
2019-04-12,9.54,71.8,0.0,1014.3
2019-04-13,9.78,67.700005,0.0,1015.9
2019-04-14,11.16,69.4,0.0,1016.2
2019-04-15,11.99,33.7,0.0,1020.10004
2019-04-16,11.389999,37.4,0.0,1020.9
2019-04-17,11.91,50.0,0.0,1021.8
2019-04-18,14.509999,51.5,0.0,1027.4
2019-04-19,16.25,39.2,0.0,1028.3
2019-04-20,15.19,34.9,0.0,1027.2001
2019-04-21,15.94,36.5,0.0,1020.10004
2019-04-22,13.83,52.5,0.0,1015.0
2019-04-23,11.2,76.1,1.3000001,1016.0
2019-04-24,16.619999,61.3,0.0,1016.7
2019-04-25,19.43,55.7,0.0,1016.8
2019-04-26,21.21,49.9,6.0,1013.4
2019-04-27,13.82,68.8,0.0,1012.9
2019-04-28,12.41,65.8,2.2,1013.2
2019-04-29,11.509999,77.1,0.0,1012.4
2019-04-30,13.28,72.1,0.0,1008.5
2019-05-01,15.99,54.100002,0.0,1007.9
2019-05-02,17.119999,52.3,0.0,1008.2
2019-05-03,14.849999,60.8,1.6,1007.2
2019-05-04,12.08,88.1,9.6,1006.7
2019-05-05,10.389999,,21.7,1004.2
2019-05-06,6.89,89.6,17.300001,1010.0
2019-05-07,10.23,58.7,0.0,1015.9
2019-05-08,11.67,56.9,1.0,1015.3
2019-05-09,10.94,84.6,3.3,1006.60004
2019-05-10,13.9,70.3,0.0,1009.8
2019-05-11,16.5,60.7,0.0,1013.2
2019-05-12,17.42,64.4,0.0,1016.2
2019-05-13,15.91,62.4,6.9,1020.8
2019-05-14,8.19,89.0,4.5,1019.2
2019-05-15,10.45,89.8,7.0,1013.4
2019-05-16,10.82,82.0,0.0,1014.5
2019-05-17,12.09,76.6,0.0,1013.5
2019-05-18,16.76,68.3,0.0,1010.0
2019-05-19,17.07,75.9,22.1,1006.0
2019-05-20,16.6,77.1,0.0,1005.4
2019-05-21,16.49,70.1,1.4,1007.3
2019-05-22,14.889999,86.3,4.5,1009.9
2019-05-23,14.44,75.200005,0.0,1013.10004
2019-05-24,16.14,75.3,0.0,1012.5
2019-05-25,18.23,63.0,0.0,1013.2
2019-05-26,19.96,58.3,0.0,1014.3
2019-05-27,18.0,80.1,2.0,1012.3
2019-05-28,17.92,85.700005,10.400001,1006.5
2019-05-29,17.16,88.9,43.3,1011.0
2019-05-30,13.7699995,92.4,1.3000001,1019.60004
2019-05-31,17.4,72.700005,0.0,1021.7
2019-06-01,20.57,59.4,0.0,1018.8
2019-06-02,21.359999,64.700005,0.0,1017.60004
2019-06-03,22.189999,64.5,0.0,1015.2
2019-06-04,22.24,68.700005,0.0,1012.5
2019-06-05,20.07,78.700005,0.0,1010.8
2019-06-06,20.38,78.0,0.0,1012.60004
2019-06-07,22.289999,69.700005,0.0,1014.9
2019-06-08,22.369999,63.3,0.0,1018.10004
2019-06-09,23.859999,65.5,0.0,1021.3
2019-06-10,25.83,62.5,0.0,1016.2
2019-06-11,25.779999,60.8,0.0,1013.3
2019-06-12,26.39,59.5,0.0,1013.3
2019-06-13,27.439999,59.600002,0.0,1013.3
2019-06-14,27.099998,53.7,0.0,1016.2
2019-06-15,26.98,56.8,0.0,1014.10004
2019-06-16,25.23,66.700005,4.3,1013.4
2019-06-17,22.74,70.1,0.0,1017.2
2019-06-18,23.619999,61.3,0.1,1016.3
2019-06-19,23.26,75.5,9.8,1013.2
2019-06-20,22.769999,76.1,0.0,1012.3
2019-06-21,24.17,64.5,0.0,1014.9
2019-06-22,23.48,72.1,24.4,1016.3
2019-06-23,21.14,86.4,13.0,1015.3
2019-06-24,24.519999,68.9,0.0,1018.8
2019-06-25,26.4,64.9,0.0,1023.10004
2019-06-26,28.0,63.3,0.0,1023.0
2019-06-27,28.39,59.7,0.0,1016.3
2019-06-28,23.55,43.5,0.0,1018.10004
2019-06-29,22.55,53.2,0.0,1020.9
2019-06-30,24.88,55.600002,0.0,1019.9
2019-07-01,27.269999,56.5,0.0,1015.8
2019-07-02,27.099998,51.4,0.0,1014.10004
2019-07-03,24.75,43.5,0.0,1017.0
2019-07-04,22.85,43.0,0.0,1019.2
2019-07-05,23.41,51.7,0.0,1014.9
2019-07-06,25.369999,49.0,2.6000001,1011.4
2019-07-07,23.75,64.9,0.0,1007.5
2019-07-08,20.74,49.8,0.0,1013.4
2019-07-09,20.189999,47.8,0.0,1014.2
2019-07-10,19.26,42.9,0.0,1013.8
2019-07-11,19.3,50.2,0.0,1012.8
2019-07-12,17.289999,73.4,3.9,1013.0
2019-07-13,18.25,81.200005,10.1,1010.2
2019-07-14,18.85,74.5,2.5,1010.4
2019-07-15,20.14,56.100002,0.0,1012.2
2019-07-16,21.71,48.7,0.0,1012.3
2019-07-17,21.189999,48.9,0.0,1012.0
2019-07-18,20.31,68.0,1.4,1013.2
2019-07-19,22.529999,64.6,0.0,1015.9
2019-07-20,24.949999,58.4,0.0,1017.0
2019-07-21,25.39,58.0,0.0,1018.10004
2019-07-22,24.85,53.4,0.0,1021.0
2019-07-23,25.07,52.5,0.0,1018.4
2019-07-24,23.91,61.2,0.0,1017.7
2019-07-25,24.96,58.600002,0.0,1017.10004
2019-07-26,24.84,63.8,6.2000003,1010.60004
2019-07-27,21.63,79.5,22.1,1006.3
2019-07-28,22.06,83.200005,22.300001,1002.8
2019-07-29,22.279999,81.9,0.0,1005.8
2019-07-30,25.199999,72.3,0.0,1008.3
2019-07-31,26.43,65.6,0.2,1011.0
2019-08-01,24.539999,64.0,0.0,1013.7
2019-08-02,21.01,77.6,5.2000003,1012.5
2019-08-03,21.22,73.5,0.0,1010.10004
2019-08-04,20.73,60.5,0.0,1014.0
2019-08-05,22.25,60.2,0.0,1014.60004
2019-08-06,23.98,67.6,0.0,1013.3
2019-08-07,25.01,67.3,0.0,1010.10004
2019-08-08,22.17,72.3,0.0,1013.0
2019-08-09,24.66,63.4,0.0,1014.5
2019-08-10,26.68,65.3,0.0,1014.60004
2019-08-11,26.449999,54.100002,0.0,1016.2
2019-08-12,27.76,60.8,0.0,1012.8
2019-08-13,23.439999,68.3,13.2,1012.8
2019-08-14,17.98,82.0,2.6000001,1014.4
2019-08-15,18.73,63.600002,0.0,1016.2
2019-08-16,19.43,67.8,0.0,1016.0
2019-08-17,20.72,64.4,0.0,1016.4
2019-08-18,22.949999,62.5,0.0,1015.0
2019-08-19,25.279999,54.7,0.0,1016.10004
2019-08-20,26.5,56.8,0.0,1017.9
2019-08-21,23.49,63.0,0.0,1020.8
2019-08-22,23.199999,65.5,0.0,1023.3
2019-08-23,24.699999,65.8,0.0,1023.10004
2019-08-24,26.029999,63.4,0.0,1020.7
2019-08-25,26.039999,63.100002,1.0,1019.60004
2019-08-26,23.859999,71.8,0.2,1020.10004
2019-08-27,25.05,67.6,0.0,1019.60004
2019-08-28,26.449999,57.2,0.0,1018.5
2019-08-29,26.43,51.600002,0.0,1017.9
2019-08-30,25.8,54.7,0.0,1019.3
2019-08-31,26.369999,55.0,0.0,1017.0
2019-09-01,25.74,55.0,0.2,1012.8
2019-09-02,23.83,61.8,0.0,1014.10004
2019-09-03,17.0,80.200005,1.8000001,1020.3
2019-09-04,18.16,64.1,0.0,1020.2
2019-09-05,19.27,58.100002,0.0,1015.8
2019-09-06,20.88,57.9,0.0,1018.3
2019-09-07,17.92,80.5,17.4,1016.8
2019-09-08,18.68,84.8,6.5,1016.3
2019-09-09,17.0,90.0,11.7,1012.8
2019-09-10,15.92,73.5,0.0,1020.4
2019-09-11,18.48,69.700005,0.0,1023.10004
2019-09-12,20.42,59.5,0.0,1027.4
2019-09-13,20.3,63.100002,0.0,1028.4
2019-09-14,19.84,60.9,0.0,1028.4
2019-09-15,16.64,63.600002,0.0,1025.6
2019-09-16,20.17,65.700005,0.2,1017.4
2019-09-17,19.83,69.8,0.0,1014.0
2019-09-18,14.29,48.2,0.0,1020.7
2019-09-19,12.2699995,54.100002,0.0,1024.7001
2019-09-20,11.86,56.8,0.0,1027.2001
2019-09-21,12.38,58.8,0.0,1026.5
2019-09-22,14.48,53.5,0.0,1019.5
2019-09-23,15.37,65.4,0.0,1014.5
2019-09-24,17.359999,66.0,0.0,1012.60004
2019-09-25,17.39,78.700005,0.0,1011.0
2019-09-26,17.199999,69.6,0.0,1013.3
2019-09-27,17.16,69.0,0.0,1016.8
2019-09-28,16.949999,72.0,0.0,1017.10004
2019-09-29,17.85,72.9,0.0,1014.60004
2019-09-30,19.029999,62.100002,0.0,1008.8
2019-10-01,16.859999,57.600002,0.0,1012.9
2019-10-02,17.07,72.0,3.6000001,1005.4
2019-10-03,12.03,68.8,0.0,1011.8
2019-10-04,10.5,68.9,0.0,1013.5
2019-10-05,10.91,83.200005,3.9,1009.3
2019-10-06,10.66,69.3,0.0,1015.2
2019-10-07,8.45,64.1,0.0,1018.9
2019-10-08,8.929999,61.5,0.0,1021.10004
2019-10-09,14.71,57.9,0.0,1014.4
2019-10-10,13.62,74.5,0.0,1018.10004
2019-10-11,12.719999,74.200005,0.0,1024.5
2019-10-12,12.99,75.0,0.0,1022.5
2019-10-13,14.98,77.200005,0.0,1022.0
2019-10-14,15.349999,77.3,0.0,1020.9
2019-10-15,16.13,71.700005,0.0,1015.8
2019-10-16,13.94,81.1,0.0,1016.60004
2019-10-17,14.08,71.8,0.0,1019.2
2019-10-18,14.71,72.9,0.0,1016.8
2019-10-19,15.44,70.5,0.0,1016.3
2019-10-20,17.18,63.8,0.0,1017.9
2019-10-21,17.97,69.0,0.0,1020.4
2019-10-22,16.6,77.700005,0.0,1022.60004
2019-10-23,16.76,72.8,0.0,1021.0
2019-10-24,15.599999,70.9,0.0,1017.2
2019-10-25,14.799999,70.8,0.0,1020.3
2019-10-26,12.13,84.1,0.0,1023.4
2019-10-27,12.29,84.6,0.0,1019.7
2019-10-28,11.74,81.8,0.0,1017.8
2019-10-29,8.25,82.700005,3.8,1020.8
2019-10-30,6.95,86.0,3.6000001,1026.7001
2019-10-31,4.94,78.0,0.0,1026.8
2019-11-01,6.35,75.9,0.0,1022.7
2019-11-02,7.29,85.4,1.1,1010.0
2019-11-03,12.679999,87.0,6.4,1000.7
2019-11-04,11.809999,92.1,10.3,997.8
2019-11-05,11.16,,23.1,1000.8
2019-11-06,10.48,85.9,0.90000004,1004.7
2019-11-07,9.73,,0.0,1008.60004
2019-11-08,10.24,91.700005,0.0,1009.9
2019-11-09,10.78,93.200005,9.1,1010.3
2019-11-10,7.7999997,,7.3,1010.2
2019-11-11,6.7599998,83.4,0.0,1017.5
2019-11-12,8.66,89.4,5.0,1009.8
2019-11-13,13.36,80.0,0.8,1002.3
2019-11-14,7.44,82.200005,0.0,1011.9
2019-11-15,10.59,91.4,0.0,1013.10004
2019-11-16,11.889999,86.700005,0.0,1015.60004
2019-11-17,12.599999,78.0,0.0,1015.0
2019-11-18,10.849999,79.0,0.6,1014.8
2019-11-19,8.929999,83.200005,0.0,1021.7
2019-11-20,10.05,88.8,4.0,1016.0
2019-11-21,11.53,86.700005,0.0,1014.5
2019-11-22,9.32,75.700005,0.0,1017.7
2019-11-23,5.92,74.0,0.0,1018.0
2019-11-24,6.5299997,81.200005,0.0,1016.4
2019-11-25,5.62,87.1,0.0,1014.5
2019-11-26,7.74,86.1,0.0,1013.4
2019-11-27,6.83,91.0,9.3,1008.2
2019-11-28,9.349999,,3.3,1003.60004
2019-11-29,7.96,92.5,0.0,1007.10004
2019-11-30,3.6599998,65.1,0.0,1019.9
2019-12-01,0.39,75.5,6.2000003,1026.0
2019-12-02,0.45,91.8,6.7000003,1020.8
2019-12-03,1.4,80.4,0.0,1026.7001
2019-12-04,-2.9399998,,0.0,1032.3
2019-12-05,-1.4599999,,0.0,1030.9
2019-12-06,-0.59999996,,0.0,1025.3
2019-12-07,0.59999996,,0.0,1019.5
2019-12-08,3.23,,0.0,1017.7
2019-12-09,3.75,,9.400001,1010.2
2019-12-10,5.18,77.700005,0.0,1017.2
2019-12-11,2.61,70.8,0.0,1019.4
2019-12-12,2.4199998,,8.5,1008.60004
2019-12-13,3.33,,0.0,996.2
2019-12-14,5.2599998,89.4,2.3,1001.2
2019-12-15,3.9099998,88.1,0.0,1014.60004
2019-12-16,4.5,88.4,0.0,1019.0
2019-12-17,10.719999,73.9,0.0,1018.10004
2019-12-18,10.73,79.1,0.0,1021.9
2019-12-19,6.14,91.700005,0.0,1025.0
2019-12-20,6.39,86.9,0.0,1012.10004
2019-12-21,10.36,85.1,10.1,998.4
2019-12-22,7.3799996,92.1,17.4,990.4
2019-12-23,7.1,84.3,3.8,994.9
2019-12-24,6.95,71.9,0.90000004,1010.3
2019-12-25,6.66,85.0,0.0,1012.2
2019-12-26,5.37,73.0,0.0,1020.2
2019-12-27,4.08,74.700005,0.0,1023.0
2019-12-28,2.28,65.700005,0.0,1029.7001
2019-12-29,-0.28,66.9,0.0,1036.0
2019-12-30,-2.07,79.6,0.0,1037.8
2019-12-31,0.90999997,75.4,0.0,1029.6
2020-01-01,2.19,75.0,0.0,1032.9
2020-01-02,-0.98999995,88.3,0.0,1033.2001
2020-01-03,-2.58,,0.0,1029.6
2020-01-04,1.28,88.6,0.0,1023.10004
2020-01-05,2.6799998,60.100002,0.0,1027.9
2020-01-06,-0.69,65.6,0.0,1033.4
2020-01-07,-2.08,73.5,0.0,1030.3
2020-01-08,-2.05,78.700005,0.0,1033.1
2020-01-09,-0.29999998,88.0,0.0,1028.9
2020-01-10,-0.72999996,90.4,0.0,1024.5
2020-01-11,1.36,81.1,0.0,1029.4
2020-01-12,-0.53,87.5,0.0,1031.9
2020-01-13,-2.76,,0.0,1029.2001
2020-01-14,-2.21,,0.0,1027.9
2020-01-15,-1.6899999,,0.0,1030.9
2020-01-16,-0.91999996,,0.0,1032.6
2020-01-17,-2.2,,0.0,1030.7001
2020-01-18,-1.2099999,,0.0,1027.2001
2020-01-19,-0.19999999,,0.0,1031.1
2020-01-20,0.79999995,,0.0,1044.1
2020-01-21,-0.84,,0.0,1044.3
2020-01-22,-1.53,,0.0,1033.2001
2020-01-23,-0.81,85.5,0.0,1034.9
2020-01-24,-2.45,,0.0,1029.7001
2020-01-25,-1.18,,0.0,1025.4
2020-01-26,-0.22999999,92.1,0.0,1023.9
2020-01-27,0.35999998,,0.0,1019.3
2020-01-28,1.5699999,,9.0,1008.7
2020-01-29,3.06,83.5,1.3000001,1009.60004
2020-01-30,3.9299998,73.1,0.0,1016.7
2020-01-31,7.0099998,77.1,0.0,1011.2
2020-02-01,10.11,75.4,0.8,1012.60004
2020-02-02,10.9,70.9,0.8,1012.3
2020-02-03,10.3,69.1,0.4,1011.8
2020-02-04,6.72,73.4,5.3,1001.8
2020-02-05,4.54,54.0,0.0,1012.7
2020-02-06,2.44,60.8,0.0,1026.4
2020-02-07,4.8199997,67.0,0.0,1026.2001
2020-02-08,1.04,48.5,0.0,1032.3
2020-02-09,2.48,58.100002,0.0,1027.9
2020-02-10,8.5,66.0,3.1000001,1009.2
2020-02-11,6.7799997,63.4,3.2,1006.7
2020-02-12,4.75,62.0,0.0,1017.10004
2020-02-13,5.17,69.200005,1.8000001,1020.3
2020-02-14,7.1099997,76.9,0.0,1016.8
2020-02-15,5.8399997,77.3,0.0,1028.6
2020-02-16,5.43,78.200005,0.0,1029.0
2020-02-17,6.77,75.200005,0.0,1021.8
2020-02-18,8.07,64.4,0.0,1023.5
2020-02-19,5.62,65.200005,0.0,1022.0
2020-02-20,5.04,62.7,0.0,1023.0
2020-02-21,4.19,63.4,0.0,1023.5
2020-02-22,5.12,59.9,0.0,1029.7001
2020-02-23,9.2699995,58.3,0.0,1018.60004
2020-02-24,9.349999,46.9,0.0,1017.7
2020-02-25,9.28,61.5,1.8000001,1007.5
2020-02-26,7.31,76.0,6.6,999.2
2020-02-27,4.8399997,61.8,0.6,1005.4
2020-02-28,4.71,70.200005,0.0,1009.60004
2020-02-29,4.74,61.600002,0.0,1015.2
2020-03-01,8.03,67.1,13.7,1007.7
2020-03-02,10.179999,76.1,1.6,1000.9
2020-03-03,9.62,85.1,3.2,1001.10004
2020-03-04,6.24,72.5,0.0,1009.10004
2020-03-05,5.47,64.3,1.0,1010.4
2020-03-06,5.17,91.200005,10.400001,1003.10004
2020-03-07,6.8599997,76.4,0.0,1011.8
2020-03-08,6.39,66.700005,0.0,1019.2
2020-03-09,5.13,65.6,0.0,1015.60004
2020-03-10,7.62,61.8,0.0,1014.9
2020-03-11,11.059999,72.6,0.0,1015.3
2020-03-12,14.4,62.4,0.0,1015.4
2020-03-13,9.46,65.5,0.0,1015.8
2020-03-14,7.2599998,52.7,0.0,1021.3
2020-03-15,3.9599998,37.8,0.0,1029.0
2020-03-16,5.67,45.9,0.0,1029.7001
2020-03-17,8.4,50.4,0.0,1028.8
2020-03-18,11.34,54.4,0.0,1028.9
2020-03-19,11.92,57.2,0.0,1025.8
2020-03-20,12.53,54.5,0.0,1020.7
2020-03-21,8.63,69.0,0.4,1017.0
2020-03-22,3.6699998,44.9,0.0,1026.2001
2020-03-23,0.01,73.8,1.4,1028.7001
2020-03-24,3.84,40.4,0.0,1028.8
2020-03-25,2.55,59.9,0.0,1029.4
2020-03-26,8.78,41.3,0.0,1024.1
2020-03-27,11.139999,46.3,0.0,1020.3
2020-03-28,11.2699995,52.100002,0.0,1014.4
2020-03-29,10.96,54.0,0.0,1011.3
2020-03-30,4.88,54.100002,0.0,1019.10004
2020-03-31,3.6799998,39.5,0.0,1025.0
2020-04-01,3.9399998,35.9,0.0,1022.3
2020-04-02,5.04,42.9,0.0,1016.3
2020-04-03,8.42,46.3,0.0,1014.4
2020-04-04,10.719999,43.3,0.0,1022.3
2020-04-05,12.44,36.4,0.0,1027.8
2020-04-06,12.259999,34.9,0.0,1031.9
2020-04-07,11.48,36.9,0.0,1033.8
2020-04-08,12.88,35.100002,0.0,1029.1
2020-04-09,14.41,35.600002,0.0,1021.9
2020-04-10,15.5,36.0,0.0,1021.10004
2020-04-11,13.38,40.100002,0.0,1023.3
2020-04-12,14.66,43.0,0.0,1020.60004
2020-04-13,16.109999,47.8,1.6,1010.8
2020-04-14,8.09,50.0,0.0,1016.9
2020-04-15,7.99,45.100002,0.0,1024.6
2020-04-16,12.62,45.8,0.0,1019.9
2020-04-17,16.81,43.9,0.0,1013.9
2020-04-18,16.76,45.9,0.0,1014.9
2020-04-19,14.41,50.8,0.0,1014.9
2020-04-20,11.679999,36.0,0.0,1020.7
2020-04-21,12.24,34.600002,0.0,1020.7
2020-04-22,12.37,35.3,0.0,1022.3
2020-04-23,13.71,38.9,0.0,1020.4
2020-04-24,14.929999,43.3,0.0,1012.2
2020-04-25,15.58,40.8,0.0,1005.60004
2020-04-26,12.07,45.600002,0.0,1011.5
2020-04-27,14.12,45.7,0.1,1013.2
2020-04-28,18.0,56.5,0.0,1008.60004
2020-04-29,16.22,68.3,4.2000003,1005.60004
2020-04-30,17.42,59.8,2.6000001,1007.7
2020-05-01,14.33,72.5,0.5,1006.60004
2020-05-02,14.98,59.100002,0.0,1006.9
2020-05-03,13.49,50.9,0.0,1013.3
2020-05-04,13.599999,47.2,0.0,1016.8
2020-05-05,13.53,59.5,0.0,1013.60004
2020-05-06,11.74,53.8,0.0,1016.5
2020-05-07,15.08,39.9,0.0,1018.4
2020-05-08,15.179999,49.3,0.0,1019.8
2020-05-09,18.949999,44.100002,0.0,1014.0
2020-05-10,19.75,46.2,0.0,1009.8
2020-05-11,20.529999,46.8,0.0,1003.5
2020-05-12,11.0199995,50.3,0.7,1012.60004
2020-05-13,9.71,71.3,0.0,1014.9
2020-05-14,14.7699995,61.9,0.0,1010.5
2020-05-15,13.61,65.9,0.0,1013.10004
2020-05-16,14.719999,55.0,1.6,1022.0
2020-05-17,14.849999,75.9,3.1000001,1020.9
2020-05-18,18.23,60.0,0.0,1022.2
2020-05-19,19.0,60.4,0.0,1018.2
2020-05-20,17.68,63.2,0.0,1015.0
2020-05-21,15.88,40.8,0.0,1019.60004
2020-05-22,15.299999,35.5,0.0,1023.3
2020-05-23,17.449999,39.8,1.4,1022.60004
2020-05-24,15.849999,61.7,0.0,1023.10004
2020-05-25,14.309999,64.8,0.8,1024.3
2020-05-26,14.839999,61.2,0.1,1026.1
2020-05-27,15.73,64.3,2.6000001,1026.9
2020-05-28,15.809999,65.8,0.0,1021.8
2020-05-29,15.4,67.200005,0.5,1019.8
2020-05-30,14.53,64.1,0.0,1016.0
2020-05-31,12.54,76.200005,1.2,1013.4
2020-06-01,17.63,62.5,0.0,1014.7
2020-06-02,16.48,52.7,0.0,1011.60004
2020-06-03,17.119999,59.0,0.0,1005.3
2020-06-04,19.52,61.600002,0.0,1001.3
2020-06-05,19.0,72.6,1.8000001,1001.10004
2020-06-06,20.82,69.3,0.0,1007.60004
2020-06-07,22.43,66.9,7.5,1006.7
2020-06-08,18.92,74.9,0.0,1009.3
2020-06-09,19.109999,79.0,8.900001,1009.8
2020-06-10,18.92,84.3,4.0,1008.9
2020-06-11,19.06,78.8,0.0,1009.3
2020-06-12,21.41,70.200005,0.0,1007.8
2020-06-13,23.74,64.0,0.0,1007.9
2020-06-14,21.01,83.4,22.7,1006.9
2020-06-15,20.0,85.4,23.1,1009.7
2020-06-16,19.25,90.700005,2.4,1009.5
2020-06-17,20.119999,86.700005,13.900001,1006.9
2020-06-18,19.3,85.4,5.8,1008.3
2020-06-19,19.6,73.9,0.0,1011.60004
2020-06-20,17.47,79.700005,0.0,1012.10004
2020-06-21,18.859999,82.5,2.9,1010.4
2020-06-22,20.5,74.8,0.0,1012.10004
2020-06-23,22.039999,52.8,0.0,1015.9
2020-06-24,20.83,53.9,0.0,1019.5
2020-06-25,21.72,63.8,0.0,1020.9
2020-06-26,22.89,69.700005,0.0,1017.60004
2020-06-27,25.359999,66.3,0.0,1014.8
2020-06-28,26.56,61.8,0.0,1013.5
2020-06-29,23.83,70.5,5.4,1010.2
2020-06-30,22.699999,62.4,0.0,1013.5
2020-07-01,25.5,57.7,0.0,1012.2
2020-07-02,25.449999,67.5,7.9,1009.60004
2020-07-03,22.99,69.8,0.0,1012.10004
2020-07-04,23.06,62.9,0.0,1015.9
2020-07-05,24.3,52.4,0.0,1014.8
2020-07-06,25.81,53.8,5.6,1009.7
2020-07-07,18.869999,60.600002,0.0,1016.10004
2020-07-08,19.98,52.100002,0.0,1017.7
2020-07-09,23.609999,54.9,0.0,1017.60004
2020-07-10,26.09,50.5,0.0,1015.2
2020-07-11,23.89,57.100002,5.7000003,1014.7
2020-07-12,17.02,76.0,0.0,1022.0
2020-07-13,18.619999,57.100002,0.0,1021.7
2020-07-14,18.71,55.0,0.0,1017.7
2020-07-15,20.02,55.4,0.0,1014.10004
2020-07-16,20.34,62.100002,0.0,1013.5
2020-07-17,16.869999,84.4,1.9,1014.9
2020-07-18,17.67,78.9,1.6,1015.10004
2020-07-19,17.83,89.8,5.9,1014.8
2020-07-20,22.13,70.200005,0.0,1015.60004
2020-07-21,24.57,63.0,2.0,1017.7
2020-07-22,23.22,69.700005,0.1,1017.7
2020-07-23,22.48,68.5,1.8000001,1014.4
2020-07-24,21.5,74.6,18.9,1011.8
2020-07-25,19.939999,83.700005,0.0,1011.60004
2020-07-26,22.13,75.4,5.6,1013.5
2020-07-27,23.35,65.6,0.0,1016.4
2020-07-28,25.17,59.9,0.0,1014.9
2020-07-29,26.38,60.8,0.0,1016.10004
2020-07-30,26.68,56.100002,0.0,1017.4
2020-07-31,26.279999,47.2,0.0,1014.9
2020-08-01,24.279999,45.8,0.0,1014.10004
2020-08-02,22.81,52.5,0.0,1014.2
2020-08-03,23.359999,58.4,8.0,1008.7
2020-08-04,23.15,78.3,4.9,1006.9
2020-08-05,21.189999,83.5,0.2,1013.8
2020-08-06,24.529999,65.200005,0.0,1017.2
2020-08-07,26.34,52.9,0.0,1018.5
2020-08-08,26.33,58.3,0.0,1018.0
2020-08-09,25.67,65.9,0.0,1016.0
2020-08-10,25.4,65.6,1.2,1015.5
2020-08-11,23.199999,76.9,7.5,1017.0
2020-08-12,24.519999,62.4,0.0,1017.2
2020-08-13,24.75,56.2,0.0,1015.9
2020-08-14,23.35,67.3,0.0,1013.10004
2020-08-15,22.449999,76.5,6.6,1012.2
2020-08-16,22.31,77.6,8.900001,1013.3
2020-08-17,22.64,77.9,18.6,1011.9
2020-08-18,20.939999,86.4,0.2,1009.2
2020-08-19,21.66,72.8,0.0,1008.4
2020-08-20,22.39,68.4,0.0,1012.8
2020-08-21,23.58,64.6,0.0,1016.9
2020-08-22,24.789999,61.9,0.0,1015.3
2020-08-23,23.01,65.700005,0.0,1013.9
2020-08-24,22.109999,57.3,0.0,1014.4
2020-08-25,21.689999,54.3,0.0,1013.8
2020-08-26,22.39,58.3,0.0,1012.60004
2020-08-27,22.519999,45.0,0.0,1013.9
2020-08-28,22.289999,54.0,0.0,1011.10004
2020-08-29,25.3,56.5,0.0,1007.0
2020-08-30,26.949999,54.600002,0.0,1007.5
2020-08-31,20.51,60.9,18.0,1012.60004
2020-09-01,16.73,83.0,0.0,1008.4
2020-09-02,16.47,67.1,0.0,1016.8
2020-09-03,17.22,66.9,0.0,1021.5
2020-09-04,19.39,58.5,0.0,1024.0
2020-09-05,20.85,69.1,0.0,1018.8
2020-09-06,22.189999,65.5,0.0,1014.7
2020-09-07,20.59,69.4,0.0,1018.2
2020-09-08,18.42,62.0,0.0,1026.6
2020-09-09,18.51,59.9,0.0,1023.9
2020-09-10,20.27,63.0,0.0,1017.5
2020-09-11,21.39,62.8,0.0,1017.2
2020-09-12,21.74,59.9,0.0,1019.9
2020-09-13,22.789999,59.2,0.0,1024.8
2020-09-14,22.83,61.0,0.0,1027.5
2020-09-15,23.39,60.7,0.0,1024.0
2020-09-16,23.57,61.2,0.0,1019.10004
2020-09-17,22.68,60.9,0.0,1017.60004
2020-09-18,17.49,45.100002,0.0,1024.2001
2020-09-19,15.15,53.3,0.0,1023.3
2020-09-20,17.32,54.9,0.0,1019.2
2020-09-21,18.89,52.2,0.0,1019.10004
2020-09-22,19.8,54.8,0.0,1016.10004
2020-09-23,19.99,66.5,0.4,1010.10004
2020-09-24,18.65,76.700005,0.0,1009.9
2020-09-25,19.3,73.200005,12.3,1000.7
2020-09-26,11.58,81.700005,0.0,996.5
2020-09-27,11.96,66.4,2.0,1008.9
2020-09-28,13.799999,82.0,6.0,1009.4
2020-09-29,13.25,79.4,0.0,1013.7
2020-09-30,14.07,81.8,1.0,1009.7
2020-10-01,13.91,85.700005,0.0,1005.4
2020-10-02,15.92,79.9,0.0,1006.4
2020-10-03,20.17,65.4,4.3,1005.0
2020-10-04,18.31,66.3,0.0,1007.10004
2020-10-05,15.849999,73.8,0.0,1010.10004
2020-10-06,15.13,70.200005,0.0,1012.60004
2020-10-07,13.059999,85.8,7.3,1011.9
2020-10-08,13.82,71.1,0.0,1018.7
2020-10-09,13.28,74.8,0.0,1021.8
2020-10-10,14.44,79.0,0.0,1018.4
2020-10-11,12.759999,85.1,9.900001,1015.4
2020-10-12,9.19,,23.6,1010.7
2020-10-13,7.19,,29.0,1002.3
2020-10-14,8.5,87.3,0.7,1008.2
2020-10-15,8.65,90.200005,5.3,1012.5
2020-10-16,9.4,93.0,0.5,1011.2
2020-10-17,8.0199995,89.5,0.90000004,1013.7
2020-10-18,8.75,75.1,0.0,1021.0
2020-10-19,8.03,82.0,0.0,1026.2001
2020-10-20,9.57,70.6,0.0,1026.5
2020-10-21,10.84,74.0,0.0,1021.3
2020-10-22,10.98,81.3,0.0,1020.8
2020-10-23,10.33,90.3,0.0,1017.8
2020-10-24,11.21,92.200005,3.7,1016.3
2020-10-25,12.99,,6.7000003,1013.9
2020-10-26,13.74,86.6,0.0,1011.2
2020-10-27,13.03,85.200005,0.0,1012.8
2020-10-28,11.65,88.700005,0.0,1016.8
2020-10-29,10.12,89.3,1.9,1019.0
2020-10-30,9.7699995,86.0,1.4,1022.3
2020-10-31,12.19,84.9,0.0,1021.7
2020-11-01,8.49,85.8,5.6,1023.4
2020-11-02,10.86,,0.0,1020.8
2020-11-03,11.54,,0.0,1022.2
2020-11-04,12.309999,,11.6,1025.1
2020-11-05,10.429999,91.700005,0.0,1032.4
2020-11-06,6.7999997,85.200005,0.0,1034.2001
2020-11-07,6.47,84.8,0.0,1033.2001
2020-11-08,5.73,91.9,0.0,1028.9
2020-11-09,5.7799997,90.0,0.0,1028.2001
2020-11-10,4.63,,0.0,1031.2001
2020-11-11,5.2999997,,0.0,1031.5
2020-11-12,6.29,93.200005,0.0,1027.5
2020-11-13,7.44,88.8,0.0,1027.1
2020-11-14,7.77,89.700005,0.0,1027.1
2020-11-15,7.77,87.6,0.0,1024.9
2020-11-16,6.74,89.8,0.0,1020.8
2020-11-17,8.25,84.4,0.0,1027.7001
2020-11-18,6.5099998,87.0,0.0,1032.2001
2020-11-19,7.1499996,92.1,2.4,1026.7001
2020-11-20,6.7799997,74.5,1.3000001,1026.0
2020-11-21,2.09,62.600002,0.0,1035.5
2020-11-22,-0.74,87.8,0.0,1034.2001
2020-11-23,1.8299999,90.700005,0.0,1029.8
2020-11-24,0.12,,0.0,1032.3
2020-11-25,1.43,,0.0,1029.3
2020-11-26,2.53,87.700005,0.0,1026.9
2020-11-27,1.9699999,92.1,0.0,1024.9
2020-11-28,1.12,92.1,0.0,1022.7
2020-11-29,1.9799999,85.9,0.0,1022.2
2020-11-30,1.3399999,83.6,0.0,1027.0
2020-12-01,-0.47,90.1,0.0,1024.6
2020-12-02,-1.16,84.6,0.0,1022.60004
2020-12-03,1.22,78.5,1.7,1013.7
2020-12-04,4.0,82.9,0.0,1008.60004
2020-12-05,7.2599998,82.9,0.0,1011.8
2020-12-06,8.29,81.700005,0.0,1011.4
2020-12-07,5.96,86.200005,5.3,1010.2
2020-12-08,4.33,89.8,0.0,1013.4
2020-12-09,4.79,83.3,6.8,1010.7
2020-12-10,3.57,,1.1,1007.2
2020-12-11,2.97,91.1,0.0,1008.9
2020-12-12,2.97,,0.0,1006.2
2020-12-13,3.1999998,90.1,0.0,1011.7
2020-12-14,2.7,89.6,0.0,1020.7
2020-12-15,2.4199998,,0.0,1024.4
2020-12-16,3.23,,0.0,1024.8
2020-12-17,3.27,92.4,0.0,1027.2001
2020-12-18,3.31,90.700005,0.0,1030.3
2020-12-19,3.29,91.5,0.0,1029.9
2020-12-20,3.98,84.200005,0.0,1029.4
2020-12-21,4.2999997,83.9,0.0,1029.3
2020-12-22,4.23,92.9,1.5,1024.1
2020-12-23,7.8799996,91.1,0.0,1019.0
2020-12-24,7.3199997,93.200005,1.6,1011.7
2020-12-25,5.52,86.8,0.0,1012.60004
2020-12-26,2.31,69.9,0.0,1021.60004
2020-12-27,-1.11,86.1,0.2,1014.9
2020-12-28,4.2599998,84.1,1.9,997.2
2020-12-29,8.19,74.8,2.4,999.2
2020-12-30,6.56,92.700005,4.3,1005.3
2020-12-31,5.19,,1.3000001,1008.0
2021-01-01,2.58,90.0,0.0,1012.2
2021-01-02,4.0299997,83.700005,0.0,1016.4
2021-01-03,5.3199997,81.4,0.0,1014.4
2021-01-04,5.94,91.4,0.0,1013.9
2021-01-05,5.0299997,85.1,0.0,1011.0
2021-01-06,3.8799999,92.1,3.2,1012.9
2021-01-07,2.25,82.4,0.0,1015.10004
2021-01-08,1.03,87.0,0.0,1017.10004
2021-01-09,-1.13,,0.0,1021.5
2021-01-10,-1.55,91.3,0.0,1024.0
2021-01-11,-0.79999995,76.3,0.0,1021.8
2021-01-12,-3.26,,0.0,1015.60004
2021-01-13,1.5799999,73.700005,0.0,1012.10004
2021-01-14,0.65999997,75.8,0.1,1009.2
2021-01-15,-0.89,73.700005,0.0,1017.8
2021-01-16,-2.62,68.9,0.0,1019.60004
2021-01-17,-3.27,76.9,0.0,1019.3
2021-01-18,-4.7799997,72.9,0.0,1023.8
2021-01-19,0.39999998,81.8,0.0,1020.8
2021-01-20,5.3199997,71.8,0.0,1016.3
2021-01-21,8.24,63.9,0.0,1013.4
2021-01-22,8.49,70.1,0.1,1006.2
2021-01-23,8.34,78.9,0.0,999.60004
2021-01-24,5.18,76.8,0.5,998.10004
2021-01-25,2.73,72.5,0.0,1000.60004
2021-01-26,1.31,69.6,0.0,1011.60004
2021-01-27,0.75,71.4,0.0,1015.4
2021-01-28,-0.14,78.6,2.2,1010.10004
2021-01-29,3.35,,3.4,1001.0
2021-01-30,6.42,76.1,0.0,999.60004
2021-01-31,0.63,72.700005,0.0,1004.8
2021-02-01,0.0,62.100002,0.0,1004.2
2021-02-02,0.03,92.1,0.0,1012.8
2021-02-03,3.6899998,,0.0,1011.4
2021-02-04,9.19,69.0,0.0,1013.4
2021-02-05,5.7999997,81.8,0.0,1017.2
2021-02-06,4.1,,0.0,1014.3
2021-02-07,1.6999999,,3.3,1004.3
2021-02-08,3.73,90.700005,3.4,997.3
2021-02-09,1.05,,16.0,1002.8
2021-02-10,1.35,,10.8,1004.0
2021-02-11,-3.86,70.4,0.0,1013.60004
2021-02-12,-6.24,55.8,0.0,1030.6
2021-02-13,-5.65,62.9,0.0,1035.7001
2021-02-14,-2.3999999,62.600002,0.0,1036.9
2021-02-15,-1.51,51.7,0.0,1035.0
2021-02-16,-1.35,65.8,0.0,1028.1
2021-02-17,2.54,69.0,0.0,1018.9
2021-02-18,6.06,70.200005,0.0,1020.10004
2021-02-19,3.56,87.0,1.7,1024.8
2021-02-20,2.27,,0.0,1028.2001
2021-02-21,4.31,87.0,0.0,1029.2001
2021-02-22,6.14,83.6,0.0,1029.8
2021-02-23,6.12,83.8,0.0,1033.1
2021-02-24,8.19,76.3,0.0,1036.0
2021-02-25,9.639999,71.6,0.0,1034.0
2021-02-26,10.48,70.4,0.0,1027.2001
2021-02-27,8.61,59.3,0.0,1029.8
2021-02-28,5.5499997,62.600002,0.0,1034.0
2021-03-01,6.0,64.4,0.0,1032.5
2021-03-02,6.0899997,67.8,0.0,1034.3
2021-03-03,7.37,59.8,0.0,1029.5
2021-03-04,7.8999996,60.9,0.0,1018.60004
2021-03-05,6.94,61.7,0.0,1017.0
2021-03-06,2.72,44.600002,0.0,1030.6
2021-03-07,1.5699999,51.600002,0.0,1025.5
2021-03-08,2.71,58.3,0.0,1018.5
2021-03-09,2.09,51.4,0.0,1020.3
2021-03-10,2.6,46.4,0.0,1021.3
2021-03-11,3.52,46.9,1.0,1018.4
2021-03-12,9.49,55.0,0.0,1012.10004
2021-03-13,9.25,68.6,0.0,1012.4
2021-03-14,8.34,68.200005,2.0,1007.9
2021-03-15,7.52,53.7,0.0,1005.10004
2021-03-16,6.25,58.4,0.0,1009.3
2021-03-17,5.6099997,61.100002,0.0,1013.7
2021-03-18,4.36,59.9,0.0,1015.5
2021-03-19,2.35,78.1,0.0,1016.5
2021-03-20,1.7099999,65.5,0.0,1022.9
2021-03-21,1.55,51.100002,0.0,1017.4
2021-03-22,3.72,57.7,0.0,1013.60004
2021-03-23,4.74,55.0,0.0,1020.9
2021-03-24,6.08,67.3,0.0,1021.7
2021-03-25,6.42,59.100002,0.0,1022.5
2021-03-26,8.49,56.3,0.0,1022.5
2021-03-27,11.79,50.100002,0.0,1022.5
2021-03-28,9.87,42.7,0.0,1032.5
2021-03-29,10.9,51.600002,0.0,1032.1
2021-03-30,14.07,62.5,0.0,1030.0
2021-03-31,14.88,60.100002,0.0,1025.2001
2021-04-01,16.65,55.600002,0.0,1014.8
2021-04-02,14.62,48.2,0.0,1012.2
2021-04-03,8.71,54.7,0.0,1014.3
2021-04-04,6.5499997,49.100002,0.0,1018.2
2021-04-05,7.97,44.8,0.1,1008.5
2021-04-06,4.48,52.3,0.0,1007.4
2021-04-07,3.31,58.600002,0.0,1012.10004
2021-04-08,2.69,74.5,0.0,1023.10004
2021-04-09,6.97,53.9,0.0,1024.6
2021-04-10,11.55,48.2,0.0,1019.60004
2021-04-11,11.849999,54.3,0.0,1018.8
2021-04-12,13.349999,60.0,0.7,1016.9
2021-04-13,4.67,88.9,21.6,1018.10004
2021-04-14,5.4,73.6,0.1,1018.8
2021-04-15,5.3199997,71.0,0.0,1020.4
2021-04-16,5.66,70.0,0.0,1020.10004
2021-04-17,7.14,70.8,0.0,1018.3
2021-04-18,8.139999,80.8,4.0,1016.7
2021-04-19,8.63,84.5,0.7,1015.7
2021-04-20,9.55,83.6,6.7000003,1014.5
2021-04-21,11.11,71.700005,0.0,1015.8
2021-04-22,12.37,61.2,0.0,1016.60004
2021-04-23,10.13,47.3,0.0,1022.8
2021-04-24,10.429999,46.3,0.0,1023.4
2021-04-25,11.33,49.2,0.0,1018.7
2021-04-26,8.76,45.100002,0.0,1018.7
2021-04-27,10.01,50.100002,0.0,1014.2
2021-04-28,11.759999,52.600002,0.0,1011.9
2021-04-29,15.429999,76.4,0.2,1009.4
2021-04-30,17.01,65.9,0.0,1010.2
2021-05-01,19.1,63.5,0.0,1009.0
2021-05-02,15.299999,64.9,0.0,1006.8
2021-05-03,11.509999,49.5,0.0,1020.2
2021-05-04,13.2699995,50.100002,0.0,1015.9
2021-05-05,14.299999,59.100002,0.90000004,1007.7
2021-05-06,12.11,48.8,0.0,1014.5
2021-05-07,10.849999,79.1,1.7,1011.9
2021-05-08,10.57,52.7,0.0,1020.7
2021-05-09,14.139999,44.5,0.0,1021.5
2021-05-10,18.74,45.4,0.0,1016.9
2021-05-11,21.63,47.100002,0.0,1011.8
2021-05-12,18.27,65.9,3.3,1006.3
2021-05-13,14.09,85.3,1.5,1002.60004
2021-05-14,13.299999,71.0,0.0,1008.60004
2021-05-15,14.599999,75.200005,2.7,1009.60004
2021-05-16,14.46,74.9,1.2,1007.60004
2021-05-17,13.16,86.3,14.2,1004.0
2021-05-18,14.69,65.4,0.0,1010.4
2021-05-19,12.9,80.200005,20.2,1011.60004
2021-05-20,12.74,81.1,3.5,1013.9
2021-05-21,15.99,62.2,0.0,1014.7
2021-05-22,14.21,69.9,4.3,1013.3
2021-05-23,12.21,90.1,19.300001,1015.8
2021-05-24,13.71,79.6,1.0,1021.7
2021-05-25,14.639999,70.8,0.0,1017.0
2021-05-26,14.5,55.7,0.0,1020.10004
2021-05-27,16.699999,57.0,0.0,1015.2
2021-05-28,16.609999,54.0,0.0,1017.8
2021-05-29,15.48,56.600002,0.0,1018.3
2021-05-30,13.44,70.5,3.7,1020.2
2021-05-31,14.03,73.4,1.3000001,1018.4
2021-06-01,14.809999,58.0,0.0,1017.3
2021-06-02,16.14,57.4,0.0,1019.9
2021-06-03,18.039999,53.7,0.0,1024.6
2021-06-04,19.939999,54.3,0.0,1024.0
2021-06-05,21.64,53.9,0.90000004,1020.10004
2021-06-06,21.029999,62.7,0.0,1016.8
2021-06-07,21.18,62.5,0.0,1017.0
2021-06-08,22.58,53.8,0.0,1017.2
2021-06-09,23.279999,53.100002,3.1000001,1016.3
2021-06-10,21.18,66.0,2.5,1015.7
2021-06-11,20.82,62.8,1.1,1015.8
2021-06-12,22.34,63.5,4.4,1015.2
2021-06-13,18.449999,57.0,0.0,1018.60004
2021-06-14,17.779999,52.9,0.0,1019.5
2021-06-15,20.56,53.0,0.0,1017.8
2021-06-16,22.91,51.600002,0.0,1017.10004
2021-06-17,24.449999,52.4,0.0,1017.0
2021-06-18,25.25,53.0,0.0,1017.4
2021-06-19,26.07,54.600002,0.0,1014.2
2021-06-20,26.07,58.0,0.0,1012.3
2021-06-21,27.609999,55.8,0.0,1006.4
2021-06-22,27.869999,59.3,0.0,1008.9
2021-06-23,28.73,55.7,0.0,1013.60004
2021-06-24,30.24,54.2,0.0,1012.7
2021-06-25,26.81,58.5,0.1,1011.8
2021-06-26,24.72,55.2,0.0,1014.7
2021-06-27,24.59,54.9,0.0,1016.0
2021-06-28,26.449999,53.2,0.0,1015.0
2021-06-29,28.41,48.3,0.0,1010.3
2021-06-30,25.9,51.5,0.4,1010.3
2021-07-01,21.869999,55.2,0.0,1011.4
2021-07-02,20.22,64.1,0.0,1012.2
2021-07-03,22.17,57.2,0.0,1012.9
2021-07-04,23.21,50.100002,0.0,1010.9
2021-07-05,24.4,54.600002,0.0,1011.7
2021-07-06,26.4,47.4,0.0,1013.2
2021-07-07,28.369999,48.100002,0.0,1014.3
2021-07-08,30.89,42.100002,0.0,1017.3
2021-07-09,25.63,65.8,9.1,1015.2
2021-07-10,25.1,46.8,0.0,1016.3
2021-07-11,24.09,65.9,3.4,1014.3
2021-07-12,24.619999,67.8,0.0,1013.0
2021-07-13,27.81,58.100002,0.0,1009.5
2021-07-14,28.519999,54.600002,5.9,1010.4
2021-07-15,25.1,62.100002,0.0,1011.2
2021-07-16,25.39,59.100002,22.800001,1011.60004
2021-07-17,23.6,80.6,0.0,1011.5
2021-07-18,24.1,73.1,10.5,1009.9
2021-07-19,21.65,88.200005,12.2,1011.9
2021-07-20,22.539999,65.5,0.0,1014.10004
2021-07-21,21.47,59.0,0.0,1019.10004
2021-07-22,22.029999,57.9,0.0,1019.3
2021-07-23,22.71,56.9,0.0,1016.5
2021-07-24,23.96,53.5,1.7,1015.3
2021-07-25,25.38,60.7,0.0,1012.2
2021-07-26,27.57,55.7,0.0,1012.9
2021-07-27,27.05,57.4,0.0,1014.60004
2021-07-28,28.26,53.4,0.0,1011.7
2021-07-29,24.97,55.9,0.0,1013.4
2021-07-30,26.38,54.600002,1.5,1011.0
2021-07-31,24.939999,64.700005,3.5,1009.9
2021-08-01,23.09,76.4,6.4,1006.9
2021-08-02,20.85,64.9,0.0,1012.60004
2021-08-03,21.35,65.6,0.0,1014.9
2021-08-04,22.99,66.0,0.0,1013.7
2021-08-05,20.16,82.4,4.2000003,1005.2
2021-08-06,20.189999,65.700005,0.0,1007.2
2021-08-07,23.519999,57.7,0.0,1010.7
2021-08-08,24.66,59.600002,11.8,1012.9
2021-08-09,23.49,64.200005,0.0,1017.3
2021-08-10,24.26,59.600002,0.0,1018.10004
2021-08-11,24.74,56.9,0.0,1016.8
2021-08-12,24.17,53.2,0.0,1021.10004
2021-08-13,25.57,51.600002,0.0,1021.8
2021-08-14,26.449999,57.100002,0.0,1019.9
2021-08-15,27.859999,58.0,15.5,1013.2
2021-08-16,25.779999,68.4,4.4,1010.10004
2021-08-17,18.14,69.6,0.2,1014.5
2021-08-18,17.41,62.9,0.0,1016.5
2021-08-19,18.949999,65.5,0.0,1015.60004
2021-08-20,20.73,65.200005,0.0,1017.7
2021-08-21,22.17,61.2,0.0,1018.60004
2021-08-22,23.5,60.100002,0.0,1017.7
2021-08-23,19.42,81.6,2.7,1016.5
2021-08-24,19.74,71.700005,0.0,1016.4
2021-08-25,17.64,61.7,0.0,1017.60004
2021-08-26,16.449999,68.1,1.0,1011.4
2021-08-27,15.799999,75.0,0.90000004,1012.4
2021-08-28,15.65,73.0,3.6000001,1014.5
2021-08-29,16.609999,78.3,0.90000004,1011.5
2021-08-30,16.73,71.6,0.0,1011.10004
2021-08-31,16.869999,73.9,0.0,1014.7
2021-09-01,17.67,63.600002,0.0,1019.0
2021-09-02,17.85,60.7,0.0,1023.3
2021-09-03,18.71,60.100002,0.0,1020.10004
2021-09-04,18.46,61.3,0.0,1018.0
2021-09-05,19.18,51.5,0.0,1021.8
2021-09-06,17.14,53.4,0.0,1024.3
2021-09-07,18.05,58.7,0.0,1026.0
2021-09-08,18.609999,55.5,0.0,1022.60004
2021-09-09,18.68,52.5,0.0,1020.10004
2021-09-10,18.939999,54.2,0.0,1017.8
2021-09-11,19.92,52.5,0.0,1017.8
2021-09-12,20.439999,51.9,0.0,1016.0
2021-09-13,21.25,57.5,0.0,1015.8
2021-09-14,21.1,64.700005,0.0,1017.2
2021-09-15,22.539999,58.600002,0.0,1016.10004
2021-09-16,22.4,58.5,1.0,1013.10004
2021-09-17,18.699999,74.9,0.0,1010.4
2021-09-18,16.17,73.8,0.0,1013.2
2021-09-19,15.299999,67.5,0.0,1012.8
2021-09-20,12.63,72.6,0.0,1017.3
2021-09-21,11.86,62.8,0.0,1025.4
2021-09-22,11.94,78.0,3.6000001,1022.4
2021-09-23,13.32,70.200005,0.0,1020.5
2021-09-24,16.89,66.700005,0.0,1015.10004
2021-09-25,18.24,68.200005,0.0,1019.3
2021-09-26,18.52,70.8,0.0,1019.7
2021-09-27,18.1,80.200005,6.3,1017.4
2021-09-28,19.06,81.0,0.0,1016.8
2021-09-29,15.679999,84.6,9.3,1021.10004
2021-09-30,13.5,91.6,3.5,1026.5
2021-10-01,13.49,85.1,0.0,1026.9
2021-10-02,13.99,69.4,0.0,1022.7
2021-10-03,14.82,64.6,0.0,1019.8
2021-10-04,16.85,64.9,0.0,1020.10004
2021-10-05,17.74,56.3,0.8,1018.5
2021-10-06,12.16,85.0,13.6,1019.0
2021-10-07,13.17,76.6,0.0,1023.2
2021-10-08,11.95,60.600002,0.0,1026.2001
2021-10-09,10.12,47.600002,4.0,1028.3
2021-10-10,9.28,73.5,0.90000004,1025.7001
2021-10-11,11.41,67.9,0.0,1018.7
2021-10-12,10.53,69.5,0.0,1014.3
2021-10-13,8.29,76.8,0.1,1017.5
2021-10-14,7.6099997,75.9,0.0,1024.1
2021-10-15,6.0699997,76.9,0.0,1023.3
2021-10-16,8.86,74.200005,0.0,1020.60004
2021-10-17,8.36,74.0,0.0,1022.60004
2021-10-18,8.73,77.200005,0.0,1025.5
2021-10-19,8.849999,77.3,0.0,1028.4
2021-10-20,11.82,69.200005,0.0,1021.5
2021-10-21,15.11,62.3,0.0,1011.60004
2021-10-22,12.7,75.9,0.0,1017.4
2021-10-23,9.469999,56.9,0.0,1026.3
2021-10-24,6.21,67.200005,0.0,1032.9
2021-10-25,6.5899997,69.1,0.0,1031.0
2021-10-26,7.0499997,70.3,0.0,1024.6
2021-10-27,6.89,75.1,0.0,1028.1
2021-10-28,7.2,74.4,0.0,1027.1
2021-10-29,8.54,69.8,0.0,1023.60004
2021-10-30,10.809999,67.5,0.0,1022.5
2021-10-31,9.2,73.4,0.0,1020.4
2021-11-01,9.46,72.6,0.0,1011.60004
2021-11-02,8.179999,84.8,3.8,1004.8
2021-11-03,8.19,87.1,12.0,1010.60004
2021-11-04,12.349999,89.200005,13.900001,1007.8
2021-11-05,8.49,68.8,0.0,1020.5
2021-11-06,8.17,70.8,0.0,1027.6
2021-11-07,8.58,84.200005,0.2,1021.10004
2021-11-08,8.05,75.9,0.0,1021.7
2021-11-09,6.1099997,77.4,0.0,1031.0
2021-11-10,4.43,91.3,0.0,1034.3
2021-11-11,4.7999997,86.8,0.0,1028.6
2021-11-12,5.0099998,83.6,0.0,1022.7
2021-11-13,3.52,,0.0,1021.3
2021-11-14,6.16,89.5,0.0,1021.3
2021-11-15,8.5,83.200005,0.0,1026.1
2021-11-16,6.04,86.0,0.0,1027.2001
2021-11-17,6.67,81.4,0.0,1024.0
2021-11-18,7.5099998,72.1,0.0,1027.6
2021-11-19,8.91,74.5,0.0,1025.5
2021-11-20,9.8,75.3,0.0,1022.7
2021-11-21,4.27,,0.0,1014.0
2021-11-22,7.02,91.3,0.0,1016.60004
2021-11-23,4.81,74.700005,0.0,1025.9
2021-11-24,0.94,79.200005,0.0,1026.3
2021-11-25,2.69,87.5,0.0,1016.2
2021-11-26,4.4,91.200005,7.0,1000.0
2021-11-27,3.4299998,87.4,0.1,999.10004
2021-11-28,6.22,,6.9,994.60004
2021-11-29,2.76,78.4,0.0,999.4
2021-11-30,2.99,73.8,3.0,1008.5
2021-12-01,6.56,75.9,0.0,1005.9
2021-12-02,6.2799997,90.3,19.800001,1000.4
2021-12-03,3.37,70.6,0.0,1011.60004
2021-12-04,-1.05,80.5,1.8000001,1011.60004
2021-12-05,1.12,,2.5,1005.5
2021-12-06,2.45,88.9,0.0,1006.9
2021-12-07,1.0699999,80.200005,0.0,1011.60004
2021-12-08,-0.26,86.9,0.0,1010.4
2021-12-09,1.11,93.0,7.2000003,1005.0
2021-12-10,1.23,91.4,0.0,1005.7
2021-12-11,1.8,89.200005,0.0,1012.7
2021-12-12,2.0,71.3,0.0,1018.10004
2021-12-13,1.5699999,75.200005,0.0,1024.3
2021-12-14,-1.3199999,89.4,0.0,1028.1
2021-12-15,0.34,91.6,0.0,1030.7001
2021-12-16,3.4199998,90.700005,0.0,1030.4
2021-12-17,5.5099998,70.700005,0.0,1028.7001
2021-12-18,3.6599998,70.9,0.0,1030.0
2021-12-19,5.2599998,76.8,0.0,1017.9
2021-12-20,3.08,66.9,0.0,1018.5
2021-12-21,0.049999997,65.1,0.0,1024.9
2021-12-22,-2.58,77.0,0.0,1028.6
2021-12-23,-2.2,68.6,0.0,1022.10004
2021-12-24,3.36,85.700005,1.0,1007.7
2021-12-25,4.5299997,89.6,0.0,1007.60004
2021-12-26,-0.39,66.4,0.0,1014.3
2021-12-27,-0.5,61.600002,0.0,1011.60004
2021-12-28,-0.21,,2.4,1011.2
2021-12-29,1.66,,0.0,1010.8
2021-12-30,2.81,,0.3,1020.8
2021-12-31,8.67,88.1,0.0,1021.7
2022-01-01,11.5,77.200005,0.0,1022.60004
2022-01-02,7.83,87.8,0.0,1022.10004
2022-01-03,8.639999,75.5,0.0,1015.0
2022-01-04,8.49,82.5,0.0,1006.60004
2022-01-05,7.7,79.1,0.2,1003.2
2022-01-06,4.04,60.100002,0.0,1014.2
2022-01-07,-0.97999996,63.5,0.0,1023.2
2022-01-08,-2.04,73.0,0.0,1016.8
2022-01-09,-2.4199998,81.5,0.0,1008.8
2022-01-10,0.55,73.1,0.0,1014.8
2022-01-11,0.29999998,60.7,0.0,1027.6
2022-01-12,-3.1799998,70.6,0.0,1035.3
2022-01-13,-1.5699999,79.4,0.0,1036.4
2022-01-14,4.62,70.1,0.0,1026.3
2022-01-15,2.84,70.700005,0.0,1027.4
2022-01-16,-3.85,87.9,0.0,1026.7001
2022-01-17,4.52,65.9,0.7,1021.2
2022-01-18,2.01,64.6,0.0,1032.2001
2022-01-19,-0.87,80.5,0.0,1030.2001
2022-01-20,0.37,80.4,0.0,1019.0
2022-01-21,0.14,61.9,0.0,1022.10004
2022-01-22,0.64,61.3,0.0,1022.4
2022-01-23,-1.15,61.9,0.0,1029.7001
2022-01-24,-3.9299998,68.0,0.0,1036.7001
2022-01-25,-2.49,81.3,0.0,1031.9
2022-01-26,1.41,81.0,0.0,1027.6
2022-01-27,2.98,71.8,0.0,1022.9
2022-01-28,5.46,59.5,0.0,1021.0
2022-01-29,3.32,63.3,0.0,1025.3
2022-01-30,6.18,55.4,0.0,1014.2
2022-01-31,4.15,54.0,0.0,1010.10004
2022-02-01,2.6699998,72.9,1.0,1010.4
2022-02-02,4.21,76.6,0.0,1008.10004
2022-02-03,3.61,63.2,0.0,1021.4
2022-02-04,4.48,62.600002,0.0,1016.8
2022-02-05,4.29,62.4,0.0,1019.7
2022-02-06,4.3399997,62.7,0.0,1017.3
2022-02-07,6.02,66.200005,1.2,1008.60004
2022-02-08,5.7599998,58.2,0.0,1025.1
2022-02-09,8.5199995,69.8,0.0,1027.4
2022-02-10,5.6299996,73.1,0.0,1024.3
2022-02-11,6.12,68.1,0.0,1023.3
2022-02-12,4.23,58.0,0.0,1033.3
2022-02-13,1.9499999,62.9,0.0,1029.1
2022-02-14,4.23,71.4,1.1,1019.2
2022-02-15,8.05,78.5,0.90000004,1015.0
2022-02-16,6.6099997,80.5,1.8000001,1014.0
2022-02-17,8.71,68.8,0.2,1004.8
2022-02-18,9.96,52.4,0.0,1012.7
2022-02-19,9.16,49.100002,0.0,1015.0
2022-02-20,6.22,68.200005,0.0,1018.0
2022-02-21,5.0699997,85.4,2.5,1007.7
2022-02-22,5.83,62.4,0.0,1013.9
2022-02-23,6.0,62.2,0.0,1023.2
2022-02-24,5.13,59.100002,0.0,1024.0
2022-02-25,5.62,53.100002,0.0,1020.4
2022-02-26,5.5899997,44.5,0.0,1027.5
2022-02-27,5.35,43.8,0.0,1029.7001
2022-02-28,2.79,59.4,0.0,1029.1
2022-03-01,3.1899998,44.100002,0.0,1029.7001
2022-03-02,2.57,47.2,0.0,1022.8
2022-03-03,2.33,57.4,0.0,1016.9
2022-03-04,2.8,66.4,0.0,1017.7
2022-03-05,2.86,58.100002,0.0,1020.7
2022-03-06,2.6399999,52.600002,0.0,1020.0
2022-03-07,0.42,61.2,0.0,1020.3
2022-03-08,2.56,51.100002,0.0,1021.5
2022-03-09,4.25,52.2,0.0,1022.2
2022-03-10,2.56,46.3,0.0,1028.8
2022-03-11,-0.22,35.5,0.0,1033.2001
2022-03-12,0.29,34.9,0.0,1032.7001
2022-03-13,2.28,37.0,0.0,1028.7001
2022-03-14,5.25,35.7,0.0,1033.0
2022-03-15,8.23,36.600002,0.0,1030.8
2022-03-16,7.0299997,72.3,0.0,1022.9
2022-03-17,6.06,70.8,0.0,1031.3
2022-03-18,4.61,64.4,0.0,1039.6
2022-03-19,5.89,45.0,0.0,1039.3
2022-03-20,3.75,38.3,0.0,1042.2001
2022-03-21,5.23,36.3,0.0,1039.1
2022-03-22,9.559999,32.4,0.0,1035.6
2022-03-23,12.13,29.9,0.0,1030.5
2022-03-24,12.48,31.800001,0.0,1024.2001
2022-03-25,11.059999,39.7,0.0,1026.0
2022-03-26,12.49,38.9,0.0,1026.0
2022-03-27,12.05,48.7,0.0,1028.2001
2022-03-28,11.98,46.7,0.0,1022.8
2022-03-29,14.08,43.7,0.0,1009.4
2022-03-30,13.09,53.600002,0.0,1003.2
2022-03-31,10.49,89.4,16.4,995.60004
2022-04-01,8.71,90.8,3.2,993.60004
2022-04-02,3.22,84.5,7.9,1001.7
2022-04-03,2.85,73.200005,0.0,1013.60004
2022-04-04,3.61,58.9,0.0,1018.0
2022-04-05,8.599999,63.5,0.0,1009.9
2022-04-06,13.37,58.5,0.0,1008.3
2022-04-07,12.969999,59.2,0.0,998.9
2022-04-08,14.5,53.0,14.900001,1001.2
2022-04-09,9.25,76.5,4.6,1004.10004
2022-04-10,7.74,56.100002,0.0,1015.3
2022-04-11,7.2799997,53.7,0.0,1021.3
2022-04-12,9.09,52.0,0.0,1021.2
2022-04-13,11.219999,47.600002,0.0,1022.4
2022-04-14,13.46,44.4,0.0,1021.10004
2022-04-15,13.009999,56.5,0.0,1018.9
2022-04-16,10.59,71.1,3.7,1021.3
2022-04-17,8.75,39.5,0.0,1023.5
2022-04-18,7.75,52.8,0.0,1016.5
2022-04-19,6.97,69.0,0.4,1012.4
2022-04-20,8.62,58.4,0.0,1013.9
2022-04-21,10.11,53.0,0.0,1012.7
2022-04-22,9.9,71.9,8.2,1006.7
2022-04-23,11.38,84.4,0.0,1007.5
2022-04-24,13.84,76.200005,2.2,1005.5
2022-04-25,14.099999,64.6,0.0,1008.2
2022-04-26,14.07,61.9,0.0,1014.4
2022-04-27,12.5199995,80.9,12.3,1018.10004
2022-04-28,13.95,68.4,0.0,1022.4
2022-04-29,14.969999,49.0,0.0,1024.7001
2022-04-30,15.37,50.100002,0.0,1021.2
2022-05-01,16.74,51.600002,0.0,1018.60004
2022-05-02,16.25,56.4,0.0,1016.0
2022-05-03,16.05,62.9,0.0,1014.9
2022-05-04,15.63,69.700005,0.7,1017.4
2022-05-05,17.96,62.600002,0.0,1019.9
2022-05-06,18.14,61.5,0.0,1020.7
2022-05-07,18.369999,59.600002,0.0,1020.2
2022-05-08,18.0,64.8,0.0,1021.2
2022-05-09,17.48,69.200005,0.0,1023.10004
2022-05-10,18.27,60.0,0.0,1021.0
2022-05-11,19.529999,56.5,0.0,1018.2
2022-05-12,22.72,54.8,0.0,1016.7
2022-05-13,21.5,59.5,0.0,1017.10004
2022-05-14,19.92,52.3,0.0,1018.10004
2022-05-15,20.26,47.100002,0.0,1018.60004
2022-05-16,21.22,49.7,0.0,1017.9
2022-05-17,18.66,75.9,4.1,1016.2
2022-05-18,16.27,48.2,0.0,1025.5
2022-05-19,16.789999,42.7,0.0,1027.6
2022-05-20,20.359999,50.5,0.0,1021.4
2022-05-21,21.82,55.4,0.0,1015.5
2022-05-22,18.85,47.3,0.0,1013.8
2022-05-23,18.67,48.2,6.2000003,1011.2
2022-05-24,17.4,70.4,0.1,1010.5
2022-05-25,19.93,71.6,0.3,1013.5
2022-05-26,20.22,56.100002,0.0,1020.7
2022-05-27,22.39,52.0,0.1,1016.7
2022-05-28,17.22,50.3,0.0,1014.8
2022-05-29,13.719999,62.100002,2.6000001,1012.4
2022-05-30,14.9,68.200005,0.0,1012.8
2022-05-31,17.14,70.3,2.6000001,1016.2
2022-06-01,19.55,66.4,0.7,1015.60004
2022-06-02,21.109999,58.2,0.0,1017.60004
2022-06-03,23.689999,49.7,13.8,1019.5
2022-06-04,21.869999,81.9,1.0,1016.60004
2022-06-05,22.699999,66.200005,0.0,1016.8
2022-06-06,22.41,55.5,0.0,1016.0
2022-06-07,23.68,59.3,8.0,1011.8
2022-06-08,21.779999,78.1,2.0,1008.2
2022-06-09,19.65,85.4,14.6,1007.7
2022-06-10,22.119999,73.4,6.5,1013.7
2022-06-11,22.769999,61.100002,0.0,1017.2
2022-06-12,23.18,54.4,0.0,1017.8
2022-06-13,22.869999,56.600002,0.0,1015.10004
2022-06-14,18.97,52.4,0.0,1020.10004
2022-06-15,20.26,49.4,0.0,1020.4
2022-06-16,22.15,54.8,3.2,1017.8
2022-06-17,21.189999,58.0,0.0,1019.5
2022-06-18,22.0,50.2,0.0,1021.4
2022-06-19,23.789999,49.4,0.0,1016.8
2022-06-20,25.88,49.8,0.0,1009.8
2022-06-21,22.33,43.100002,0.0,1011.7
2022-06-22,22.42,43.5,0.0,1012.3
2022-06-23,23.8,42.4,0.0,1013.60004
2022-06-24,24.8,39.600002,0.0,1013.2
2022-06-25,23.74,53.8,0.0,1012.2
2022-06-26,24.71,56.3,0.0,1014.9
2022-06-27,27.029999,49.5,0.0,1016.5
2022-06-28,26.449999,58.8,1.0,1017.0
2022-06-29,29.05,47.4,0.0,1012.9
2022-06-30,29.98,42.2,0.0,1010.9
2022-07-01,29.96,50.5,0.0,1012.3
2022-07-02,25.05,55.9,0.0,1018.9
2022-07-03,26.32,50.5,0.0,1017.60004
2022-07-04,28.57,40.4,0.0,1014.7
2022-07-05,23.3,69.5,2.5,1014.5
2022-07-06,23.119999,53.600002,0.0,1016.60004
2022-07-07,21.539999,49.8,0.0,1018.0
2022-07-08,21.68,53.7,0.0,1018.7
2022-07-09,21.74,47.2,0.0,1019.10004
2022-07-10,20.63,47.7,0.0,1015.8
2022-07-11,18.74,46.600002,0.0,1018.9
2022-07-12,20.08,46.0,0.0,1020.3
2022-07-13,23.789999,38.0,0.0,1018.8
2022-07-14,27.199999,37.8,0.0,1015.7
2022-07-15,22.539999,50.600002,0.0,1015.9
2022-07-16,23.24,38.5,0.0,1018.5
2022-07-17,21.83,35.9,0.0,1024.0
2022-07-18,22.83,36.9,0.0,1023.7
2022-07-19,25.24,37.600002,0.0,1021.0
2022-07-20,27.5,37.4,0.0,1019.10004
2022-07-21,29.91,35.7,0.0,1016.5
2022-07-22,29.96,34.2,0.0,1016.0
2022-07-23,29.59,44.2,0.0,1013.7
2022-07-24,27.369999,44.600002,0.0,1016.10004
2022-07-25,26.13,40.5,0.0,1014.7
2022-07-26,23.859999,62.0,1.2,1011.3
2022-07-27,25.359999,44.2,0.0,1013.3
2022-07-28,26.3,44.5,0.0,1015.0
2022-07-29,27.939999,43.4,0.0,1014.10004
2022-07-30,22.63,72.6,8.1,1012.7
2022-07-31,19.24,67.9,0.0,1013.2
2022-08-01,23.41,53.3,0.0,1013.8
2022-08-02,25.119999,50.9,0.0,1015.7
2022-08-03,25.789999,52.2,0.0,1016.8
2022-08-04,27.25,42.2,0.0,1016.3
2022-08-05,28.449999,38.8,0.0,1013.8
2022-08-06,27.47,47.600002,0.0,1014.10004
2022-08-07,24.72,51.0,0.0,1017.7
2022-08-08,21.83,63.9,1.4,1019.5
2022-08-09,24.029999,55.600002,0.0,1020.7
2022-08-10,23.779999,41.3,0.0,1021.4
2022-08-11,22.81,43.7,0.0,1019.3
2022-08-12,23.42,46.4,0.0,1016.2
2022-08-13,24.0,52.100002,0.0,1012.0
2022-08-14,25.05,51.4,0.0,1008.4
2022-08-15,26.39,49.7,0.0,1006.3
2022-08-16,25.8,54.3,0.1,1007.9
2022-08-17,27.14,48.5,0.0,1010.10004
2022-08-18,28.76,47.5,0.0,1010.60004
2022-08-19,28.21,51.100002,7.0,1010.3
2022-08-20,21.39,86.4,9.7,1011.0
2022-08-21,20.42,87.8,12.7,1009.4
2022-08-22,20.81,88.700005,1.7,1008.9
2022-08-23,21.76,80.1,0.0,1013.3
2022-08-24,22.32,82.0,2.8,1015.9
2022-08-25,25.46,68.8,0.0,1014.60004
2022-08-26,26.8,55.4,0.0,1010.9
2022-08-27,26.269999,51.4,0.0,1010.10004
2022-08-28,25.8,59.7,0.0,1012.5
2022-08-29,23.689999,70.5,0.0,1016.10004
2022-08-30,23.859999,60.5,0.0,1017.5
2022-08-31,23.64,50.9,8.3,1015.7
2022-09-01,18.1,68.8,2.6000001,1016.8
2022-09-02,17.949999,59.600002,0.0,1017.0
2022-09-03,18.199999,66.1,0.0,1017.60004
2022-09-04,18.47,73.1,0.0,1021.5
2022-09-05,20.76,63.2,0.0,1023.10004
2022-09-06,21.189999,62.9,0.0,1019.9
2022-09-07,22.09,67.1,0.0,1016.4
2022-09-08,22.88,68.3,8.8,1012.7
2022-09-09,21.16,68.4,1.0,1013.3
2022-09-10,20.029999,66.4,0.0,1012.4
2022-09-11,18.01,67.9,0.0,1013.7
2022-09-12,17.3,64.9,0.0,1014.8
2022-09-13,16.699999,61.9,0.0,1013.8
2022-09-14,19.14,72.3,0.0,1008.10004
2022-09-15,20.82,82.700005,14.3,1005.3
2022-09-16,16.57,79.0,2.0,1008.3
2022-09-17,13.099999,79.8,5.4,1006.5
2022-09-18,12.349999,67.5,0.5,1011.10004
2022-09-19,11.46,77.9,3.5,1014.0
2022-09-20,12.23,76.9,0.0,1017.5
2022-09-21,12.44,71.1,0.0,1021.10004
2022-09-22,11.67,73.200005,0.0,1021.0
2022-09-23,11.389999,71.8,0.0,1019.9
2022-09-24,12.5,68.200005,0.0,1017.2
2022-09-25,14.009999,82.8,12.7,1013.7
2022-09-26,14.509999,89.700005,0.0,1007.5
2022-09-27,13.11,90.0,3.9,1001.8
2022-09-28,13.88,68.9,7.0,1003.0
2022-09-29,13.94,89.4,18.2,1003.7
2022-09-30,14.63,91.9,11.3,1011.2
2022-10-01,15.589999,90.200005,4.6,1013.5
2022-10-02,14.969999,73.4,0.0,1016.7
2022-10-03,13.759999,70.0,0.0,1017.8
2022-10-04,12.59,74.9,0.0,1022.5
2022-10-05,11.929999,78.8,0.0,1028.1
2022-10-06,13.91,79.3,0.0,1029.2001
2022-10-07,15.11,79.200005,0.0,1027.1
2022-10-08,14.309999,79.6,0.0,1021.2
2022-10-09,14.94,74.0,0.0,1023.5
2022-10-10,13.309999,62.0,0.0,1024.2001
2022-10-11,14.57,76.0,0.0,1022.8
2022-10-12,13.599999,79.3,0.0,1024.9
2022-10-13,12.83,77.5,0.0,1023.0
2022-10-14,13.12,81.3,0.0,1019.5
2022-10-15,14.03,72.3,0.0,1018.8
2022-10-16,14.4,69.0,0.0,1025.0
2022-10-17,14.2,68.4,0.0,1031.5
2022-10-18,13.2,68.5,0.0,1027.6
2022-10-19,13.49,65.6,0.0,1022.7
2022-10-20,8.88,72.6,0.0,1026.6
2022-10-21,8.88,69.200005,0.0,1021.5
2022-10-22,11.92,77.8,1.9,1017.9
2022-10-23,13.11,90.1,0.0,1021.60004
2022-10-24,13.349999,92.6,0.0,1018.5
2022-10-25,14.66,82.9,0.0,1019.3
2022-10-26,12.139999,91.700005,0.0,1023.4
2022-10-27,12.66,92.6,0.0,1028.9
2022-10-28,11.809999,,0.0,1030.1
2022-10-29,11.92,,0.0,1026.8
2022-10-30,12.389999,93.3,0.0,1023.7
2022-10-31,11.099999,,0.0,1023.8
2022-11-01,10.559999,,0.0,1022.2
2022-11-02,13.009999,84.5,0.0,1022.9
2022-11-03,10.32,90.3,0.0,1021.7
2022-11-04,10.58,90.9,9.8,1009.60004
2022-11-05,10.0,87.6,7.9,1011.8
2022-11-06,10.099999,93.1,0.0,1018.5
2022-11-07,8.9,92.1,0.0,1021.2
2022-11-08,7.5899997,,0.0,1022.4
2022-11-09,8.95,,0.0,1020.60004
2022-11-10,10.69,88.0,0.0,1025.5
2022-11-11,9.0199995,84.8,0.0,1033.5
2022-11-12,9.0199995,89.6,0.0,1032.9
2022-11-13,6.77,,0.0,1031.4
2022-11-14,6.48,92.200005,0.0,1025.7001
2022-11-15,6.2599998,,1.9,1017.2
2022-11-16,8.349999,,2.0,1005.10004
2022-11-17,9.09,87.3,0.0,1002.4
2022-11-18,7.27,,13.7,1000.8
2022-11-19,3.1799998,82.0,0.0,1012.4
2022-11-20,3.05,84.9,0.0,1012.9
2022-11-21,1.8199999,,0.0,1009.7
2022-11-22,3.7099998,92.0,11.8,1005.5
2022-11-23,4.99,92.9,8.3,1002.7
2022-11-24,5.75,82.0,0.0,1010.60004
2022-11-25,4.83,86.1,0.0,1020.7
2022-11-26,3.6799998,,0.0,1028.1
2022-11-27,4.72,,0.0,1029.0
2022-11-28,3.3799999,89.3,0.0,1024.5
2022-11-29,1.6999999,,0.0,1023.60004
2022-11-30,5.12,69.1,0.0,1023.4
2022-12-01,3.08,75.5,0.0,1023.5
2022-12-02,1.92,87.8,0.2,1024.3
2022-12-03,3.9299998,87.9,0.0,1025.5
2022-12-04,5.06,85.4,0.0,1023.5
2022-12-05,6.06,87.0,6.2000003,1022.60004
2022-12-06,4.64,86.200005,3.7,1017.2
2022-12-07,2.45,88.700005,0.0,1016.10004
2022-12-08,2.01,85.9,0.0,1014.2
2022-12-09,4.21,,20.4,1007.0
2022-12-10,5.31,,20.9,1000.60004
2022-12-11,2.19,84.0,0.0,1000.2
2022-12-12,-0.89,70.6,0.0,1009.4
2022-12-13,-1.87,78.6,0.0,1015.0
2022-12-14,-2.12,85.1,0.0,1010.4
2022-12-15,0.83,92.700005,7.8,1010.10004
2022-12-16,3.6999998,,4.2000003,1007.3
2022-12-17,0.35,78.8,0.0,1019.8
2022-12-18,-1.61,81.6,0.0,1037.1
2022-12-19,-1.79,87.3,0.0,1039.3
2022-12-20,-0.11,81.200005,0.0,1031.2001
2022-12-21,0.71,77.9,0.0,1021.8
2022-12-22,2.12,90.1,6.1,1017.2
2022-12-23,4.06,,0.6,1012.7
2022-12-24,7.6,84.200005,0.0,1014.60004
2022-12-25,7.89,84.1,0.0,1023.2
2022-12-26,6.6499996,91.1,0.0,1021.2
2022-12-27,5.72,71.6,0.0,1025.9
2022-12-28,1.5799999,76.8,0.0,1028.1
2022-12-29,0.56,88.8,0.0,1021.9
2022-12-30,3.36,93.200005,0.0,1021.60004
2022-12-31,5.8799996,92.9,0.0,1026.0
2023-01-01,7.4199996,91.0,0.0,1027.9
2023-01-02,7.12,,0.0,1025.9
2023-01-03,7.87,91.3,0.0,1028.1
2023-01-04,5.52,87.5,0.0,1028.6
2023-01-05,7.73,88.200005,3.1000001,1018.10004
2023-01-06,8.23,76.1,0.0,1023.10004
2023-01-07,6.3999996,89.8,0.0,1022.10004
2023-01-08,7.8799996,83.5,0.0,1015.3
2023-01-09,7.29,89.200005,27.4,1006.60004
2023-01-10,6.15,90.3,9.3,1010.0
2023-01-11,4.45,80.8,0.0,1019.60004
2023-01-12,3.59,92.5,0.0,1021.8
2023-01-13,2.8799999,,1.5,1020.5
2023-01-14,4.64,91.0,0.0,1022.10004
2023-01-15,4.33,90.5,1.4,1015.2
2023-01-16,4.5499997,,5.4,1002.0
2023-01-17,5.7599998,87.700005,21.4,992.60004
2023-01-18,5.5499997,92.0,20.800001,995.2
2023-01-19,3.29,92.3,3.6000001,1003.10004
2023-01-20,1.66,91.9,4.8,1009.0
2023-01-21,1.92,92.3,3.4,1014.3
2023-01-22,3.87,92.3,0.0,1022.10004
2023-01-23,7.14,77.700005,0.0,1026.8
2023-01-24,5.0699997,80.3,0.0,1031.9
2023-01-25,2.05,89.6,0.0,1030.4
2023-01-26,1.76,83.6,0.0,1021.3
2023-01-27,0.88,80.200005,0.0,1016.5
2023-01-28,2.01,80.0,0.0,1020.2
2023-01-29,-0.17,75.6,0.0,1025.2001
2023-01-30,-0.29999998,81.8,0.0,1017.5
2023-01-31,4.39,68.700005,0.0,1017.2
2023-02-01,4.91,73.9,2.7,1016.4
2023-02-02,4.81,69.9,0.0,1016.7
2023-02-03,2.35,81.8,9.5,1020.0
2023-02-04,3.4399998,59.100002,0.0,1020.9
2023-02-05,-1.03,57.5,0.0,1034.6
2023-02-06,-2.87,62.9,0.0,1038.3
2023-02-07,-3.1299999,68.4,0.0,1040.2001
2023-02-08,-0.26999998,61.9,0.0,1042.6
2023-02-09,-2.01,67.3,0.0,1041.2001
2023-02-10,-1.9499999,70.4,0.0,1039.2001
2023-02-11,1.4,65.6,0.0,1033.5
2023-02-12,4.93,74.6,0.0,1034.6
2023-02-13,2.6,75.5,0.0,1037.4
2023-02-14,3.57,78.200005,0.0,1034.4
2023-02-15,2.59,81.9,0.0,1033.1
2023-02-16,2.19,87.0,0.0,1028.5
2023-02-17,6.3399997,75.0,0.0,1024.0
2023-02-18,12.71,64.1,0.0,1018.10004
2023-02-19,10.389999,70.9,3.2,1017.7
2023-02-20,7.2599998,67.200005,0.0,1022.5
2023-02-21,11.19,61.2,0.0,1015.60004
2023-02-22,9.55,72.0,0.0,1016.9
2023-02-23,8.309999,62.9,0.0,1017.10004
2023-02-24,9.92,68.5,0.0,1007.9
2023-02-25,7.1499996,64.1,0.4,1001.3
2023-02-26,4.0099998,66.6,0.0,1010.0
2023-02-27,2.1699998,51.100002,0.0,1022.7
2023-02-28,2.9299998,58.9,0.0,1028.4
2023-03-01,6.2,64.3,0.0,1025.0
2023-03-02,5.6,63.600002,0.0,1021.10004
2023-03-03,6.15,76.0,0.0,1018.10004
2023-03-04,5.21,58.7,0.0,1015.4
2023-03-05,4.04,63.9,0.0,1013.5
2023-03-06,4.77,68.3,0.0,1008.8
2023-03-07,4.79,77.5,0.0,1005.8
2023-03-08,7.6699996,72.5,0.0,1003.7
2023-03-09,11.88,63.5,0.0,1001.10004
2023-03-10,11.05,77.0,4.2000003,998.3
2023-03-11,6.81,49.4,0.0,1001.3
2023-03-12,3.87,48.4,0.0,1016.4
2023-03-13,9.0199995,51.100002,0.0,1016.0
2023-03-14,13.059999,54.8,0.90000004,1003.9
2023-03-15,7.64,56.7,0.0,1009.3
2023-03-16,5.52,44.4,0.0,1021.5
2023-03-17,4.74,48.4,0.0,1024.9
2023-03-18,7.41,51.3,0.0,1021.10004
2023-03-19,9.38,52.0,0.0,1019.2
2023-03-20,12.33,51.8,0.0,1016.9
2023-03-21,13.049999,57.2,0.0,1015.60004
2023-03-22,11.09,65.1,0.0,1016.2
2023-03-23,12.92,57.7,0.0,1014.7
2023-03-24,15.33,53.5,2.3,1010.5
2023-03-25,13.44,62.4,0.1,1009.3
2023-03-26,12.0199995,54.5,9.5,1007.9
2023-03-27,6.7,80.0,12.3,1002.0
2023-03-28,3.76,53.0,0.0,1019.4
2023-03-29,4.87,55.100002,0.0,1024.2001
2023-03-30,9.969999,70.0,2.6000001,1017.5
2023-03-31,13.469999,73.9,1.6,1007.8
2023-04-01,11.469999,71.0,0.0,1003.3
2023-04-02,11.429999,67.8,2.7,1009.5
2023-04-03,7.08,55.7,0.0,1017.60004
2023-04-04,4.44,44.4,0.0,1018.10004
2023-04-05,4.12,44.4,0.0,1019.10004
2023-04-06,3.47,59.9,0.1,1016.8
2023-04-07,4.62,80.8,1.8000001,1016.3
2023-04-08,4.5,91.9,1.9,1021.2
2023-04-09,6.77,77.700005,0.0,1024.1
2023-04-10,10.01,66.700005,0.0,1021.7
2023-04-11,10.88,73.1,0.0,1013.9
2023-04-12,10.2,55.100002,0.0,1009.10004
2023-04-13,12.61,53.0,0.5,1005.4
2023-04-14,9.599999,81.5,11.900001,1002.10004
2023-04-15,8.84,85.4,0.1,1008.7
2023-04-16,12.17,71.200005,0.0,1014.2
2023-04-17,14.809999,62.2,0.6,1013.5
2023-04-18,14.65,57.600002,0.0,1015.9
2023-04-19,13.599999,57.9,0.0,1014.2
2023-04-20,13.62,61.9,0.0,1015.5
2023-04-21,13.94,52.4,0.0,1015.3
2023-04-22,14.839999,49.600002,0.0,1014.5
2023-04-23,15.44,48.8,0.0,1012.5
2023-04-24,14.009999,76.700005,3.8,1007.3
2023-04-25,12.25,67.8,1.0,1006.5
2023-04-26,10.08,52.600002,0.0,1013.9
2023-04-27,9.12,50.0,0.0,1020.2
2023-04-28,11.41,54.8,0.0,1020.10004
2023-04-29,14.32,56.600002,0.0,1015.10004
2023-04-30,15.049999,66.0,0.0,1016.4
2023-05-01,15.61,47.2,0.0,1018.5
2023-05-02,17.46,54.5,2.3,1017.5
2023-05-03,16.25,78.4,0.2,1020.4
2023-05-04,16.039999,69.1,0.0,1020.9
2023-05-05,16.289999,58.5,0.0,1019.7
2023-05-06,17.109999,69.3,0.0,1017.10004
2023-05-07,17.35,67.4,0.0,1017.3
2023-05-08,12.78,57.100002,0.0,1023.2
2023-05-09,13.0,55.3,0.0,1022.2
2023-05-10,14.96,56.8,0.0,1017.7
2023-05-11,15.42,56.100002,4.3,1016.5
2023-05-12,11.32,92.8,12.8,1018.8
2023-05-13,12.23,83.5,0.0,1021.7
2023-05-14,12.29,89.8,31.5,1015.8
2023-05-15,15.15,87.5,0.2,1009.8
2023-05-16,14.96,,4.2000003,1009.3
2023-05-17,15.259999,89.9,6.2000003,1011.7
2023-05-18,13.059999,92.9,2.6000001,1019.9
2023-05-19,17.19,75.700005,0.0,1021.9
2023-05-20,20.47,62.600002,0.0,1019.10004
2023-05-21,21.41,57.100002,0.0,1016.10004
2023-05-22,20.199999,60.4,0.0,1014.5
2023-05-23,20.74,66.700005,0.0,1012.3
2023-05-24,19.76,71.8,0.0,1014.7
2023-05-25,20.41,68.9,0.0,1018.3
2023-05-26,21.15,63.4,0.0,1018.2
2023-05-27,20.64,57.2,0.0,1019.10004
2023-05-28,19.25,51.600002,0.0,1016.60004
2023-05-29,19.27,65.5,0.0,1015.9
2023-05-30,19.05,67.4,0.0,1016.9
2023-05-31,21.35,53.3,0.0,1018.3
2023-06-01,21.56,53.9,0.0,1015.60004
2023-06-02,21.359999,60.2,4.2000003,1012.3
2023-06-03,17.94,53.4,0.0,1018.0
2023-06-04,17.81,53.3,0.0,1020.0
2023-06-05,20.85,54.9,6.2000003,1018.4
2023-06-06,18.47,90.3,8.1,1016.60004
2023-06-07,18.8,84.1,15.8,1016.0
2023-06-08,19.96,85.4,6.6,1014.60004
2023-06-09,18.82,90.3,12.2,1012.5
2023-06-10,20.0,82.4,2.1000001,1011.60004
2023-06-11,20.529999,69.8,0.0,1013.2
2023-06-12,18.38,53.8,0.0,1014.8
2023-06-13,17.21,55.2,0.0,1013.5
2023-06-14,17.96,62.600002,0.0,1014.7
2023-06-15,19.8,55.7,0.0,1014.7
2023-06-16,19.96,64.9,0.0,1012.0
2023-06-17,19.84,62.3,0.0,1012.3
2023-06-18,21.58,55.0,0.0,1014.9
2023-06-19,23.359999,58.0,0.0,1015.3
2023-06-20,25.06,56.2,0.0,1016.10004
2023-06-21,26.46,62.5,3.3,1016.60004
2023-06-22,26.92,65.3,0.0,1017.3
2023-06-23,26.47,66.1,6.2000003,1014.10004
2023-06-24,21.99,70.1,0.0,1017.7
2023-06-25,22.08,69.700005,0.0,1016.7
2023-06-26,23.23,61.7,0.0,1014.4
2023-06-27,20.41,69.4,0.0,1014.3
2023-06-28,18.92,58.9,0.0,1015.60004
2023-06-29,20.869999,58.8,0.0,1015.3
2023-06-30,22.84,58.100002,0.0,1011.7
2023-07-01,23.91,58.2,0.0,1006.9
2023-07-02,24.25,55.0,0.0,1008.2
2023-07-03,23.96,51.0,3.4,1013.2
2023-07-04,20.84,82.700005,1.3000001,1015.7
2023-07-05,23.82,66.9,0.0,1014.2
2023-07-06,23.08,66.0,0.2,1015.5
2023-07-07,23.18,56.2,0.0,1019.8
2023-07-08,23.359999,53.2,0.0,1021.0
2023-07-09,24.82,50.8,0.0,1020.4
2023-07-10,26.74,51.2,0.0,1018.0
2023-07-11,26.32,56.7,0.0,1015.9
2023-07-12,26.949999,56.8,3.1000001,1012.9
2023-07-13,24.43,69.0,3.2,1014.0
2023-07-14,24.84,61.3,0.0,1017.4
2023-07-15,26.289999,60.7,0.0,1016.3
2023-07-16,28.15,60.2,0.0,1014.3
2023-07-17,28.529999,60.0,0.0,1015.2
2023-07-18,27.31,51.7,0.0,1017.10004
2023-07-19,26.68,56.9,0.0,1010.5
2023-07-20,25.269999,52.100002,0.0,1010.5
2023-07-21,22.06,66.6,4.8,1011.8
2023-07-22,22.25,63.600002,0.0,1014.60004
2023-07-23,24.269999,55.9,0.0,1015.9
2023-07-24,27.24,57.4,1.6,1009.10004
2023-07-25,22.59,78.6,3.2,1003.7
2023-07-26,18.73,72.5,0.0,1007.2
2023-07-27,18.84,55.8,0.0,1014.0
2023-07-28,22.529999,60.0,0.0,1011.60004
2023-07-29,24.72,61.100002,0.0,1011.3
2023-07-30,21.93,77.1,1.2,1012.0
2023-07-31,21.88,58.600002,0.0,1012.8
2023-08-01,21.609999,65.8,2.8,1007.2
2023-08-02,21.77,64.8,0.0,1007.8
2023-08-03,23.039999,66.1,29.1,1007.7
2023-08-04,22.72,78.3,42.4,1010.0
2023-08-05,22.68,88.6,7.0,1004.2
2023-08-06,17.949999,83.9,0.0,1003.0
2023-08-07,16.75,65.1,0.0,1011.7
2023-08-08,17.52,62.3,0.0,1017.9
2023-08-09,18.539999,67.3,0.0,1018.0
2023-08-10,19.359999,60.7,0.0,1020.0
2023-08-11,19.26,60.100002,0.0,1022.2
2023-08-12,21.039999,60.9,0.0,1021.8
2023-08-13,22.98,61.4,0.0,1020.4
2023-08-14,24.32,59.0,0.0,1020.3
2023-08-15,25.529999,59.5,0.0,1019.0
2023-08-16,23.689999,71.6,7.0,1018.60004
2023-08-17,23.55,76.9,0.0,1017.7
2023-08-18,24.08,75.3,0.0,1017.3
2023-08-19,23.33,81.6,13.400001,1018.4
2023-08-20,26.49,67.9,0.0,1019.3
2023-08-21,27.279999,65.6,0.0,1019.9
2023-08-22,27.49,64.3,0.0,1018.2
2023-08-23,27.199999,65.6,0.0,1015.7
2023-08-24,25.84,64.8,0.0,1016.2
2023-08-25,25.5,66.6,0.0,1013.9
2023-08-26,28.59,58.0,0.0,1011.10004
2023-08-27,27.99,59.2,0.0,1008.0
2023-08-28,28.449999,56.2,0.0,1003.7
2023-08-29,21.689999,81.1,9.3,1003.60004
2023-08-30,18.13,84.1,0.0,1006.4
2023-08-31,18.9,68.6,0.0,1013.0
2023-09-01,20.18,66.1,0.0,1018.60004
2023-09-02,22.05,67.5,0.0,1020.10004
2023-09-03,19.93,73.0,0.4,1021.8
2023-09-04,19.779999,56.9,0.0,1023.9
2023-09-05,20.64,58.2,0.0,1023.8
2023-09-06,20.82,58.0,0.0,1023.3
2023-09-07,21.13,56.4,0.0,1023.3
2023-09-08,21.42,57.600002,0.0,1021.7
2023-09-09,21.939999,59.9,0.0,1019.9
2023-09-10,22.14,62.0,0.0,1019.10004
2023-09-11,23.029999,59.3,0.0,1015.8
2023-09-12,23.359999,58.3,0.0,1014.10004
2023-09-13,23.689999,57.2,0.0,1013.60004
2023-09-14,21.109999,77.3,2.0,1016.2
2023-09-15,20.84,65.6,0.0,1020.0
2023-09-16,19.58,72.6,0.0,1019.9
2023-09-17,20.98,74.4,0.0,1019.3
2023-09-18,22.72,64.9,0.0,1015.5
2023-09-19,20.31,75.5,0.90000004,1013.9
2023-09-20,20.23,67.6,0.0,1016.9
2023-09-21,20.66,69.6,1.3000001,1011.2
2023-09-22,22.779999,65.3,0.1,1008.5
2023-09-23,18.48,86.4,7.0,1013.10004
2023-09-24,16.26,90.1,4.4,1018.9
2023-09-25,19.859999,77.8,0.0,1023.2
2023-09-26,21.15,68.0,0.0,1023.4
2023-09-27,20.24,62.8,0.0,1023.10004
2023-09-28,19.56,64.0,0.0,1021.9
2023-09-29,18.72,65.5,0.0,1022.10004
2023-09-30,17.359999,75.9,0.0,1021.7
2023-10-01,15.74,66.9,0.0,1024.5
2023-10-02,16.39,68.6,0.0,1025.5
2023-10-03,18.06,65.5,0.0,1021.8
2023-10-04,16.359999,62.600002,0.0,1025.1
2023-10-05,15.099999,64.5,0.0,1025.4
2023-10-06,14.88,65.0,0.0,1026.2001
2023-10-07,15.94,65.700005,0.0,1021.4
2023-10-08,16.4,53.4,0.0,1020.0
2023-10-09,11.08,66.0,1.4,1022.5
2023-10-10,11.45,84.0,0.0,1022.60004
2023-10-11,15.42,80.9,0.0,1023.10004
2023-10-12,16.22,75.700005,0.0,1019.2
2023-10-13,18.1,76.3,0.0,1018.4
2023-10-14,17.63,75.8,3.6000001,1012.2
2023-10-15,12.36,73.5,0.0,1015.3
2023-10-16,8.11,68.5,0.0,1022.4
2023-10-17,6.91,68.6,0.0,1022.2
2023-10-18,7.8399997,70.1,0.90000004,1017.9
2023-10-19,11.34,85.3,0.2,1005.3
2023-10-20,20.279999,63.0,0.0,996.3
2023-10-21,18.42,79.8,12.400001,1003.60004
2023-10-22,14.86,86.4,0.6,1011.2
2023-10-23,13.94,80.700005,0.0,1016.8
2023-10-24,14.809999,84.200005,9.2,1009.5
2023-10-25,15.2,81.3,0.0,1002.7
2023-10-26,14.24,82.8,14.6,1000.4
2023-10-27,13.96,88.700005,10.7,995.7
2023-10-28,11.65,89.0,0.0,1008.10004
2023-10-29,14.049999,78.1,0.0,1012.0
2023-10-30,17.0,65.6,0.0,1011.4
2023-10-31,13.639999,77.3,4.3,1006.0
2023-11-01,11.86,74.8,0.0,1013.7
2023-11-02,13.059999,70.9,0.0,1004.5
2023-11-03,12.21,82.700005,11.5,993.0
2023-11-04,8.58,84.3,5.2000003,998.4
2023-11-05,9.65,92.6,8.0,993.60004
2023-11-06,11.44,75.8,0.0,1011.10004
2023-11-07,9.91,91.700005,4.7000003,1016.5
2023-11-08,9.46,76.3,0.0,1018.0
2023-11-09,7.7799997,75.6,0.0,1017.9
2023-11-10,7.49,86.700005,9.900001,1008.9
2023-11-11,7.66,87.8,5.5,1003.2
2023-11-12,6.46,70.5,0.0,1011.10004
2023-11-13,6.42,83.0,2.5,1014.4
2023-11-14,10.599999,87.1,10.900001,1010.7
2023-11-15,10.86,75.700005,0.0,1011.5
2023-11-16,10.19,69.5,0.2,1017.0
2023-11-17,7.8799996,80.200005,1.2,1009.4
2023-11-18,4.93,69.4,0.0,1020.10004
2023-11-19,2.45,88.6,1.2,1018.9
2023-11-20,7.0299997,86.5,0.0,1013.10004
2023-11-21,6.54,88.9,0.0,1012.4
2023-11-22,5.21,81.5,0.0,1020.7
2023-11-23,2.1299999,81.6,0.0,1022.0
2023-11-24,4.25,80.200005,0.0,1003.10004
2023-11-25,2.79,69.3,0.0,1000.9
2023-11-26,0.61,71.700005,0.0,1009.8
2023-11-27,1.13,85.1,2.7,1010.0
2023-11-28,3.6799998,92.3,4.7000003,995.4
2023-11-29,0.02,73.9,0.0,1009.2
2023-11-30,-0.099999994,91.0,34.9,1008.0
2023-12-01,1.6999999,,12.900001,1002.5
2023-12-02,2.6399999,,1.9,1000.8
2023-12-03,-0.98999995,71.1,0.0,1021.5
2023-12-04,-2.3899999,79.4,0.0,1025.3
2023-12-05,-0.44,87.200005,5.0,1016.8
2023-12-06,1.0,,18.6,1014.5
2023-12-07,0.65999997,,4.0,1018.10004
2023-12-08,0.88,92.200005,0.0,1021.0
2023-12-09,0.45,91.9,0.0,1020.5
2023-12-10,0.22999999,,2.4,1015.2
2023-12-11,1.2099999,,0.0,1012.9
2023-12-12,4.7599998,88.0,13.8,1012.7
2023-12-13,4.68,,7.9,1002.7
2023-12-14,5.19,91.0,0.0,1010.10004
2023-12-15,3.83,85.0,0.0,1028.9
2023-12-16,1.9599999,82.3,0.0,1039.3
2023-12-17,3.09,83.0,0.0,1039.0
2023-12-18,1.51,89.8,0.0,1034.1
2023-12-19,-1.5899999,,0.0,1026.8
2023-12-20,0.90999997,92.4,0.0,1015.0
2023-12-21,4.47,81.5,5.2000003,1005.60004
2023-12-22,5.43,74.0,8.1,996.7
2023-12-23,1.12,91.8,8.900001,1003.7
2023-12-24,4.75,89.3,0.6,1010.3
2023-12-25,8.8,82.6,0.0,1011.9
2023-12-26,7.68,80.1,0.0,1016.2
2023-12-27,7.2799997,70.4,0.0,1025.2001
2023-12-28,3.98,86.6,0.0,1023.5
2023-12-29,2.98,92.9,0.0,1020.4
2023-12-30,3.07,,0.0,1019.60004
2023-12-31,4.49,90.6,1.1,1015.60004
2024-01-01,6.2599998,81.9,1.5,1011.8
2024-01-02,3.76,89.6,1.0,1011.9
2024-01-03,8.11,84.0,0.0,1003.9
2024-01-04,8.8,68.4,0.0,1004.4
2024-01-05,7.21,70.1,0.0,1010.60004
2024-01-06,6.29,,11.0,1005.3
2024-01-07,5.21,91.8,2.1000001,1004.2
2024-01-08,-0.17999999,71.9,0.0,1016.9
2024-01-09,-0.44,46.2,0.0,1030.8
2024-01-10,-3.27,67.8,0.0,1034.1
2024-01-11,-2.25,71.3,0.0,1026.3
2024-01-12,-0.62,70.5,0.0,1025.2001
2024-01-13,-1.27,75.9,0.0,1020.5
2024-01-14,-1.2099999,79.1,0.0,1011.10004
2024-01-15,0.79999995,71.6,0.0,1003.0
2024-01-16,1.18,62.5,0.0,1011.60004
2024-01-17,-1.09,90.700005,2.5,1006.3
2024-01-18,5.23,,2.7,995.7
2024-01-19,0.9,84.0,2.0,1012.9
2024-01-20,-0.64,71.6,0.0,1030.0
2024-01-21,-2.0,76.3,0.0,1035.5
2024-01-22,-3.59,89.700005,0.0,1032.0
2024-01-23,1.37,85.8,0.0,1027.6
2024-01-24,2.22,86.0,1.0,1024.8
2024-01-25,8.55,57.0,0.0,1020.60004
2024-01-26,5.93,67.4,1.0,1024.0
2024-01-27,5.94,61.3,0.0,1028.1
2024-01-28,3.61,69.700005,0.0,1036.8
2024-01-29,1.14,79.6,0.0,1040.4
2024-01-30,0.38,85.200005,0.0,1040.4
2024-01-31,0.02,82.4,0.0,1035.9
2024-02-01,3.27,84.4,0.0,1027.3
2024-02-02,5.1,72.9,0.0,1027.6
2024-02-03,9.15,69.1,0.0,1021.9
2024-02-04,10.9,66.700005,0.0,1019.3
2024-02-05,11.87,62.5,0.0,1015.9
2024-02-06,10.17,61.100002,0.0,1015.0
2024-02-07,8.2699995,70.700005,0.0,1009.60004
2024-02-08,10.2,68.1,0.0,1005.10004
2024-02-09,10.86,69.8,0.7,1000.60004
2024-02-10,13.59,61.8,1.9,998.2
2024-02-11,10.429999,86.700005,13.2,995.9
2024-02-12,8.599999,79.3,0.0,1003.2
2024-02-13,8.36,66.8,0.0,1014.8
2024-02-14,5.85,68.1,0.0,1024.1
2024-02-15,7.52,75.5,0.0,1024.7001
2024-02-16,7.8399997,70.1,0.0,1024.7001
2024-02-17,6.93,75.8,0.0,1027.6
2024-02-18,7.29,75.3,0.0,1031.3
2024-02-19,4.97,87.9,0.0,1025.3
2024-02-20,8.54,72.4,0.0,1024.2001
2024-02-21,8.58,67.3,0.0,1023.0
2024-02-22,9.349999,60.4,1.1,1010.5
2024-02-23,10.42,74.700005,1.9,1004.2
2024-02-24,11.45,66.200005,0.0,1008.60004
2024-02-25,9.37,84.9,5.0,1011.5
2024-02-26,10.719999,86.5,0.0,1008.8
2024-02-27,12.12,72.4,0.0,1013.9
2024-02-28,11.849999,71.4,0.0,1018.7
2024-02-29,10.99,74.3,0.0,1018.3
2024-03-01,11.33,79.1,1.3000001,1010.7
2024-03-02,8.91,91.5,1.7,1011.60004
2024-03-03,10.09,81.0,0.0,1010.4
2024-03-04,10.25,73.700005,0.0,1009.4
2024-03-05,10.219999,71.4,0.0,1011.8
2024-03-06,8.929999,78.0,3.8,1015.9
2024-03-07,6.49,80.4,4.5,1018.5
2024-03-08,6.0099998,88.3,0.0,1020.5
2024-03-09,7.98,75.5,0.0,1016.60004
2024-03-10,11.139999,76.3,1.1,1009.9
2024-03-11,11.4,80.0,1.3000001,1006.10004
2024-03-12,9.12,81.3,0.0,1009.4
2024-03-13,10.69,67.1,0.0,1013.5
2024-03-14,9.99,58.600002,0.0,1016.8
2024-03-15,10.059999,65.200005,0.0,1016.7
2024-03-16,10.73,78.3,0.2,1018.0
2024-03-17,9.969999,57.8,0.0,1020.3
2024-03-18,6.7999997,54.8,0.0,1017.4
2024-03-19,4.85,54.2,0.0,1021.7
2024-03-20,6.25,58.9,0.0,1023.4
2024-03-21,9.79,55.4,0.0,1020.2
2024-03-22,12.24,61.4,0.0,1018.0
2024-03-23,12.13,64.0,0.4,1009.2
2024-03-24,7.96,65.0,0.0,1007.9
2024-03-25,7.1299996,65.700005,0.0,1008.5
2024-03-26,9.5199995,50.2,0.0,1007.4
2024-03-27,13.53,59.7,1.1,999.4
2024-03-28,13.58,64.3,1.8000001,999.8
2024-03-29,13.38,66.6,0.0,1011.7
2024-03-30,18.16,53.100002,0.0,1009.9
2024-03-31,18.56,42.600002,0.0,1007.5
2024-04-01,21.01,39.2,1.7,1003.10004
2024-04-02,12.429999,63.2,0.0,1008.4
2024-04-03,13.059999,59.4,0.0,1013.5
2024-04-04,13.98,65.5,2.2,1015.8
2024-04-05,15.4,69.4,0.0,1019.7
2024-04-06,17.46,63.3,0.0,1018.9
2024-04-07,18.01,63.7,0.0,1021.0
2024-04-08,18.23,54.8,0.0,1018.8
2024-04-09,18.69,54.7,0.0,1014.10004
2024-04-10,15.0199995,65.3,0.0,1019.8
2024-04-11,16.02,64.200005,0.0,1028.9
2024-04-12,16.44,57.8,0.0,1029.3
2024-04-13,18.0,53.2,0.0,1025.4
2024-04-14,19.57,57.100002,0.0,1019.5
2024-04-15,18.13,62.3,1.6,1008.9
2024-04-16,9.15,86.4,3.2,1006.9
2024-04-17,8.76,72.1,0.8,1004.0
2024-04-18,9.24,62.2,0.0,1009.0
2024-04-19,7.97,57.600002,0.0,1013.0
2024-04-20,8.28,67.1,0.0,1011.5
2024-04-21,8.92,67.1,2.9,1013.3
2024-04-22,8.48,74.8,0.0,1018.10004
2024-04-23,9.41,74.3,9.400001,1012.8
2024-04-24,8.179999,90.4,3.6000001,1005.0
2024-04-25,8.63,65.1,0.0,1009.60004
2024-04-26,10.54,65.3,0.0,1013.3
2024-04-27,14.7,59.600002,0.0,1017.10004
2024-04-28,17.3,57.4,0.0,1020.4
2024-04-29,19.23,53.100002,0.0,1023.9
2024-04-30,18.89,51.2,0.0,1023.60004
2024-05-01,18.17,51.7,0.0,1016.5
2024-05-02,16.779999,70.0,2.6000001,1010.5
2024-05-03,16.52,70.4,0.0,1009.60004
2024-05-04,19.4,56.5,0.0,1012.0
2024-05-05,19.289999,60.3,0.0,1012.7
2024-05-06,19.33,61.100002,0.0,1009.9
2024-05-07,18.22,64.3,0.0,1011.8
2024-05-08,16.779999,67.700005,0.0,1018.0
2024-05-09,17.73,46.7,0.0,1020.5
2024-05-10,17.46,51.100002,0.0,1020.3
2024-05-11,18.71,49.4,0.0,1019.0
2024-05-12,17.71,46.8,0.0,1019.2
2024-05-13,16.39,37.4,0.0,1018.60004
2024-05-14,17.59,40.3,0.0,1014.60004
2024-05-15,16.55,55.4,0.0,1015.8
2024-05-16,17.609999,52.4,10.400001,1015.0
2024-05-17,13.79,86.200005,9.6,1012.7
2024-05-18,16.789999,74.700005,1.3000001,1014.3
2024-05-19,18.71,77.5,4.6,1012.0
2024-05-20,19.91,74.9,7.0,1011.9
2024-05-21,20.43,75.700005,7.3,1010.3
2024-05-22,18.699999,78.0,0.0,1010.4
2024-05-23,19.43,70.0,4.3,1014.10004
2024-05-24,18.0,84.200005,2.5,1018.7
2024-05-25,20.31,69.3,0.2,1018.4
2024-05-26,20.31,63.8,0.0,1019.10004
2024-05-27,21.609999,56.600002,0.0,1018.4
2024-05-28,20.68,51.9,0.0,1015.0
2024-05-29,20.46,61.4,0.0,1012.0
2024-05-30,20.949999,58.3,0.0,1006.10004
2024-05-31,19.58,76.6,13.400001,1006.7
2024-06-01,17.02,81.9,2.0,1011.3
2024-06-02,19.109999,71.5,0.0,1014.8
2024-06-03,19.449999,77.3,19.9,1012.9
2024-06-04,17.69,82.200005,0.0,1011.9
2024-06-05,19.93,69.200005,0.0,1014.4
2024-06-06,22.59,65.0,0.0,1016.7
2024-06-07,23.47,66.4,0.0,1016.0
2024-06-08,24.15,62.9,6.6,1013.10004
2024-06-09,23.3,73.1,4.2000003,1007.8
2024-06-10,20.92,84.8,3.0,1005.10004
2024-06-11,20.13,69.5,0.0,1009.7
2024-06-12,17.63,69.6,0.2,1014.60004
2024-06-13,17.02,70.200005,0.0,1014.9
2024-06-14,18.01,62.7,0.0,1015.7
2024-06-15,20.51,59.2,0.0,1012.2
2024-06-16,21.42,66.1,0.0,1010.8
2024-06-17,22.85,58.100002,0.0,1015.4
2024-06-18,25.09,56.100002,0.0,1017.0
2024-06-19,26.48,58.9,0.0,1014.10004
2024-06-20,26.08,64.4,0.0,1018.2
2024-06-21,27.119999,52.5,0.0,1015.7
2024-06-22,24.26,72.1,2.5,1010.2
2024-06-23,23.84,65.200005,0.0,1012.2
2024-06-24,24.939999,48.600002,0.0,1015.3
2024-06-25,24.26,52.3,0.0,1015.7
2024-06-26,24.71,65.700005,0.0,1013.0
2024-06-27,23.1,73.3,7.5,1011.10004
2024-06-28,24.699999,70.9,0.0,1014.7
2024-06-29,27.15,62.3,0.0,1016.2
2024-06-30,28.48,59.9,0.0,1011.3
