time,lon,lat,pm2p5
2021-01-01 00:00:00,18.950000000000006,47.25,26.125
2021-01-01 01:00:00,18.950000000000006,47.25,25.257812
2021-01-01 02:00:00,18.950000000000006,47.25,23.117188
2021-01-01 03:00:00,18.950000000000006,47.25,20.835938
2021-01-01 04:00:00,18.950000000000006,47.25,20.914062
2021-01-01 05:00:00,18.950000000000006,47.25,18.804688
2021-01-01 06:00:00,18.950000000000006,47.25,17.625
2021-01-01 07:00:00,18.950000000000006,47.25,16.828125
2021-01-01 08:00:00,18.950000000000006,47.25,16.710938
2021-01-01 09:00:00,18.950000000000006,47.25,16.0625
2021-01-01 10:00:00,18.950000000000006,47.25,15.464844
2021-01-01 11:00:00,18.950000000000006,47.25,14.828125
2021-01-01 12:00:00,18.950000000000006,47.25,13.636719
2021-01-01 13:00:00,18.950000000000006,47.25,11.941406
2021-01-01 14:00:00,18.950000000000006,47.25,12.359375
2021-01-01 15:00:00,18.950000000000006,47.25,13.7734375
2021-01-01 16:00:00,18.950000000000006,47.25,16.890625
2021-01-01 17:00:00,18.950000000000006,47.25,20.1875
2021-01-01 18:00:00,18.950000000000006,47.25,21.257812
2021-01-01 19:00:00,18.950000000000006,47.25,23.03125
2021-01-01 20:00:00,18.950000000000006,47.25,23.515625
2021-01-01 21:00:00,18.950000000000006,47.25,23.84375
2021-01-01 22:00:00,18.950000000000006,47.25,22.625
2021-01-01 23:00:00,18.950000000000006,47.25,18.726562
2021-01-02 00:00:00,18.950000000000006,47.25,17.4375
2021-01-02 01:00:00,18.950000000000006,47.25,15.136719
2021-01-02 02:00:00,18.950000000000006,47.25,13.15625
2021-01-02 03:00:00,18.950000000000006,47.25,14.0625
2021-01-02 04:00:00,18.950000000000006,47.25,18.3125
2021-01-02 05:00:00,18.950000000000006,47.25,20.367188
2021-01-02 06:00:00,18.950000000000006,47.25,21.664062
2021-01-02 07:00:00,18.950000000000006,47.25,23.703125
2021-01-02 08:00:00,18.950000000000006,47.25,25.109375
2021-01-02 09:00:00,18.950000000000006,47.25,24.851562
2021-01-02 10:00:00,18.950000000000006,47.25,22.820312
2021-01-02 11:00:00,18.950000000000006,47.25,20.679688
2021-01-02 12:00:00,18.950000000000006,47.25,18.65625
2021-01-02 13:00:00,18.950000000000006,47.25,17.507812
2021-01-02 14:00:00,18.950000000000006,47.25,17.15625
2021-01-02 15:00:00,18.950000000000006,47.25,17.257812
2021-01-02 16:00:00,18.950000000000006,47.25,19.335938
2021-01-02 17:00:00,18.950000000000006,47.25,20.0625
2021-01-02 18:00:00,18.950000000000006,47.25,21.078125
2021-01-02 19:00:00,18.950000000000006,47.25,18.40625
2021-01-02 20:00:00,18.950000000000006,47.25,17.460938
2021-01-02 21:00:00,18.950000000000006,47.25,15.0703125
2021-01-02 22:00:00,18.950000000000006,47.25,12.2734375
2021-01-02 23:00:00,18.950000000000006,47.25,13.589844
2021-01-03 00:00:00,18.950000000000006,47.25,13.9296875
2021-01-03 01:00:00,18.950000000000006,47.25,12.972656
2021-01-03 02:00:00,18.950000000000006,47.25,13.4453125
2021-01-03 03:00:00,18.950000000000006,47.25,11.8359375
2021-01-03 04:00:00,18.950000000000006,47.25,12.035156
2021-01-03 05:00:00,18.950000000000006,47.25,12.371094
2021-01-03 06:00:00,18.950000000000006,47.25,12.859375
2021-01-03 07:00:00,18.950000000000006,47.25,12.84375
2021-01-03 08:00:00,18.950000000000006,47.25,13.5
2021-01-03 09:00:00,18.950000000000006,47.25,12.6796875
2021-01-03 10:00:00,18.950000000000006,47.25,12.3046875
2021-01-03 11:00:00,18.950000000000006,47.25,12.3984375
2021-01-03 12:00:00,18.950000000000006,47.25,12.480469
2021-01-03 13:00:00,18.950000000000006,47.25,12.9921875
2021-01-03 14:00:00,18.950000000000006,47.25,13.800781
2021-01-03 15:00:00,18.950000000000006,47.25,15.4921875
2021-01-03 16:00:00,18.950000000000006,47.25,18.640625
2021-01-03 17:00:00,18.950000000000006,47.25,22.015625
2021-01-03 18:00:00,18.950000000000006,47.25,24.804688
2021-01-03 19:00:00,18.950000000000006,47.25,27.882812
2021-01-03 20:00:00,18.950000000000006,47.25,27.640625
2021-01-03 21:00:00,18.950000000000006,47.25,24.265625
2021-01-03 22:00:00,18.950000000000006,47.25,24.015625
2021-01-03 23:00:00,18.950000000000006,47.25,23.3125
2021-01-04 00:00:00,18.950000000000006,47.25,23.492188
2021-01-04 01:00:00,18.950000000000006,47.25,22.820312
2021-01-04 02:00:00,18.950000000000006,47.25,22.023438
2021-01-04 03:00:00,18.950000000000006,47.25,19.296875
2021-01-04 04:00:00,18.950000000000006,47.25,17.710938
2021-01-04 05:00:00,18.950000000000006,47.25,18.28125
2021-01-04 06:00:00,18.950000000000006,47.25,18.226562
2021-01-04 07:00:00,18.950000000000006,47.25,21.851562
2021-01-04 08:00:00,18.950000000000006,47.25,22.539062
2021-01-04 09:00:00,18.950000000000006,47.25,21.03125
2021-01-04 10:00:00,18.950000000000006,47.25,19.46875
2021-01-04 11:00:00,18.950000000000006,47.25,18.148438
2021-01-04 12:00:00,18.950000000000006,47.25,18.070312
2021-01-04 13:00:00,18.950000000000006,47.25,18.320312
2021-01-04 14:00:00,18.950000000000006,47.25,19.507812
2021-01-04 15:00:00,18.950000000000006,47.25,20.679688
2021-01-04 16:00:00,18.950000000000006,47.25,24.140625
2021-01-04 17:00:00,18.950000000000006,47.25,27.53125
2021-01-04 18:00:00,18.950000000000006,47.25,31.617188
2021-01-04 19:00:00,18.950000000000006,47.25,35.609375
2021-01-04 20:00:00,18.950000000000006,47.25,41.390625
2021-01-04 21:00:00,18.950000000000006,47.25,43.46875
2021-01-04 22:00:00,18.950000000000006,47.25,39.40625
2021-01-04 23:00:00,18.950000000000006,47.25,35.15625
2021-01-05 00:00:00,18.950000000000006,47.25,30.3125
2021-01-05 01:00:00,18.950000000000006,47.25,24.8125
2021-01-05 02:00:00,18.950000000000006,47.25,22.195312
2021-01-05 03:00:00,18.950000000000006,47.25,21.171875
2021-01-05 04:00:00,18.950000000000006,47.25,19.953125
2021-01-05 05:00:00,18.950000000000006,47.25,18.078125
2021-01-05 06:00:00,18.950000000000006,47.25,17.671875
2021-01-05 07:00:00,18.950000000000006,47.25,15.855469
2021-01-05 08:00:00,18.950000000000006,47.25,13.363281
2021-01-05 09:00:00,18.950000000000006,47.25,13.7578125
2021-01-05 10:00:00,18.950000000000006,47.25,13.667969
2021-01-05 11:00:00,18.950000000000006,47.25,14.1875
2021-01-05 12:00:00,18.950000000000006,47.25,14.222656
2021-01-05 13:00:00,18.950000000000006,47.25,14.496094
2021-01-05 14:00:00,18.950000000000006,47.25,13.25
2021-01-05 15:00:00,18.950000000000006,47.25,14.09375
2021-01-05 16:00:00,18.950000000000006,47.25,14.0234375
2021-01-05 17:00:00,18.950000000000006,47.25,17.210938
2021-01-05 18:00:00,18.950000000000006,47.25,18.867188
2021-01-05 19:00:00,18.950000000000006,47.25,18.039062
2021-01-05 20:00:00,18.950000000000006,47.25,19.664062
2021-01-05 21:00:00,18.950000000000006,47.25,21.820312
2021-01-05 22:00:00,18.950000000000006,47.25,22.75
2021-01-05 23:00:00,18.950000000000006,47.25,21.96875
2021-01-06 00:00:00,18.950000000000006,47.25,21.054688
2021-01-06 01:00:00,18.950000000000006,47.25,18.695312
2021-01-06 02:00:00,18.950000000000006,47.25,18.765625
2021-01-06 03:00:00,18.950000000000006,47.25,17.632812
2021-01-06 04:00:00,18.950000000000006,47.25,16.5
2021-01-06 05:00:00,18.950000000000006,47.25,16.609375
2021-01-06 06:00:00,18.950000000000006,47.25,16.476562
2021-01-06 07:00:00,18.950000000000006,47.25,18.007812
2021-01-06 08:00:00,18.950000000000006,47.25,21.335938
2021-01-06 09:00:00,18.950000000000006,47.25,19.742188
2021-01-06 10:00:00,18.950000000000006,47.25,17.109375
2021-01-06 11:00:00,18.950000000000006,47.25,16.601562
2021-01-06 12:00:00,18.950000000000006,47.25,15.980469
2021-01-06 13:00:00,18.950000000000006,47.25,13.0625
2021-01-06 14:00:00,18.950000000000006,47.25,13.941406
2021-01-06 15:00:00,18.950000000000006,47.25,15.984375
2021-01-06 16:00:00,18.950000000000006,47.25,15.609375
2021-01-06 17:00:00,18.950000000000006,47.25,18.039062
2021-01-06 18:00:00,18.950000000000006,47.25,20.070312
2021-01-06 19:00:00,18.950000000000006,47.25,21.929688
2021-01-06 20:00:00,18.950000000000006,47.25,21.96875
2021-01-06 21:00:00,18.950000000000006,47.25,23.625
2021-01-06 22:00:00,18.950000000000006,47.25,21.9375
2021-01-06 23:00:00,18.950000000000006,47.25,21.257812
2021-01-07 00:00:00,18.950000000000006,47.25,20.28125
2021-01-07 01:00:00,18.950000000000006,47.25,22.921875
2021-01-07 02:00:00,18.950000000000006,47.25,22.59375
2021-01-07 03:00:00,18.950000000000006,47.25,19.8125
2021-01-07 04:00:00,18.950000000000006,47.25,16.507812
2021-01-07 05:00:00,18.950000000000006,47.25,14.183594
2021-01-07 06:00:00,18.950000000000006,47.25,14.5546875
2021-01-07 07:00:00,18.950000000000006,47.25,13.972656
2021-01-07 08:00:00,18.950000000000006,47.25,13.988281
2021-01-07 09:00:00,18.950000000000006,47.25,12.1640625
2021-01-07 10:00:00,18.950000000000006,47.25,11.1328125
2021-01-07 11:00:00,18.950000000000006,47.25,10.1640625
2021-01-07 12:00:00,18.950000000000006,47.25,8.785156
2021-01-07 13:00:00,18.950000000000006,47.25,8.78125
2021-01-07 14:00:00,18.950000000000006,47.25,8.9609375
2021-01-07 15:00:00,18.950000000000006,47.25,11.441406
2021-01-07 16:00:00,18.950000000000006,47.25,16.1875
2021-01-07 17:00:00,18.950000000000006,47.25,20.375
2021-01-07 18:00:00,18.950000000000006,47.25,24.640625
2021-01-07 19:00:00,18.950000000000006,47.25,24.9375
2021-01-07 20:00:00,18.950000000000006,47.25,26.5625
2021-01-07 21:00:00,18.950000000000006,47.25,30.546875
2021-01-07 22:00:00,18.950000000000006,47.25,32.359375
2021-01-07 23:00:00,18.950000000000006,47.25,34.09375
2021-01-08 00:00:00,18.950000000000006,47.25,34.625
2021-01-08 01:00:00,18.950000000000006,47.25,33.75
2021-01-08 02:00:00,18.950000000000006,47.25,33.625
2021-01-08 03:00:00,18.950000000000006,47.25,28.445312
2021-01-08 04:00:00,18.950000000000006,47.25,27.117188
2021-01-08 05:00:00,18.950000000000006,47.25,24.390625
2021-01-08 06:00:00,18.950000000000006,47.25,27.953125
2021-01-08 07:00:00,18.950000000000006,47.25,29.492188
2021-01-08 08:00:00,18.950000000000006,47.25,31.007812
2021-01-08 09:00:00,18.950000000000006,47.25,33.09375
2021-01-08 10:00:00,18.950000000000006,47.25,30.0625
2021-01-08 11:00:00,18.950000000000006,47.25,28.273438
2021-01-08 12:00:00,18.950000000000006,47.25,26.875
2021-01-08 13:00:00,18.950000000000006,47.25,25.273438
2021-01-08 14:00:00,18.950000000000006,47.25,20.65625
2021-01-08 15:00:00,18.950000000000006,47.25,22.546875
2021-01-08 16:00:00,18.950000000000006,47.25,25.148438
2021-01-08 17:00:00,18.950000000000006,47.25,27.1875
2021-01-08 18:00:00,18.950000000000006,47.25,28.929688
2021-01-08 19:00:00,18.950000000000006,47.25,32.25
2021-01-08 20:00:00,18.950000000000006,47.25,35.3125
2021-01-08 21:00:00,18.950000000000006,47.25,31.921875
2021-01-08 22:00:00,18.950000000000006,47.25,26.914062
2021-01-08 23:00:00,18.950000000000006,47.25,22.015625
2021-01-09 00:00:00,18.950000000000006,47.25,21.648438
2021-01-09 01:00:00,18.950000000000006,47.25,23.0625
2021-01-09 02:00:00,18.950000000000006,47.25,26.421875
2021-01-09 03:00:00,18.950000000000006,47.25,27.796875
2021-01-09 04:00:00,18.950000000000006,47.25,26.96875
2021-01-09 05:00:00,18.950000000000006,47.25,26.132812
2021-01-09 06:00:00,18.950000000000006,47.25,26.554688
2021-01-09 07:00:00,18.950000000000006,47.25,25.460938
2021-01-09 08:00:00,18.950000000000006,47.25,25.515625
2021-01-09 09:00:00,18.950000000000006,47.25,27.179688
2021-01-09 10:00:00,18.950000000000006,47.25,23.164062
2021-01-09 11:00:00,18.950000000000006,47.25,19.8125
2021-01-09 12:00:00,18.950000000000006,47.25,18.375
2021-01-09 13:00:00,18.950000000000006,47.25,17.640625
2021-01-09 14:00:00,18.950000000000006,47.25,15.675781
2021-01-09 15:00:00,18.950000000000006,47.25,20.101562
2021-01-09 16:00:00,18.950000000000006,47.25,25.117188
2021-01-09 17:00:00,18.950000000000006,47.25,30.328125
2021-01-09 18:00:00,18.950000000000006,47.25,37.6875
2021-01-09 19:00:00,18.950000000000006,47.25,41.453125
2021-01-09 20:00:00,18.950000000000006,47.25,40.515625
2021-01-09 21:00:00,18.950000000000006,47.25,39.890625
2021-01-09 22:00:00,18.950000000000006,47.25,37.40625
2021-01-09 23:00:00,18.950000000000006,47.25,36.09375
2021-01-10 00:00:00,18.950000000000006,47.25,36.875
2021-01-10 01:00:00,18.950000000000006,47.25,34.8125
2021-01-10 02:00:00,18.950000000000006,47.25,34.046875
2021-01-10 03:00:00,18.950000000000006,47.25,35.828125
2021-01-10 04:00:00,18.950000000000006,47.25,37.453125
2021-01-10 05:00:00,18.950000000000006,47.25,39.1875
2021-01-10 06:00:00,18.950000000000006,47.25,38.625
2021-01-10 07:00:00,18.950000000000006,47.25,37.84375
2021-01-10 08:00:00,18.950000000000006,47.25,37.765625
2021-01-10 09:00:00,18.950000000000006,47.25,35.40625
2021-01-10 10:00:00,18.950000000000006,47.25,32.015625
2021-01-10 11:00:00,18.950000000000006,47.25,29.367188
2021-01-10 12:00:00,18.950000000000006,47.25,29.109375
2021-01-10 13:00:00,18.950000000000006,47.25,29.195312
2021-01-10 14:00:00,18.950000000000006,47.25,28.84375
2021-01-10 15:00:00,18.950000000000006,47.25,29.148438
2021-01-10 16:00:00,18.950000000000006,47.25,31.59375
2021-01-10 17:00:00,18.950000000000006,47.25,33.578125
2021-01-10 18:00:00,18.950000000000006,47.25,35.84375
2021-01-10 19:00:00,18.950000000000006,47.25,42.6875
2021-01-10 20:00:00,18.950000000000006,47.25,48.34375
2021-01-10 21:00:00,18.950000000000006,47.25,47.09375
2021-01-10 22:00:00,18.950000000000006,47.25,42.6875
2021-01-10 23:00:00,18.950000000000006,47.25,36.25
2021-01-11 00:00:00,18.950000000000006,47.25,33.421875
2021-01-11 01:00:00,18.950000000000006,47.25,31.367188
2021-01-11 02:00:00,18.950000000000006,47.25,29.976562
2021-01-11 03:00:00,18.950000000000006,47.25,29.28125
2021-01-11 04:00:00,18.950000000000006,47.25,28.414062
2021-01-11 05:00:00,18.950000000000006,47.25,27.796875
2021-01-11 06:00:00,18.950000000000006,47.25,27.039062
2021-01-11 07:00:00,18.950000000000006,47.25,27.140625
2021-01-11 08:00:00,18.950000000000006,47.25,25.867188
2021-01-11 09:00:00,18.950000000000006,47.25,23.125
2021-01-11 10:00:00,18.950000000000006,47.25,22.835938
2021-01-11 11:00:00,18.950000000000006,47.25,22.546875
2021-01-11 12:00:00,18.950000000000006,47.25,20.578125
2021-01-11 13:00:00,18.950000000000006,47.25,22.054688
2021-01-11 14:00:00,18.950000000000006,47.25,23.523438
2021-01-11 15:00:00,18.950000000000006,47.25,25.757812
2021-01-11 16:00:00,18.950000000000006,47.25,31.070312
2021-01-11 17:00:00,18.950000000000006,47.25,36.96875
2021-01-11 18:00:00,18.950000000000006,47.25,43.375
2021-01-11 19:00:00,18.950000000000006,47.25,44.625
2021-01-11 20:00:00,18.950000000000006,47.25,46.25
2021-01-11 21:00:00,18.950000000000006,47.25,46.5
2021-01-11 22:00:00,18.950000000000006,47.25,45.15625
2021-01-11 23:00:00,18.950000000000006,47.25,45.1875
2021-01-12 00:00:00,18.950000000000006,47.25,43.90625
2021-01-12 01:00:00,18.950000000000006,47.25,43.578125
2021-01-12 02:00:00,18.950000000000006,47.25,37.3125
2021-01-12 03:00:00,18.950000000000006,47.25,34.4375
2021-01-12 04:00:00,18.950000000000006,47.25,33.34375
2021-01-12 05:00:00,18.950000000000006,47.25,34.578125
2021-01-12 06:00:00,18.950000000000006,47.25,33.65625
2021-01-12 07:00:00,18.950000000000006,47.25,35.34375
2021-01-12 08:00:00,18.950000000000006,47.25,36.828125
2021-01-12 09:00:00,18.950000000000006,47.25,34.375
2021-01-12 10:00:00,18.950000000000006,47.25,33.296875
2021-01-12 11:00:00,18.950000000000006,47.25,30.9375
2021-01-12 12:00:00,18.950000000000006,47.25,28.25
2021-01-12 13:00:00,18.950000000000006,47.25,27.0625
2021-01-12 14:00:00,18.950000000000006,47.25,25.328125
2021-01-12 15:00:00,18.950000000000006,47.25,27.085938
2021-01-12 16:00:00,18.950000000000006,47.25,31.0
2021-01-12 17:00:00,18.950000000000006,47.25,34.703125
2021-01-12 18:00:00,18.950000000000006,47.25,35.625
2021-01-12 19:00:00,18.950000000000006,47.25,35.609375
2021-01-12 20:00:00,18.950000000000006,47.25,34.078125
2021-01-12 21:00:00,18.950000000000006,47.25,32.71875
2021-01-12 22:00:00,18.950000000000006,47.25,27.289062
2021-01-12 23:00:00,18.950000000000006,47.25,27.671875
2021-01-13 00:00:00,18.950000000000006,47.25,26.6875
2021-01-13 01:00:00,18.950000000000006,47.25,26.3125
2021-01-13 02:00:00,18.950000000000006,47.25,27.320312
2021-01-13 03:00:00,18.950000000000006,47.25,22.21875
2021-01-13 04:00:00,18.950000000000006,47.25,18.65625
2021-01-13 05:00:00,18.950000000000006,47.25,18.085938
2021-01-13 06:00:00,18.950000000000006,47.25,15.238281
2021-01-13 07:00:00,18.950000000000006,47.25,11.484375
2021-01-13 08:00:00,18.950000000000006,47.25,7.8476562
2021-01-13 09:00:00,18.950000000000006,47.25,6.970703
2021-01-13 10:00:00,18.950000000000006,47.25,7.3222656
2021-01-13 11:00:00,18.950000000000006,47.25,6.564453
2021-01-13 12:00:00,18.950000000000006,47.25,5.4316406
2021-01-13 13:00:00,18.950000000000006,47.25,6.0234375
2021-01-13 14:00:00,18.950000000000006,47.25,5.845703
2021-01-13 15:00:00,18.950000000000006,47.25,5.7285156
2021-01-13 16:00:00,18.950000000000006,47.25,6.986328
2021-01-13 17:00:00,18.950000000000006,47.25,9.984375
2021-01-13 18:00:00,18.950000000000006,47.25,13.824219
2021-01-13 19:00:00,18.950000000000006,47.25,12.84375
2021-01-13 20:00:00,18.950000000000006,47.25,12.7109375
2021-01-13 21:00:00,18.950000000000006,47.25,12.5234375
2021-01-13 22:00:00,18.950000000000006,47.25,11.253906
2021-01-13 23:00:00,18.950000000000006,47.25,11.816406
2021-01-14 00:00:00,18.950000000000006,47.25,12.140625
2021-01-14 01:00:00,18.950000000000006,47.25,12.953125
2021-01-14 02:00:00,18.950000000000006,47.25,13.765625
2021-01-14 03:00:00,18.950000000000006,47.25,17.539062
2021-01-14 04:00:00,18.950000000000006,47.25,21.265625
2021-01-14 05:00:00,18.950000000000006,47.25,19.46875
2021-01-14 06:00:00,18.950000000000006,47.25,16.101562
2021-01-14 07:00:00,18.950000000000006,47.25,13.3828125
2021-01-14 08:00:00,18.950000000000006,47.25,7.7929688
2021-01-14 09:00:00,18.950000000000006,47.25,7.0507812
2021-01-14 10:00:00,18.950000000000006,47.25,5.033203
2021-01-14 11:00:00,18.950000000000006,47.25,5.1054688
2021-01-14 12:00:00,18.950000000000006,47.25,4.6445312
2021-01-14 13:00:00,18.950000000000006,47.25,5.2539062
2021-01-14 14:00:00,18.950000000000006,47.25,5.185547
2021-01-14 15:00:00,18.950000000000006,47.25,5.5234375
2021-01-14 16:00:00,18.950000000000006,47.25,7.28125
2021-01-14 17:00:00,18.950000000000006,47.25,7.7070312
2021-01-14 18:00:00,18.950000000000006,47.25,8.949219
2021-01-14 19:00:00,18.950000000000006,47.25,11.234375
2021-01-14 20:00:00,18.950000000000006,47.25,11.1015625
2021-01-14 21:00:00,18.950000000000006,47.25,12.4375
2021-01-14 22:00:00,18.950000000000006,47.25,13.3125
2021-01-14 23:00:00,18.950000000000006,47.25,13.5390625
2021-01-15 00:00:00,18.950000000000006,47.25,14.566406
2021-01-15 01:00:00,18.950000000000006,47.25,13.8203125
2021-01-15 02:00:00,18.950000000000006,47.25,14.214844
2021-01-15 03:00:00,18.950000000000006,47.25,12.847656
2021-01-15 04:00:00,18.950000000000006,47.25,13.214844
2021-01-15 05:00:00,18.950000000000006,47.25,12.980469
2021-01-15 06:00:00,18.950000000000006,47.25,13.230469
2021-01-15 07:00:00,18.950000000000006,47.25,14.917969
2021-01-15 08:00:00,18.950000000000006,47.25,15.78125
2021-01-15 09:00:00,18.950000000000006,47.25,15.4453125
2021-01-15 10:00:00,18.950000000000006,47.25,14.5859375
2021-01-15 11:00:00,18.950000000000006,47.25,12.113281
2021-01-15 12:00:00,18.950000000000006,47.25,12.3984375
2021-01-15 13:00:00,18.950000000000006,47.25,12.488281
2021-01-15 14:00:00,18.950000000000006,47.25,11.113281
2021-01-15 15:00:00,18.950000000000006,47.25,11.40625
2021-01-15 16:00:00,18.950000000000006,47.25,13.175781
2021-01-15 17:00:00,18.950000000000006,47.25,16.382812
2021-01-15 18:00:00,18.950000000000006,47.25,20.484375
2021-01-15 19:00:00,18.950000000000006,47.25,21.273438
2021-01-15 20:00:00,18.950000000000006,47.25,20.757812
2021-01-15 21:00:00,18.950000000000006,47.25,21.367188
2021-01-15 22:00:00,18.950000000000006,47.25,21.453125
2021-01-15 23:00:00,18.950000000000006,47.25,20.84375
2021-01-16 00:00:00,18.950000000000006,47.25,20.648438
2021-01-16 01:00:00,18.950000000000006,47.25,20.023438
2021-01-16 02:00:00,18.950000000000006,47.25,19.421875
2021-01-16 03:00:00,18.950000000000006,47.25,14.363281
2021-01-16 04:00:00,18.950000000000006,47.25,16.859375
2021-01-16 05:00:00,18.950000000000006,47.25,16.773438
2021-01-16 06:00:00,18.950000000000006,47.25,14.917969
2021-01-16 07:00:00,18.950000000000006,47.25,14.464844
2021-01-16 08:00:00,18.950000000000006,47.25,14.984375
2021-01-16 09:00:00,18.950000000000006,47.25,14.339844
2021-01-16 10:00:00,18.950000000000006,47.25,12.703125
2021-01-16 11:00:00,18.950000000000006,47.25,11.46875
2021-01-16 12:00:00,18.950000000000006,47.25,9.8984375
2021-01-16 13:00:00,18.950000000000006,47.25,9.113281
2021-01-16 14:00:00,18.950000000000006,47.25,9.5078125
2021-01-16 15:00:00,18.950000000000006,47.25,9.2265625
2021-01-16 16:00:00,18.950000000000006,47.25,9.375
2021-01-16 17:00:00,18.950000000000006,47.25,11.160156
2021-01-16 18:00:00,18.950000000000006,47.25,12.6328125
2021-01-16 19:00:00,18.950000000000006,47.25,13.09375
2021-01-16 20:00:00,18.950000000000006,47.25,13.808594
2021-01-16 21:00:00,18.950000000000006,47.25,13.472656
2021-01-16 22:00:00,18.950000000000006,47.25,12.746094
2021-01-16 23:00:00,18.950000000000006,47.25,11.855469
2021-01-17 00:00:00,18.950000000000006,47.25,11.578125
2021-01-17 01:00:00,18.950000000000006,47.25,11.640625
2021-01-17 02:00:00,18.950000000000006,47.25,11.160156
2021-01-17 03:00:00,18.950000000000006,47.25,11.5390625
2021-01-17 04:00:00,18.950000000000006,47.25,9.738281
2021-01-17 05:00:00,18.950000000000006,47.25,9.566406
2021-01-17 06:00:00,18.950000000000006,47.25,9.003906
2021-01-17 07:00:00,18.950000000000006,47.25,9.484375
2021-01-17 08:00:00,18.950000000000006,47.25,10.863281
2021-01-17 09:00:00,18.950000000000006,47.25,9.949219
2021-01-17 10:00:00,18.950000000000006,47.25,11.46875
2021-01-17 11:00:00,18.950000000000006,47.25,10.9765625
2021-01-17 12:00:00,18.950000000000006,47.25,11.253906
2021-01-17 13:00:00,18.950000000000006,47.25,10.5234375
2021-01-17 14:00:00,18.950000000000006,47.25,10.730469
2021-01-17 15:00:00,18.950000000000006,47.25,11.5078125
2021-01-17 16:00:00,18.950000000000006,47.25,17.867188
2021-01-17 17:00:00,18.950000000000006,47.25,20.640625
2021-01-17 18:00:00,18.950000000000006,47.25,23.90625
2021-01-17 19:00:00,18.950000000000006,47.25,26.59375
2021-01-17 20:00:00,18.950000000000006,47.25,30.265625
2021-01-17 21:00:00,18.950000000000006,47.25,32.421875
2021-01-17 22:00:00,18.950000000000006,47.25,31.945312
2021-01-17 23:00:00,18.950000000000006,47.25,30.554688
2021-01-18 00:00:00,18.950000000000006,47.25,30.195312
2021-01-18 01:00:00,18.950000000000006,47.25,30.335938
2021-01-18 02:00:00,18.950000000000006,47.25,27.234375
2021-01-18 03:00:00,18.950000000000006,47.25,23.203125
2021-01-18 04:00:00,18.950000000000006,47.25,22.9375
2021-01-18 05:00:00,18.950000000000006,47.25,21.898438
2021-01-18 06:00:00,18.950000000000006,47.25,20.0625
2021-01-18 07:00:00,18.950000000000006,47.25,20.5625
2021-01-18 08:00:00,18.950000000000006,47.25,19.375
2021-01-18 09:00:00,18.950000000000006,47.25,18.59375
2021-01-18 10:00:00,18.950000000000006,47.25,19.125
2021-01-18 11:00:00,18.950000000000006,47.25,18.382812
2021-01-18 12:00:00,18.950000000000006,47.25,17.070312
2021-01-18 13:00:00,18.950000000000006,47.25,16.023438
2021-01-18 14:00:00,18.950000000000006,47.25,16.539062
2021-01-18 15:00:00,18.950000000000006,47.25,18.0
2021-01-18 16:00:00,18.950000000000006,47.25,22.65625
2021-01-18 17:00:00,18.950000000000006,47.25,33.625
2021-01-18 18:00:00,18.950000000000006,47.25,37.859375
2021-01-18 19:00:00,18.950000000000006,47.25,39.859375
2021-01-18 20:00:00,18.950000000000006,47.25,41.265625
2021-01-18 21:00:00,18.950000000000006,47.25,41.546875
2021-01-18 22:00:00,18.950000000000006,47.25,42.265625
2021-01-18 23:00:00,18.950000000000006,47.25,43.734375
2021-01-19 00:00:00,18.950000000000006,47.25,42.75
2021-01-19 01:00:00,18.950000000000006,47.25,39.140625
2021-01-19 02:00:00,18.950000000000006,47.25,34.875
2021-01-19 03:00:00,18.950000000000006,47.25,28.148438
2021-01-19 04:00:00,18.950000000000006,47.25,25.8125
2021-01-19 05:00:00,18.950000000000006,47.25,22.234375
2021-01-19 06:00:00,18.950000000000006,47.25,26.359375
2021-01-19 07:00:00,18.950000000000006,47.25,28.078125
2021-01-19 08:00:00,18.950000000000006,47.25,27.601562
2021-01-19 09:00:00,18.950000000000006,47.25,26.90625
2021-01-19 10:00:00,18.950000000000006,47.25,25.195312
2021-01-19 11:00:00,18.950000000000006,47.25,22.960938
2021-01-19 12:00:00,18.950000000000006,47.25,21.835938
2021-01-19 13:00:00,18.950000000000006,47.25,21.5625
2021-01-19 14:00:00,18.950000000000006,47.25,23.6875
2021-01-19 15:00:00,18.950000000000006,47.25,27.0625
2021-01-19 16:00:00,18.950000000000006,47.25,29.984375
2021-01-19 17:00:00,18.950000000000006,47.25,31.523438
2021-01-19 18:00:00,18.950000000000006,47.25,33.421875
2021-01-19 19:00:00,18.950000000000006,47.25,33.28125
2021-01-19 20:00:00,18.950000000000006,47.25,29.84375
2021-01-19 21:00:00,18.950000000000006,47.25,25.585938
2021-01-19 22:00:00,18.950000000000006,47.25,25.5
2021-01-19 23:00:00,18.950000000000006,47.25,25.523438
2021-01-20 00:00:00,18.950000000000006,47.25,29.515625
2021-01-20 01:00:00,18.950000000000006,47.25,31.460938
2021-01-20 02:00:00,18.950000000000006,47.25,30.476562
2021-01-20 03:00:00,18.950000000000006,47.25,29.539062
2021-01-20 04:00:00,18.950000000000006,47.25,28.375
2021-01-20 05:00:00,18.950000000000006,47.25,26.21875
2021-01-20 06:00:00,18.950000000000006,47.25,26.054688
2021-01-20 07:00:00,18.950000000000006,47.25,27.273438
2021-01-20 08:00:00,18.950000000000006,47.25,25.671875
2021-01-20 09:00:00,18.950000000000006,47.25,22.34375
2021-01-20 10:00:00,18.950000000000006,47.25,20.3125
2021-01-20 11:00:00,18.950000000000006,47.25,15.628906
2021-01-20 12:00:00,18.950000000000006,47.25,13.375
2021-01-20 13:00:00,18.950000000000006,47.25,11.121094
2021-01-20 14:00:00,18.950000000000006,47.25,10.9296875
2021-01-20 15:00:00,18.950000000000006,47.25,10.597656
2021-01-20 16:00:00,18.950000000000006,47.25,9.300781
2021-01-20 17:00:00,18.950000000000006,47.25,11.8203125
2021-01-20 18:00:00,18.950000000000006,47.25,11.902344
2021-01-20 19:00:00,18.950000000000006,47.25,10.265625
2021-01-20 20:00:00,18.950000000000006,47.25,8.3515625
2021-01-20 21:00:00,18.950000000000006,47.25,7.7695312
2021-01-20 22:00:00,18.950000000000006,47.25,8.5859375
2021-01-20 23:00:00,18.950000000000006,47.25,8.972656
2021-01-21 00:00:00,18.950000000000006,47.25,9.359375
2021-01-21 01:00:00,18.950000000000006,47.25,9.0390625
2021-01-21 02:00:00,18.950000000000006,47.25,8.5625
2021-01-21 03:00:00,18.950000000000006,47.25,8.378906
2021-01-21 04:00:00,18.950000000000006,47.25,8.34375
2021-01-21 05:00:00,18.950000000000006,47.25,8.324219
2021-01-21 06:00:00,18.950000000000006,47.25,8.332031
2021-01-21 07:00:00,18.950000000000006,47.25,9.472656
2021-01-21 08:00:00,18.950000000000006,47.25,9.0546875
2021-01-21 09:00:00,18.950000000000006,47.25,8.816406
2021-01-21 10:00:00,18.950000000000006,47.25,8.453125
2021-01-21 11:00:00,18.950000000000006,47.25,7.798828
2021-01-21 12:00:00,18.950000000000006,47.25,7.8808594
2021-01-21 13:00:00,18.950000000000006,47.25,7.9921875
2021-01-21 14:00:00,18.950000000000006,47.25,8.128906
2021-01-21 15:00:00,18.950000000000006,47.25,9.371094
2021-01-21 16:00:00,18.950000000000006,47.25,9.269531
2021-01-21 17:00:00,18.950000000000006,47.25,10.546875
2021-01-21 18:00:00,18.950000000000006,47.25,11.4765625
2021-01-21 19:00:00,18.950000000000006,47.25,11.863281
2021-01-21 20:00:00,18.950000000000006,47.25,11.871094
2021-01-21 21:00:00,18.950000000000006,47.25,11.535156
2021-01-21 22:00:00,18.950000000000006,47.25,11.0
2021-01-21 23:00:00,18.950000000000006,47.25,11.40625
2021-01-22 00:00:00,18.950000000000006,47.25,11.613281
2021-01-22 01:00:00,18.950000000000006,47.25,11.875
2021-01-22 02:00:00,18.950000000000006,47.25,10.339844
2021-01-22 03:00:00,18.950000000000006,47.25,10.953125
2021-01-22 04:00:00,18.950000000000006,47.25,11.78125
2021-01-22 05:00:00,18.950000000000006,47.25,11.660156
2021-01-22 06:00:00,18.950000000000006,47.25,12.214844
2021-01-22 07:00:00,18.950000000000006,47.25,12.9375
2021-01-22 08:00:00,18.950000000000006,47.25,13.6640625
2021-01-22 09:00:00,18.950000000000006,47.25,12.3203125
2021-01-22 10:00:00,18.950000000000006,47.25,11.1796875
2021-01-22 11:00:00,18.950000000000006,47.25,10.1640625
2021-01-22 12:00:00,18.950000000000006,47.25,10.2421875
2021-01-22 13:00:00,18.950000000000006,47.25,11.160156
2021-01-22 14:00:00,18.950000000000006,47.25,12.1015625
2021-01-22 15:00:00,18.950000000000006,47.25,12.246094
2021-01-22 16:00:00,18.950000000000006,47.25,13.4453125
2021-01-22 17:00:00,18.950000000000006,47.25,14.199219
2021-01-22 18:00:00,18.950000000000006,47.25,15.8828125
2021-01-22 19:00:00,18.950000000000006,47.25,17.617188
2021-01-22 20:00:00,18.950000000000006,47.25,17.179688
2021-01-22 21:00:00,18.950000000000006,47.25,16.25
2021-01-22 22:00:00,18.950000000000006,47.25,16.03125
2021-01-22 23:00:00,18.950000000000006,47.25,13.277344
2021-01-23 00:00:00,18.950000000000006,47.25,11.9609375
2021-01-23 01:00:00,18.950000000000006,47.25,12.28125
2021-01-23 02:00:00,18.950000000000006,47.25,11.5234375
2021-01-23 03:00:00,18.950000000000006,47.25,12.75
2021-01-23 04:00:00,18.950000000000006,47.25,11.125
2021-01-23 05:00:00,18.950000000000006,47.25,9.675781
2021-01-23 06:00:00,18.950000000000006,47.25,9.785156
2021-01-23 07:00:00,18.950000000000006,47.25,10.1171875
2021-01-23 08:00:00,18.950000000000006,47.25,10.375
2021-01-23 09:00:00,18.950000000000006,47.25,10.8203125
2021-01-23 10:00:00,18.950000000000006,47.25,11.46875
2021-01-23 11:00:00,18.950000000000006,47.25,11.589844
2021-01-23 12:00:00,18.950000000000006,47.25,11.7890625
2021-01-23 13:00:00,18.950000000000006,47.25,12.082031
2021-01-23 14:00:00,18.950000000000006,47.25,12.019531
2021-01-23 15:00:00,18.950000000000006,47.25,11.5859375
2021-01-23 16:00:00,18.950000000000006,47.25,11.484375
2021-01-23 17:00:00,18.950000000000006,47.25,13.339844
2021-01-23 18:00:00,18.950000000000006,47.25,14.605469
2021-01-23 19:00:00,18.950000000000006,47.25,16.765625
2021-01-23 20:00:00,18.950000000000006,47.25,17.640625
2021-01-23 21:00:00,18.950000000000006,47.25,19.5625
2021-01-23 22:00:00,18.950000000000006,47.25,18.992188
2021-01-23 23:00:00,18.950000000000006,47.25,16.84375
2021-01-24 00:00:00,18.950000000000006,47.25,15.46875
2021-01-24 01:00:00,18.950000000000006,47.25,14.875
2021-01-24 02:00:00,18.950000000000006,47.25,13.3515625
2021-01-24 03:00:00,18.950000000000006,47.25,13.4375
2021-01-24 04:00:00,18.950000000000006,47.25,10.9609375
2021-01-24 05:00:00,18.950000000000006,47.25,9.328125
2021-01-24 06:00:00,18.950000000000006,47.25,7.4257812
2021-01-24 07:00:00,18.950000000000006,47.25,7.220703
2021-01-24 08:00:00,18.950000000000006,47.25,8.1484375
2021-01-24 09:00:00,18.950000000000006,47.25,7.7773438
2021-01-24 10:00:00,18.950000000000006,47.25,7.453125
2021-01-24 11:00:00,18.950000000000006,47.25,6.419922
2021-01-24 12:00:00,18.950000000000006,47.25,5.3496094
2021-01-24 13:00:00,18.950000000000006,47.25,5.1953125
2021-01-24 14:00:00,18.950000000000006,47.25,4.6796875
2021-01-24 15:00:00,18.950000000000006,47.25,6.419922
2021-01-24 16:00:00,18.950000000000006,47.25,10.375
2021-01-24 17:00:00,18.950000000000006,47.25,13.253906
2021-01-24 18:00:00,18.950000000000006,47.25,15.0390625
2021-01-24 19:00:00,18.950000000000006,47.25,16.671875
2021-01-24 20:00:00,18.950000000000006,47.25,15.480469
2021-01-24 21:00:00,18.950000000000006,47.25,12.3046875
2021-01-24 22:00:00,18.950000000000006,47.25,9.09375
2021-01-24 23:00:00,18.950000000000006,47.25,7.9609375
2021-01-25 00:00:00,18.950000000000006,47.25,7.015625
2021-01-25 01:00:00,18.950000000000006,47.25,6.671875
2021-01-25 02:00:00,18.950000000000006,47.25,7.3125
2021-01-25 03:00:00,18.950000000000006,47.25,5.5
2021-01-25 04:00:00,18.950000000000006,47.25,4.3476562
2021-01-25 05:00:00,18.950000000000006,47.25,4.7578125
2021-01-25 06:00:00,18.950000000000006,47.25,5.564453
2021-01-25 07:00:00,18.950000000000006,47.25,5.96875
2021-01-25 08:00:00,18.950000000000006,47.25,6.5
2021-01-25 09:00:00,18.950000000000006,47.25,7.234375
2021-01-25 10:00:00,18.950000000000006,47.25,6.705078
2021-01-25 11:00:00,18.950000000000006,47.25,5.935547
2021-01-25 12:00:00,18.950000000000006,47.25,5.904297
2021-01-25 13:00:00,18.950000000000006,47.25,5.859375
2021-01-25 14:00:00,18.950000000000006,47.25,6.341797
2021-01-25 15:00:00,18.950000000000006,47.25,7.408203
2021-01-25 16:00:00,18.950000000000006,47.25,9.824219
2021-01-25 17:00:00,18.950000000000006,47.25,16.179688
2021-01-25 18:00:00,18.950000000000006,47.25,18.789062
2021-01-25 19:00:00,18.950000000000006,47.25,17.367188
2021-01-25 20:00:00,18.950000000000006,47.25,16.515625
2021-01-25 21:00:00,18.950000000000006,47.25,16.539062
2021-01-25 22:00:00,18.950000000000006,47.25,15.761719
2021-01-25 23:00:00,18.950000000000006,47.25,15.199219
2021-01-26 00:00:00,18.950000000000006,47.25,14.4609375
2021-01-26 01:00:00,18.950000000000006,47.25,14.71875
2021-01-26 02:00:00,18.950000000000006,47.25,14.65625
2021-01-26 03:00:00,18.950000000000006,47.25,14.066406
2021-01-26 04:00:00,18.950000000000006,47.25,14.1875
2021-01-26 05:00:00,18.950000000000006,47.25,13.4609375
2021-01-26 06:00:00,18.950000000000006,47.25,15.324219
2021-01-26 07:00:00,18.950000000000006,47.25,17.382812
2021-01-26 08:00:00,18.950000000000006,47.25,17.015625
2021-01-26 09:00:00,18.950000000000006,47.25,16.046875
2021-01-26 10:00:00,18.950000000000006,47.25,16.40625
2021-01-26 11:00:00,18.950000000000006,47.25,13.355469
2021-01-26 12:00:00,18.950000000000006,47.25,11.480469
2021-01-26 13:00:00,18.950000000000006,47.25,10.503906
2021-01-26 14:00:00,18.950000000000006,47.25,9.6015625
2021-01-26 15:00:00,18.950000000000006,47.25,8.933594
2021-01-26 16:00:00,18.950000000000006,47.25,9.753906
2021-01-26 17:00:00,18.950000000000006,47.25,12.984375
2021-01-26 18:00:00,18.950000000000006,47.25,16.921875
2021-01-26 19:00:00,18.950000000000006,47.25,19.164062
2021-01-26 20:00:00,18.950000000000006,47.25,17.078125
2021-01-26 21:00:00,18.950000000000006,47.25,15.957031
2021-01-26 22:00:00,18.950000000000006,47.25,14.4453125
2021-01-26 23:00:00,18.950000000000006,47.25,14.285156
2021-01-27 00:00:00,18.950000000000006,47.25,14.8671875
2021-01-27 01:00:00,18.950000000000006,47.25,13.699219
2021-01-27 02:00:00,18.950000000000006,47.25,13.8125
2021-01-27 03:00:00,18.950000000000006,47.25,13.941406
2021-01-27 04:00:00,18.950000000000006,47.25,14.8125
2021-01-27 05:00:00,18.950000000000006,47.25,17.585938
2021-01-27 06:00:00,18.950000000000006,47.25,18.140625
2021-01-27 07:00:00,18.950000000000006,47.25,19.242188
2021-01-27 08:00:00,18.950000000000006,47.25,17.0625
2021-01-27 09:00:00,18.950000000000006,47.25,13.925781
2021-01-27 10:00:00,18.950000000000006,47.25,12.375
2021-01-27 11:00:00,18.950000000000006,47.25,9.503906
2021-01-27 12:00:00,18.950000000000006,47.25,8.894531
2021-01-27 13:00:00,18.950000000000006,47.25,8.425781
2021-01-27 14:00:00,18.950000000000006,47.25,7.6796875
2021-01-27 15:00:00,18.950000000000006,47.25,8.59375
2021-01-27 16:00:00,18.950000000000006,47.25,10.515625
2021-01-27 17:00:00,18.950000000000006,47.25,13.0234375
2021-01-27 18:00:00,18.950000000000006,47.25,16.671875
2021-01-27 19:00:00,18.950000000000006,47.25,18.921875
2021-01-27 20:00:00,18.950000000000006,47.25,22.34375
2021-01-27 21:00:00,18.950000000000006,47.25,21.828125
2021-01-27 22:00:00,18.950000000000006,47.25,22.640625
2021-01-27 23:00:00,18.950000000000006,47.25,23.523438
2021-01-28 00:00:00,18.950000000000006,47.25,23.4375
2021-01-28 01:00:00,18.950000000000006,47.25,22.4375
2021-01-28 02:00:00,18.950000000000006,47.25,20.289062
2021-01-28 03:00:00,18.950000000000006,47.25,18.460938
2021-01-28 04:00:00,18.950000000000006,47.25,19.445312
2021-01-28 05:00:00,18.950000000000006,47.25,19.921875
2021-01-28 06:00:00,18.950000000000006,47.25,20.554688
2021-01-28 07:00:00,18.950000000000006,47.25,21.984375
2021-01-28 08:00:00,18.950000000000006,47.25,22.070312
2021-01-28 09:00:00,18.950000000000006,47.25,20.742188
2021-01-28 10:00:00,18.950000000000006,47.25,22.929688
2021-01-28 11:00:00,18.950000000000006,47.25,19.859375
2021-01-28 12:00:00,18.950000000000006,47.25,19.125
2021-01-28 13:00:00,18.950000000000006,47.25,19.101562
2021-01-28 14:00:00,18.950000000000006,47.25,19.34375
2021-01-28 15:00:00,18.950000000000006,47.25,20.859375
2021-01-28 16:00:00,18.950000000000006,47.25,23.4375
2021-01-28 17:00:00,18.950000000000006,47.25,23.875
2021-01-28 18:00:00,18.950000000000006,47.25,24.820312
2021-01-28 19:00:00,18.950000000000006,47.25,20.414062
2021-01-28 20:00:00,18.950000000000006,47.25,19.414062
2021-01-28 21:00:00,18.950000000000006,47.25,16.125
2021-01-28 22:00:00,18.950000000000006,47.25,14.597656
2021-01-28 23:00:00,18.950000000000006,47.25,13.707031
2021-01-29 00:00:00,18.950000000000006,47.25,15.9609375
2021-01-29 01:00:00,18.950000000000006,47.25,16.671875
2021-01-29 02:00:00,18.950000000000006,47.25,16.492188
2021-01-29 03:00:00,18.950000000000006,47.25,16.179688
2021-01-29 04:00:00,18.950000000000006,47.25,14.269531
2021-01-29 05:00:00,18.950000000000006,47.25,13.2734375
2021-01-29 06:00:00,18.950000000000006,47.25,13.09375
2021-01-29 07:00:00,18.950000000000006,47.25,14.1875
2021-01-29 08:00:00,18.950000000000006,47.25,14.71875
2021-01-29 09:00:00,18.950000000000006,47.25,17.15625
2021-01-29 10:00:00,18.950000000000006,47.25,15.5390625
2021-01-29 11:00:00,18.950000000000006,47.25,15.2734375
2021-01-29 12:00:00,18.950000000000006,47.25,14.7265625
2021-01-29 13:00:00,18.950000000000006,47.25,16.171875
2021-01-29 14:00:00,18.950000000000006,47.25,16.640625
2021-01-29 15:00:00,18.950000000000006,47.25,14.4296875
2021-01-29 16:00:00,18.950000000000006,47.25,17.296875
2021-01-29 17:00:00,18.950000000000006,47.25,14.730469
2021-01-29 18:00:00,18.950000000000006,47.25,15.816406
2021-01-29 19:00:00,18.950000000000006,47.25,18.898438
2021-01-29 20:00:00,18.950000000000006,47.25,20.40625
2021-01-29 21:00:00,18.950000000000006,47.25,20.828125
2021-01-29 22:00:00,18.950000000000006,47.25,17.539062
2021-01-29 23:00:00,18.950000000000006,47.25,13.390625
2021-01-30 00:00:00,18.950000000000006,47.25,12.238281
2021-01-30 01:00:00,18.950000000000006,47.25,8.4375
2021-01-30 02:00:00,18.950000000000006,47.25,8.917969
2021-01-30 03:00:00,18.950000000000006,47.25,6.6835938
2021-01-30 04:00:00,18.950000000000006,47.25,5.4277344
2021-01-30 05:00:00,18.950000000000006,47.25,4.5410156
2021-01-30 06:00:00,18.950000000000006,47.25,4.7753906
2021-01-30 07:00:00,18.950000000000006,47.25,4.859375
2021-01-30 08:00:00,18.950000000000006,47.25,4.9003906
2021-01-30 09:00:00,18.950000000000006,47.25,6.0039062
2021-01-30 10:00:00,18.950000000000006,47.25,7.6132812
2021-01-30 11:00:00,18.950000000000006,47.25,7.2871094
2021-01-30 12:00:00,18.950000000000006,47.25,7.0664062
2021-01-30 13:00:00,18.950000000000006,47.25,5.8945312
2021-01-30 14:00:00,18.950000000000006,47.25,4.517578
2021-01-30 15:00:00,18.950000000000006,47.25,4.1484375
2021-01-30 16:00:00,18.950000000000006,47.25,4.0078125
2021-01-30 17:00:00,18.950000000000006,47.25,5.138672
2021-01-30 18:00:00,18.950000000000006,47.25,5.7578125
2021-01-30 19:00:00,18.950000000000006,47.25,8.21875
2021-01-30 20:00:00,18.950000000000006,47.25,11.574219
2021-01-30 21:00:00,18.950000000000006,47.25,15.125
2021-01-30 22:00:00,18.950000000000006,47.25,16.171875
2021-01-30 23:00:00,18.950000000000006,47.25,16.960938
2021-01-31 00:00:00,18.950000000000006,47.25,17.625
2021-01-31 01:00:00,18.950000000000006,47.25,15.402344
2021-01-31 02:00:00,18.950000000000006,47.25,14.253906
2021-01-31 03:00:00,18.950000000000006,47.25,13.8984375
2021-01-31 04:00:00,18.950000000000006,47.25,11.2578125
2021-01-31 05:00:00,18.950000000000006,47.25,11.183594
2021-01-31 06:00:00,18.950000000000006,47.25,11.65625
2021-01-31 07:00:00,18.950000000000006,47.25,12.722656
2021-01-31 08:00:00,18.950000000000006,47.25,13.09375
2021-01-31 09:00:00,18.950000000000006,47.25,14.285156
2021-01-31 10:00:00,18.950000000000006,47.25,13.40625
2021-01-31 11:00:00,18.950000000000006,47.25,12.066406
2021-01-31 12:00:00,18.950000000000006,47.25,11.9765625
2021-01-31 13:00:00,18.950000000000006,47.25,12.7734375
2021-01-31 14:00:00,18.950000000000006,47.25,12.339844
2021-01-31 15:00:00,18.950000000000006,47.25,12.566406
2021-01-31 16:00:00,18.950000000000006,47.25,14.261719
2021-01-31 17:00:00,18.950000000000006,47.25,17.53125
2021-01-31 18:00:00,18.950000000000006,47.25,22.546875
2021-01-31 19:00:00,18.950000000000006,47.25,24.640625
2021-01-31 20:00:00,18.950000000000006,47.25,28.9375
2021-01-31 21:00:00,18.950000000000006,47.25,29.015625
2021-01-31 22:00:00,18.950000000000006,47.25,27.585938
2021-01-31 23:00:00,18.950000000000006,47.25,24.375
2021-02-01 00:00:00,18.950000000000006,47.25,19.414062
2021-02-01 01:00:00,18.950000000000006,47.25,16.492188
2021-02-01 02:00:00,18.950000000000006,47.25,17.117188
2021-02-01 03:00:00,18.950000000000006,47.25,18.804688
2021-02-01 04:00:00,18.950000000000006,47.25,19.875
2021-02-01 05:00:00,18.950000000000006,47.25,22.0625
2021-02-01 06:00:00,18.950000000000006,47.25,26.453125
2021-02-01 07:00:00,18.950000000000006,47.25,26.242188
2021-02-01 08:00:00,18.950000000000006,47.25,27.085938
2021-02-01 09:00:00,18.950000000000006,47.25,24.0625
2021-02-01 10:00:00,18.950000000000006,47.25,24.539062
2021-02-01 11:00:00,18.950000000000006,47.25,20.632812
2021-02-01 12:00:00,18.950000000000006,47.25,18.578125
2021-02-01 13:00:00,18.950000000000006,47.25,17.796875
2021-02-01 14:00:00,18.950000000000006,47.25,16.609375
2021-02-01 15:00:00,18.950000000000006,47.25,16.914062
2021-02-01 16:00:00,18.950000000000006,47.25,22.585938
2021-02-01 17:00:00,18.950000000000006,47.25,26.0625
2021-02-01 18:00:00,18.950000000000006,47.25,29.484375
2021-02-01 19:00:00,18.950000000000006,47.25,29.609375
2021-02-01 20:00:00,18.950000000000006,47.25,31.101562
2021-02-01 21:00:00,18.950000000000006,47.25,34.203125
2021-02-01 22:00:00,18.950000000000006,47.25,37.6875
2021-02-01 23:00:00,18.950000000000006,47.25,38.296875
2021-02-02 00:00:00,18.950000000000006,47.25,38.15625
2021-02-02 01:00:00,18.950000000000006,47.25,36.0625
2021-02-02 02:00:00,18.950000000000006,47.25,34.46875
2021-02-02 03:00:00,18.950000000000006,47.25,32.15625
2021-02-02 04:00:00,18.950000000000006,47.25,33.1875
2021-02-02 05:00:00,18.950000000000006,47.25,31.40625
2021-02-02 06:00:00,18.950000000000006,47.25,30.859375
2021-02-02 07:00:00,18.950000000000006,47.25,31.28125
2021-02-02 08:00:00,18.950000000000006,47.25,30.015625
2021-02-02 09:00:00,18.950000000000006,47.25,27.320312
2021-02-02 10:00:00,18.950000000000006,47.25,24.40625
2021-02-02 11:00:00,18.950000000000006,47.25,22.820312
2021-02-02 12:00:00,18.950000000000006,47.25,23.203125
2021-02-02 13:00:00,18.950000000000006,47.25,23.796875
2021-02-02 14:00:00,18.950000000000006,47.25,23.382812
2021-02-02 15:00:00,18.950000000000006,47.25,25.804688
2021-02-02 16:00:00,18.950000000000006,47.25,28.5625
2021-02-02 17:00:00,18.950000000000006,47.25,31.117188
2021-02-02 18:00:00,18.950000000000006,47.25,36.21875
2021-02-02 19:00:00,18.950000000000006,47.25,36.875
2021-02-02 20:00:00,18.950000000000006,47.25,38.125
2021-02-02 21:00:00,18.950000000000006,47.25,38.96875
2021-02-02 22:00:00,18.950000000000006,47.25,35.984375
2021-02-02 23:00:00,18.950000000000006,47.25,33.578125
2021-02-03 00:00:00,18.950000000000006,47.25,32.25
2021-02-03 01:00:00,18.950000000000006,47.25,30.820312
2021-02-03 02:00:00,18.950000000000006,47.25,29.257812
2021-02-03 03:00:00,18.950000000000006,47.25,26.375
2021-02-03 04:00:00,18.950000000000006,47.25,23.640625
2021-02-03 05:00:00,18.950000000000006,47.25,20.484375
2021-02-03 06:00:00,18.950000000000006,47.25,19.007812
2021-02-03 07:00:00,18.950000000000006,47.25,19.335938
2021-02-03 08:00:00,18.950000000000006,47.25,17.414062
2021-02-03 09:00:00,18.950000000000006,47.25,17.414062
2021-02-03 10:00:00,18.950000000000006,47.25,15.871094
2021-02-03 11:00:00,18.950000000000006,47.25,15.160156
2021-02-03 12:00:00,18.950000000000006,47.25,13.871094
2021-02-03 13:00:00,18.950000000000006,47.25,13.5390625
2021-02-03 14:00:00,18.950000000000006,47.25,13.410156
2021-02-03 15:00:00,18.950000000000006,47.25,13.8671875
2021-02-03 16:00:00,18.950000000000006,47.25,13.9765625
2021-02-03 17:00:00,18.950000000000006,47.25,14.363281
2021-02-03 18:00:00,18.950000000000006,47.25,13.6953125
2021-02-03 19:00:00,18.950000000000006,47.25,13.074219
2021-02-03 20:00:00,18.950000000000006,47.25,12.5234375
2021-02-03 21:00:00,18.950000000000006,47.25,11.613281
2021-02-03 22:00:00,18.950000000000006,47.25,8.902344
2021-02-03 23:00:00,18.950000000000006,47.25,10.46875
2021-02-04 00:00:00,18.950000000000006,47.25,10.316406
2021-02-04 01:00:00,18.950000000000006,47.25,10.167969
2021-02-04 02:00:00,18.950000000000006,47.25,9.9921875
2021-02-04 03:00:00,18.950000000000006,47.25,8.402344
2021-02-04 04:00:00,18.950000000000006,47.25,7.5703125
2021-02-04 05:00:00,18.950000000000006,47.25,6.4785156
2021-02-04 06:00:00,18.950000000000006,47.25,7.798828
2021-02-04 07:00:00,18.950000000000006,47.25,9.011719
2021-02-04 08:00:00,18.950000000000006,47.25,9.4296875
2021-02-04 09:00:00,18.950000000000006,47.25,5.9492188
2021-02-04 10:00:00,18.950000000000006,47.25,2.9814453
2021-02-04 11:00:00,18.950000000000006,47.25,2.9892578
2021-02-04 12:00:00,18.950000000000006,47.25,1.9663086
2021-02-04 13:00:00,18.950000000000006,47.25,1.9892578
2021-02-04 14:00:00,18.950000000000006,47.25,2.4433594
2021-02-04 15:00:00,18.950000000000006,47.25,3.1396484
2021-02-04 16:00:00,18.950000000000006,47.25,4.9179688
2021-02-04 17:00:00,18.950000000000006,47.25,7.4804688
2021-02-04 18:00:00,18.950000000000006,47.25,10.074219
2021-02-04 19:00:00,18.950000000000006,47.25,12.292969
2021-02-04 20:00:00,18.950000000000006,47.25,14.824219
2021-02-04 21:00:00,18.950000000000006,47.25,18.15625
2021-02-04 22:00:00,18.950000000000006,47.25,20.554688
2021-02-04 23:00:00,18.950000000000006,47.25,20.742188
2021-02-05 00:00:00,18.950000000000006,47.25,19.210938
2021-02-05 01:00:00,18.950000000000006,47.25,19.976562
2021-02-05 02:00:00,18.950000000000006,47.25,20.382812
2021-02-05 03:00:00,18.950000000000006,47.25,19.570312
2021-02-05 04:00:00,18.950000000000006,47.25,22.984375
2021-02-05 05:00:00,18.950000000000006,47.25,23.210938
2021-02-05 06:00:00,18.950000000000006,47.25,24.671875
2021-02-05 07:00:00,18.950000000000006,47.25,25.3125
2021-02-05 08:00:00,18.950000000000006,47.25,20.5625
2021-02-05 09:00:00,18.950000000000006,47.25,17.828125
2021-02-05 10:00:00,18.950000000000006,47.25,17.015625
2021-02-05 11:00:00,18.950000000000006,47.25,16.601562
2021-02-05 12:00:00,18.950000000000006,47.25,17.0
2021-02-05 13:00:00,18.950000000000006,47.25,16.390625
2021-02-05 14:00:00,18.950000000000006,47.25,15.3125
2021-02-05 15:00:00,18.950000000000006,47.25,15.9765625
2021-02-05 16:00:00,18.950000000000006,47.25,17.539062
2021-02-05 17:00:00,18.950000000000006,47.25,18.9375
2021-02-05 18:00:00,18.950000000000006,47.25,20.320312
2021-02-05 19:00:00,18.950000000000006,47.25,23.375
2021-02-05 20:00:00,18.950000000000006,47.25,22.320312
2021-02-05 21:00:00,18.950000000000006,47.25,22.8125
2021-02-05 22:00:00,18.950000000000006,47.25,23.460938
2021-02-05 23:00:00,18.950000000000006,47.25,22.757812
2021-02-06 00:00:00,18.950000000000006,47.25,22.648438
2021-02-06 01:00:00,18.950000000000006,47.25,23.742188
2021-02-06 02:00:00,18.950000000000006,47.25,23.984375
2021-02-06 03:00:00,18.950000000000006,47.25,22.828125
2021-02-06 04:00:00,18.950000000000006,47.25,21.585938
2021-02-06 05:00:00,18.950000000000006,47.25,21.53125
2021-02-06 06:00:00,18.950000000000006,47.25,21.648438
2021-02-06 07:00:00,18.950000000000006,47.25,23.414062
2021-02-06 08:00:00,18.950000000000006,47.25,27.59375
2021-02-06 09:00:00,18.950000000000006,47.25,28.398438
2021-02-06 10:00:00,18.950000000000006,47.25,25.71875
2021-02-06 11:00:00,18.950000000000006,47.25,24.328125
2021-02-06 12:00:00,18.950000000000006,47.25,23.070312
2021-02-06 13:00:00,18.950000000000006,47.25,18.34375
2021-02-06 14:00:00,18.950000000000006,47.25,18.15625
2021-02-06 15:00:00,18.950000000000006,47.25,17.726562
2021-02-06 16:00:00,18.950000000000006,47.25,17.867188
2021-02-06 17:00:00,18.950000000000006,47.25,18.75
2021-02-06 18:00:00,18.950000000000006,47.25,16.75
2021-02-06 19:00:00,18.950000000000006,47.25,16.75
2021-02-06 20:00:00,18.950000000000006,47.25,14.28125
2021-02-06 21:00:00,18.950000000000006,47.25,13.832031
2021-02-06 22:00:00,18.950000000000006,47.25,12.6875
2021-02-06 23:00:00,18.950000000000006,47.25,11.84375
2021-02-07 00:00:00,18.950000000000006,47.25,13.5
2021-02-07 01:00:00,18.950000000000006,47.25,14.0078125
2021-02-07 02:00:00,18.950000000000006,47.25,14.40625
2021-02-07 03:00:00,18.950000000000006,47.25,14.6640625
2021-02-07 04:00:00,18.950000000000006,47.25,14.734375
2021-02-07 05:00:00,18.950000000000006,47.25,14.4765625
2021-02-07 06:00:00,18.950000000000006,47.25,14.722656
2021-02-07 07:00:00,18.950000000000006,47.25,14.9453125
2021-02-07 08:00:00,18.950000000000006,47.25,15.0078125
2021-02-07 09:00:00,18.950000000000006,47.25,17.367188
2021-02-07 10:00:00,18.950000000000006,47.25,15.03125
2021-02-07 11:00:00,18.950000000000006,47.25,16.875
2021-02-07 12:00:00,18.950000000000006,47.25,16.75
2021-02-07 13:00:00,18.950000000000006,47.25,17.5625
2021-02-07 14:00:00,18.950000000000006,47.25,18.125
2021-02-07 15:00:00,18.950000000000006,47.25,20.539062
2021-02-07 16:00:00,18.950000000000006,47.25,25.773438
2021-02-07 17:00:00,18.950000000000006,47.25,27.625
2021-02-07 18:00:00,18.950000000000006,47.25,26.773438
2021-02-07 19:00:00,18.950000000000006,47.25,25.828125
2021-02-07 20:00:00,18.950000000000006,47.25,25.125
2021-02-07 21:00:00,18.950000000000006,47.25,25.0
2021-02-07 22:00:00,18.950000000000006,47.25,24.835938
2021-02-07 23:00:00,18.950000000000006,47.25,25.5
2021-02-08 00:00:00,18.950000000000006,47.25,22.632812
2021-02-08 01:00:00,18.950000000000006,47.25,18.570312
2021-02-08 02:00:00,18.950000000000006,47.25,18.445312
2021-02-08 03:00:00,18.950000000000006,47.25,15.8203125
2021-02-08 04:00:00,18.950000000000006,47.25,15.1015625
2021-02-08 05:00:00,18.950000000000006,47.25,14.234375
2021-02-08 06:00:00,18.950000000000006,47.25,14.089844
2021-02-08 07:00:00,18.950000000000006,47.25,16.375
2021-02-08 08:00:00,18.950000000000006,47.25,16.875
2021-02-08 09:00:00,18.950000000000006,47.25,18.523438
2021-02-08 10:00:00,18.950000000000006,47.25,17.976562
2021-02-08 11:00:00,18.950000000000006,47.25,15.3828125
2021-02-08 12:00:00,18.950000000000006,47.25,12.46875
2021-02-08 13:00:00,18.950000000000006,47.25,11.6875
2021-02-08 14:00:00,18.950000000000006,47.25,10.433594
2021-02-08 15:00:00,18.950000000000006,47.25,10.441406
2021-02-08 16:00:00,18.950000000000006,47.25,11.824219
2021-02-08 17:00:00,18.950000000000006,47.25,12.613281
2021-02-08 18:00:00,18.950000000000006,47.25,15.4921875
2021-02-08 19:00:00,18.950000000000006,47.25,17.3125
2021-02-08 20:00:00,18.950000000000006,47.25,17.890625
2021-02-08 21:00:00,18.950000000000006,47.25,19.3125
2021-02-08 22:00:00,18.950000000000006,47.25,22.460938
2021-02-08 23:00:00,18.950000000000006,47.25,21.6875
2021-02-09 00:00:00,18.950000000000006,47.25,22.429688
2021-02-09 01:00:00,18.950000000000006,47.25,22.84375
2021-02-09 02:00:00,18.950000000000006,47.25,23.5625
2021-02-09 03:00:00,18.950000000000006,47.25,22.15625
2021-02-09 04:00:00,18.950000000000006,47.25,21.796875
2021-02-09 05:00:00,18.950000000000006,47.25,20.78125
2021-02-09 06:00:00,18.950000000000006,47.25,19.476562
2021-02-09 07:00:00,18.950000000000006,47.25,17.929688
2021-02-09 08:00:00,18.950000000000006,47.25,15.8046875
2021-02-09 09:00:00,18.950000000000006,47.25,15.9140625
2021-02-09 10:00:00,18.950000000000006,47.25,14.4296875
2021-02-09 11:00:00,18.950000000000006,47.25,13.589844
2021-02-09 12:00:00,18.950000000000006,47.25,14.871094
2021-02-09 13:00:00,18.950000000000006,47.25,16.875
2021-02-09 14:00:00,18.950000000000006,47.25,16.875
2021-02-09 15:00:00,18.950000000000006,47.25,17.007812
2021-02-09 16:00:00,18.950000000000006,47.25,18.960938
2021-02-09 17:00:00,18.950000000000006,47.25,19.6875
2021-02-09 18:00:00,18.950000000000006,47.25,21.195312
2021-02-09 19:00:00,18.950000000000006,47.25,19.085938
2021-02-09 20:00:00,18.950000000000006,47.25,18.625
2021-02-09 21:00:00,18.950000000000006,47.25,16.851562
2021-02-09 22:00:00,18.950000000000006,47.25,16.664062
2021-02-09 23:00:00,18.950000000000006,47.25,18.070312
2021-02-10 00:00:00,18.950000000000006,47.25,19.289062
2021-02-10 01:00:00,18.950000000000006,47.25,20.578125
2021-02-10 02:00:00,18.950000000000006,47.25,20.765625
2021-02-10 03:00:00,18.950000000000006,47.25,21.929688
2021-02-10 04:00:00,18.950000000000006,47.25,22.789062
2021-02-10 05:00:00,18.950000000000006,47.25,23.867188
2021-02-10 06:00:00,18.950000000000006,47.25,24.898438
2021-02-10 07:00:00,18.950000000000006,47.25,21.929688
2021-02-10 08:00:00,18.950000000000006,47.25,17.5625
2021-02-10 09:00:00,18.950000000000006,47.25,16.390625
2021-02-10 10:00:00,18.950000000000006,47.25,15.511719
2021-02-10 11:00:00,18.950000000000006,47.25,11.1796875
2021-02-10 12:00:00,18.950000000000006,47.25,11.65625
2021-02-10 13:00:00,18.950000000000006,47.25,13.300781
2021-02-10 14:00:00,18.950000000000006,47.25,13.453125
2021-02-10 15:00:00,18.950000000000006,47.25,17.242188
2021-02-10 16:00:00,18.950000000000006,47.25,14.265625
2021-02-10 17:00:00,18.950000000000006,47.25,18.617188
2021-02-10 18:00:00,18.950000000000006,47.25,25.625
2021-02-10 19:00:00,18.950000000000006,47.25,27.179688
2021-02-10 20:00:00,18.950000000000006,47.25,31.695312
2021-02-10 21:00:00,18.950000000000006,47.25,27.8125
2021-02-10 22:00:00,18.950000000000006,47.25,22.070312
2021-02-10 23:00:00,18.950000000000006,47.25,23.664062
2021-02-11 00:00:00,18.950000000000006,47.25,15.378906
2021-02-11 01:00:00,18.950000000000006,47.25,25.375
2021-02-11 02:00:00,18.950000000000006,47.25,38.109375
2021-02-11 03:00:00,18.950000000000006,47.25,41.546875
2021-02-11 04:00:00,18.950000000000006,47.25,44.375
2021-02-11 05:00:00,18.950000000000006,47.25,44.328125
2021-02-11 06:00:00,18.950000000000006,47.25,43.40625
2021-02-11 07:00:00,18.950000000000006,47.25,40.359375
2021-02-11 08:00:00,18.950000000000006,47.25,36.234375
2021-02-11 09:00:00,18.950000000000006,47.25,30.125
2021-02-11 10:00:00,18.950000000000006,47.25,29.3125
2021-02-11 11:00:00,18.950000000000006,47.25,27.984375
2021-02-11 12:00:00,18.950000000000006,47.25,23.164062
2021-02-11 13:00:00,18.950000000000006,47.25,18.867188
2021-02-11 14:00:00,18.950000000000006,47.25,14.5
2021-02-11 15:00:00,18.950000000000006,47.25,12.328125
2021-02-11 16:00:00,18.950000000000006,47.25,13.730469
2021-02-11 17:00:00,18.950000000000006,47.25,14.359375
2021-02-11 18:00:00,18.950000000000006,47.25,14.296875
2021-02-11 19:00:00,18.950000000000006,47.25,15.0078125
2021-02-11 20:00:00,18.950000000000006,47.25,16.882812
2021-02-11 21:00:00,18.950000000000006,47.25,17.09375
2021-02-11 22:00:00,18.950000000000006,47.25,18.21875
2021-02-11 23:00:00,18.950000000000006,47.25,15.582031
2021-02-12 00:00:00,18.950000000000006,47.25,13.640625
2021-02-12 01:00:00,18.950000000000006,47.25,12.65625
2021-02-12 02:00:00,18.950000000000006,47.25,11.5078125
2021-02-12 03:00:00,18.950000000000006,47.25,10.144531
2021-02-12 04:00:00,18.950000000000006,47.25,9.230469
2021-02-12 05:00:00,18.950000000000006,47.25,8.707031
2021-02-12 06:00:00,18.950000000000006,47.25,8.6484375
2021-02-12 07:00:00,18.950000000000006,47.25,9.6796875
2021-02-12 08:00:00,18.950000000000006,47.25,9.421875
2021-02-12 09:00:00,18.950000000000006,47.25,10.484375
2021-02-12 10:00:00,18.950000000000006,47.25,9.4375
2021-02-12 11:00:00,18.950000000000006,47.25,8.605469
2021-02-12 12:00:00,18.950000000000006,47.25,7.1464844
2021-02-12 13:00:00,18.950000000000006,47.25,7.96875
2021-02-12 14:00:00,18.950000000000006,47.25,7.4257812
2021-02-12 15:00:00,18.950000000000006,47.25,6.7265625
2021-02-12 16:00:00,18.950000000000006,47.25,9.691406
2021-02-12 17:00:00,18.950000000000006,47.25,13.636719
2021-02-12 18:00:00,18.950000000000006,47.25,15.5625
2021-02-12 19:00:00,18.950000000000006,47.25,15.9453125
2021-02-12 20:00:00,18.950000000000006,47.25,17.539062
2021-02-12 21:00:00,18.950000000000006,47.25,18.304688
2021-02-12 22:00:00,18.950000000000006,47.25,15.503906
2021-02-12 23:00:00,18.950000000000006,47.25,14.230469
2021-02-13 00:00:00,18.950000000000006,47.25,14.6328125
2021-02-13 01:00:00,18.950000000000006,47.25,15.9765625
2021-02-13 02:00:00,18.950000000000006,47.25,15.296875
2021-02-13 03:00:00,18.950000000000006,47.25,17.578125
2021-02-13 04:00:00,18.950000000000006,47.25,18.421875
2021-02-13 05:00:00,18.950000000000006,47.25,17.234375
2021-02-13 06:00:00,18.950000000000006,47.25,18.078125
2021-02-13 07:00:00,18.950000000000006,47.25,16.757812
2021-02-13 08:00:00,18.950000000000006,47.25,16.5
2021-02-13 09:00:00,18.950000000000006,47.25,15.035156
2021-02-13 10:00:00,18.950000000000006,47.25,14.519531
2021-02-13 11:00:00,18.950000000000006,47.25,13.90625
2021-02-13 12:00:00,18.950000000000006,47.25,13.3984375
2021-02-13 13:00:00,18.950000000000006,47.25,12.714844
2021-02-13 14:00:00,18.950000000000006,47.25,12.7421875
2021-02-13 15:00:00,18.950000000000006,47.25,13.15625
2021-02-13 16:00:00,18.950000000000006,47.25,15.125
2021-02-13 17:00:00,18.950000000000006,47.25,17.796875
2021-02-13 18:00:00,18.950000000000006,47.25,23.570312
2021-02-13 19:00:00,18.950000000000006,47.25,24.921875
2021-02-13 20:00:00,18.950000000000006,47.25,23.257812
2021-02-13 21:00:00,18.950000000000006,47.25,21.875
2021-02-13 22:00:00,18.950000000000006,47.25,24.0625
2021-02-13 23:00:00,18.950000000000006,47.25,24.375
2021-02-14 00:00:00,18.950000000000006,47.25,22.6875
2021-02-14 01:00:00,18.950000000000006,47.25,23.328125
2021-02-14 02:00:00,18.950000000000006,47.25,20.765625
2021-02-14 03:00:00,18.950000000000006,47.25,18.4375
2021-02-14 04:00:00,18.950000000000006,47.25,15.15625
2021-02-14 05:00:00,18.950000000000006,47.25,13.203125
2021-02-14 06:00:00,18.950000000000006,47.25,12.96875
2021-02-14 07:00:00,18.950000000000006,47.25,12.746094
2021-02-14 08:00:00,18.950000000000006,47.25,12.613281
2021-02-14 09:00:00,18.950000000000006,47.25,12.503906
2021-02-14 10:00:00,18.950000000000006,47.25,12.214844
2021-02-14 11:00:00,18.950000000000006,47.25,10.785156
2021-02-14 12:00:00,18.950000000000006,47.25,10.058594
2021-02-14 13:00:00,18.950000000000006,47.25,10.019531
2021-02-14 14:00:00,18.950000000000006,47.25,10.15625
2021-02-14 15:00:00,18.950000000000006,47.25,10.292969
2021-02-14 16:00:00,18.950000000000006,47.25,13.222656
2021-02-14 17:00:00,18.950000000000006,47.25,15.480469
2021-02-14 18:00:00,18.950000000000006,47.25,18.03125
2021-02-14 19:00:00,18.950000000000006,47.25,18.695312
2021-02-14 20:00:00,18.950000000000006,47.25,17.820312
2021-02-14 21:00:00,18.950000000000006,47.25,16.585938
2021-02-14 22:00:00,18.950000000000006,47.25,16.226562
2021-02-14 23:00:00,18.950000000000006,47.25,15.7578125
2021-02-15 00:00:00,18.950000000000006,47.25,16.648438
2021-02-15 01:00:00,18.950000000000006,47.25,15.59375
2021-02-15 02:00:00,18.950000000000006,47.25,15.425781
2021-02-15 03:00:00,18.950000000000006,47.25,15.8203125
2021-02-15 04:00:00,18.950000000000006,47.25,16.523438
2021-02-15 05:00:00,18.950000000000006,47.25,17.179688
2021-02-15 06:00:00,18.950000000000006,47.25,17.757812
2021-02-15 07:00:00,18.950000000000006,47.25,18.617188
2021-02-15 08:00:00,18.950000000000006,47.25,17.984375
2021-02-15 09:00:00,18.950000000000006,47.25,18.484375
2021-02-15 10:00:00,18.950000000000006,47.25,15.746094
2021-02-15 11:00:00,18.950000000000006,47.25,15.378906
2021-02-15 12:00:00,18.950000000000006,47.25,13.9609375
2021-02-15 13:00:00,18.950000000000006,47.25,13.1015625
2021-02-15 14:00:00,18.950000000000006,47.25,13.828125
2021-02-15 15:00:00,18.950000000000006,47.25,14.871094
2021-02-15 16:00:00,18.950000000000006,47.25,19.257812
2021-02-15 17:00:00,18.950000000000006,47.25,22.867188
2021-02-15 18:00:00,18.950000000000006,47.25,26.632812
2021-02-15 19:00:00,18.950000000000006,47.25,33.453125
2021-02-15 20:00:00,18.950000000000006,47.25,36.234375
2021-02-15 21:00:00,18.950000000000006,47.25,40.0
2021-02-15 22:00:00,18.950000000000006,47.25,40.453125
2021-02-15 23:00:00,18.950000000000006,47.25,45.78125
2021-02-16 00:00:00,18.950000000000006,47.25,48.9375
2021-02-16 01:00:00,18.950000000000006,47.25,50.984375
2021-02-16 02:00:00,18.950000000000006,47.25,50.75
2021-02-16 03:00:00,18.950000000000006,47.25,50.75
2021-02-16 04:00:00,18.950000000000006,47.25,47.96875
2021-02-16 05:00:00,18.950000000000006,47.25,47.03125
2021-02-16 06:00:00,18.950000000000006,47.25,48.71875
2021-02-16 07:00:00,18.950000000000006,47.25,45.171875
2021-02-16 08:00:00,18.950000000000006,47.25,37.953125
2021-02-16 09:00:00,18.950000000000006,47.25,29.429688
2021-02-16 10:00:00,18.950000000000006,47.25,24.453125
2021-02-16 11:00:00,18.950000000000006,47.25,21.296875
2021-02-16 12:00:00,18.950000000000006,47.25,19.171875
2021-02-16 13:00:00,18.950000000000006,47.25,20.140625
2021-02-16 14:00:00,18.950000000000006,47.25,19.3125
2021-02-16 15:00:00,18.950000000000006,47.25,19.695312
2021-02-16 16:00:00,18.950000000000006,47.25,23.164062
2021-02-16 17:00:00,18.950000000000006,47.25,29.578125
2021-02-16 18:00:00,18.950000000000006,47.25,35.609375
2021-02-16 19:00:00,18.950000000000006,47.25,37.75
2021-02-16 20:00:00,18.950000000000006,47.25,39.125
2021-02-16 21:00:00,18.950000000000006,47.25,39.5
2021-02-16 22:00:00,18.950000000000006,47.25,38.109375
2021-02-16 23:00:00,18.950000000000006,47.25,38.75
2021-02-17 00:00:00,18.950000000000006,47.25,35.703125
2021-02-17 01:00:00,18.950000000000006,47.25,33.0
2021-02-17 02:00:00,18.950000000000006,47.25,28.109375
2021-02-17 03:00:00,18.950000000000006,47.25,28.359375
2021-02-17 04:00:00,18.950000000000006,47.25,26.5
2021-02-17 05:00:00,18.950000000000006,47.25,25.257812
2021-02-17 06:00:00,18.950000000000006,47.25,27.46875
2021-02-17 07:00:00,18.950000000000006,47.25,29.703125
2021-02-17 08:00:00,18.950000000000006,47.25,30.3125
2021-02-17 09:00:00,18.950000000000006,47.25,27.6875
2021-02-17 10:00:00,18.950000000000006,47.25,29.8125
2021-02-17 11:00:00,18.950000000000006,47.25,31.0
2021-02-17 12:00:00,18.950000000000006,47.25,32.625
2021-02-17 13:00:00,18.950000000000006,47.25,30.421875
2021-02-17 14:00:00,18.950000000000006,47.25,26.140625
2021-02-17 15:00:00,18.950000000000006,47.25,24.0625
2021-02-17 16:00:00,18.950000000000006,47.25,26.414062
2021-02-17 17:00:00,18.950000000000006,47.25,27.875
2021-02-17 18:00:00,18.950000000000006,47.25,23.875
2021-02-17 19:00:00,18.950000000000006,47.25,20.3125
2021-02-17 20:00:00,18.950000000000006,47.25,24.0
2021-02-17 21:00:00,18.950000000000006,47.25,22.492188
2021-02-17 22:00:00,18.950000000000006,47.25,18.664062
2021-02-17 23:00:00,18.950000000000006,47.25,15.28125
2021-02-18 00:00:00,18.950000000000006,47.25,13.285156
2021-02-18 01:00:00,18.950000000000006,47.25,11.3203125
2021-02-18 02:00:00,18.950000000000006,47.25,9.707031
2021-02-18 03:00:00,18.950000000000006,47.25,8.714844
2021-02-18 04:00:00,18.950000000000006,47.25,7.8515625
2021-02-18 05:00:00,18.950000000000006,47.25,8.550781
2021-02-18 06:00:00,18.950000000000006,47.25,8.859375
2021-02-18 07:00:00,18.950000000000006,47.25,9.65625
2021-02-18 08:00:00,18.950000000000006,47.25,10.480469
2021-02-18 09:00:00,18.950000000000006,47.25,11.1171875
2021-02-18 10:00:00,18.950000000000006,47.25,11.019531
2021-02-18 11:00:00,18.950000000000006,47.25,9.816406
2021-02-18 12:00:00,18.950000000000006,47.25,8.8046875
2021-02-18 13:00:00,18.950000000000006,47.25,7.623047
2021-02-18 14:00:00,18.950000000000006,47.25,6.9257812
2021-02-18 15:00:00,18.950000000000006,47.25,10.261719
2021-02-18 16:00:00,18.950000000000006,47.25,14.050781
2021-02-18 17:00:00,18.950000000000006,47.25,21.46875
2021-02-18 18:00:00,18.950000000000006,47.25,24.789062
2021-02-18 19:00:00,18.950000000000006,47.25,33.546875
2021-02-18 20:00:00,18.950000000000006,47.25,40.09375
2021-02-18 21:00:00,18.950000000000006,47.25,46.25
2021-02-18 22:00:00,18.950000000000006,47.25,41.453125
2021-02-18 23:00:00,18.950000000000006,47.25,35.921875
2021-02-19 00:00:00,18.950000000000006,47.25,34.5
2021-02-19 01:00:00,18.950000000000006,47.25,33.84375
2021-02-19 02:00:00,18.950000000000006,47.25,32.921875
2021-02-19 03:00:00,18.950000000000006,47.25,32.15625
2021-02-19 04:00:00,18.950000000000006,47.25,31.539062
2021-02-19 05:00:00,18.950000000000006,47.25,33.09375
2021-02-19 06:00:00,18.950000000000006,47.25,31.445312
2021-02-19 07:00:00,18.950000000000006,47.25,30.820312
2021-02-19 08:00:00,18.950000000000006,47.25,35.328125
2021-02-19 09:00:00,18.950000000000006,47.25,31.203125
2021-02-19 10:00:00,18.950000000000006,47.25,30.828125
2021-02-19 11:00:00,18.950000000000006,47.25,29.859375
2021-02-19 12:00:00,18.950000000000006,47.25,29.203125
2021-02-19 13:00:00,18.950000000000006,47.25,28.65625
2021-02-19 14:00:00,18.950000000000006,47.25,29.6875
2021-02-19 15:00:00,18.950000000000006,47.25,32.234375
2021-02-19 16:00:00,18.950000000000006,47.25,36.34375
2021-02-19 17:00:00,18.950000000000006,47.25,41.671875
2021-02-19 18:00:00,18.950000000000006,47.25,50.5625
2021-02-19 19:00:00,18.950000000000006,47.25,60.03125
2021-02-19 20:00:00,18.950000000000006,47.25,71.75
2021-02-19 21:00:00,18.950000000000006,47.25,79.03125
2021-02-19 22:00:00,18.950000000000006,47.25,78.625
2021-02-19 23:00:00,18.950000000000006,47.25,69.6875
2021-02-20 00:00:00,18.950000000000006,47.25,62.828125
2021-02-20 01:00:00,18.950000000000006,47.25,60.03125
2021-02-20 02:00:00,18.950000000000006,47.25,55.875
2021-02-20 03:00:00,18.950000000000006,47.25,63.25
2021-02-20 04:00:00,18.950000000000006,47.25,54.125
2021-02-20 05:00:00,18.950000000000006,47.25,51.015625
2021-02-20 06:00:00,18.950000000000006,47.25,49.125
2021-02-20 07:00:00,18.950000000000006,47.25,46.875
2021-02-20 08:00:00,18.950000000000006,47.25,38.421875
2021-02-20 09:00:00,18.950000000000006,47.25,33.1875
2021-02-20 10:00:00,18.950000000000006,47.25,33.09375
2021-02-20 11:00:00,18.950000000000006,47.25,29.640625
2021-02-20 12:00:00,18.950000000000006,47.25,27.007812
2021-02-20 13:00:00,18.950000000000006,47.25,26.242188
2021-02-20 14:00:00,18.950000000000006,47.25,25.953125
2021-02-20 15:00:00,18.950000000000006,47.25,23.59375
2021-02-20 16:00:00,18.950000000000006,47.25,29.054688
2021-02-20 17:00:00,18.950000000000006,47.25,30.070312
2021-02-20 18:00:00,18.950000000000006,47.25,35.0625
2021-02-20 19:00:00,18.950000000000006,47.25,31.0
2021-02-20 20:00:00,18.950000000000006,47.25,30.429688
2021-02-20 21:00:00,18.950000000000006,47.25,28.335938
2021-02-20 22:00:00,18.950000000000006,47.25,27.984375
2021-02-20 23:00:00,18.950000000000006,47.25,28.171875
2021-02-21 00:00:00,18.950000000000006,47.25,28.679688
2021-02-21 01:00:00,18.950000000000006,47.25,25.570312
2021-02-21 02:00:00,18.950000000000006,47.25,27.109375
2021-02-21 03:00:00,18.950000000000006,47.25,28.6875
2021-02-21 04:00:00,18.950000000000006,47.25,29.5
2021-02-21 05:00:00,18.950000000000006,47.25,31.882812
2021-02-21 06:00:00,18.950000000000006,47.25,32.8125
2021-02-21 07:00:00,18.950000000000006,47.25,29.929688
2021-02-21 08:00:00,18.950000000000006,47.25,28.851562
2021-02-21 09:00:00,18.950000000000006,47.25,26.632812
2021-02-21 10:00:00,18.950000000000006,47.25,24.820312
2021-02-21 11:00:00,18.950000000000006,47.25,22.460938
2021-02-21 12:00:00,18.950000000000006,47.25,21.460938
2021-02-21 13:00:00,18.950000000000006,47.25,19.414062
2021-02-21 14:00:00,18.950000000000006,47.25,17.296875
2021-02-21 15:00:00,18.950000000000006,47.25,18.0
2021-02-21 16:00:00,18.950000000000006,47.25,21.28125
2021-02-21 17:00:00,18.950000000000006,47.25,24.171875
2021-02-21 18:00:00,18.950000000000006,47.25,26.9375
2021-02-21 19:00:00,18.950000000000006,47.25,27.9375
2021-02-21 20:00:00,18.950000000000006,47.25,28.875
2021-02-21 21:00:00,18.950000000000006,47.25,31.335938
2021-02-21 22:00:00,18.950000000000006,47.25,31.765625
2021-02-21 23:00:00,18.950000000000006,47.25,32.21875
2021-02-22 00:00:00,18.950000000000006,47.25,33.109375
2021-02-22 01:00:00,18.950000000000006,47.25,33.421875
2021-02-22 02:00:00,18.950000000000006,47.25,33.828125
2021-02-22 03:00:00,18.950000000000006,47.25,32.703125
2021-02-22 04:00:00,18.950000000000006,47.25,31.195312
2021-02-22 05:00:00,18.950000000000006,47.25,30.46875
2021-02-22 06:00:00,18.950000000000006,47.25,30.0625
2021-02-22 07:00:00,18.950000000000006,47.25,31.578125
2021-02-22 08:00:00,18.950000000000006,47.25,33.640625
2021-02-22 09:00:00,18.950000000000006,47.25,33.453125
2021-02-22 10:00:00,18.950000000000006,47.25,33.78125
2021-02-22 11:00:00,18.950000000000006,47.25,29.0625
2021-02-22 12:00:00,18.950000000000006,47.25,28.3125
2021-02-22 13:00:00,18.950000000000006,47.25,22.554688
2021-02-22 14:00:00,18.950000000000006,47.25,21.953125
2021-02-22 15:00:00,18.950000000000006,47.25,22.648438
2021-02-22 16:00:00,18.950000000000006,47.25,21.335938
2021-02-22 17:00:00,18.950000000000006,47.25,26.632812
2021-02-22 18:00:00,18.950000000000006,47.25,32.921875
2021-02-22 19:00:00,18.950000000000006,47.25,36.53125
2021-02-22 20:00:00,18.950000000000006,47.25,34.265625
2021-02-22 21:00:00,18.950000000000006,47.25,31.179688
2021-02-22 22:00:00,18.950000000000006,47.25,30.601562
2021-02-22 23:00:00,18.950000000000006,47.25,30.75
2021-02-23 00:00:00,18.950000000000006,47.25,28.679688
2021-02-23 01:00:00,18.950000000000006,47.25,37.859375
2021-02-23 02:00:00,18.950000000000006,47.25,42.296875
2021-02-23 03:00:00,18.950000000000006,47.25,44.5
2021-02-23 04:00:00,18.950000000000006,47.25,49.953125
2021-02-23 05:00:00,18.950000000000006,47.25,55.59375
2021-02-23 06:00:00,18.950000000000006,47.25,50.296875
2021-02-23 07:00:00,18.950000000000006,47.25,49.5
2021-02-23 08:00:00,18.950000000000006,47.25,43.65625
2021-02-23 09:00:00,18.950000000000006,47.25,39.25
2021-02-23 10:00:00,18.950000000000006,47.25,37.25
2021-02-23 11:00:00,18.950000000000006,47.25,35.453125
2021-02-23 12:00:00,18.950000000000006,47.25,32.203125
2021-02-23 13:00:00,18.950000000000006,47.25,31.15625
2021-02-23 14:00:00,18.950000000000006,47.25,31.554688
2021-02-23 15:00:00,18.950000000000006,47.25,30.679688
2021-02-23 16:00:00,18.950000000000006,47.25,32.625
2021-02-23 17:00:00,18.950000000000006,47.25,39.171875
2021-02-23 18:00:00,18.950000000000006,47.25,48.953125
2021-02-23 19:00:00,18.950000000000006,47.25,55.90625
2021-02-23 20:00:00,18.950000000000006,47.25,59.421875
2021-02-23 21:00:00,18.950000000000006,47.25,57.96875
2021-02-23 22:00:00,18.950000000000006,47.25,60.484375
2021-02-23 23:00:00,18.950000000000006,47.25,50.203125
2021-02-24 00:00:00,18.950000000000006,47.25,50.765625
2021-02-24 01:00:00,18.950000000000006,47.25,45.40625
2021-02-24 02:00:00,18.950000000000006,47.25,38.1875
2021-02-24 03:00:00,18.950000000000006,47.25,33.21875
2021-02-24 04:00:00,18.950000000000006,47.25,30.632812
2021-02-24 05:00:00,18.950000000000006,47.25,29.898438
2021-02-24 06:00:00,18.950000000000006,47.25,30.125
2021-02-24 07:00:00,18.950000000000006,47.25,30.445312
2021-02-24 08:00:00,18.950000000000006,47.25,31.8125
2021-02-24 09:00:00,18.950000000000006,47.25,31.664062
2021-02-24 10:00:00,18.950000000000006,47.25,30.601562
2021-02-24 11:00:00,18.950000000000006,47.25,29.8125
2021-02-24 12:00:00,18.950000000000006,47.25,29.539062
2021-02-24 13:00:00,18.950000000000006,47.25,27.570312
2021-02-24 14:00:00,18.950000000000006,47.25,28.273438
2021-02-24 15:00:00,18.950000000000006,47.25,28.875
2021-02-24 16:00:00,18.950000000000006,47.25,31.304688
2021-02-24 17:00:00,18.950000000000006,47.25,37.078125
2021-02-24 18:00:00,18.950000000000006,47.25,40.390625
2021-02-24 19:00:00,18.950000000000006,47.25,45.6875
2021-02-24 20:00:00,18.950000000000006,47.25,46.796875
2021-02-24 21:00:00,18.950000000000006,47.25,48.640625
2021-02-24 22:00:00,18.950000000000006,47.25,45.6875
2021-02-24 23:00:00,18.950000000000006,47.25,43.46875
2021-02-25 00:00:00,18.950000000000006,47.25,49.875
2021-02-25 01:00:00,18.950000000000006,47.25,47.9375
2021-02-25 02:00:00,18.950000000000006,47.25,47.0625
2021-02-25 03:00:00,18.950000000000006,47.25,45.640625
2021-02-25 04:00:00,18.950000000000006,47.25,43.125
2021-02-25 05:00:00,18.950000000000006,47.25,42.53125
2021-02-25 06:00:00,18.950000000000006,47.25,45.953125
2021-02-25 07:00:00,18.950000000000006,47.25,49.140625
2021-02-25 08:00:00,18.950000000000006,47.25,49.953125
2021-02-25 09:00:00,18.950000000000006,47.25,51.125
2021-02-25 10:00:00,18.950000000000006,47.25,47.25
2021-02-25 11:00:00,18.950000000000006,47.25,43.34375
2021-02-25 12:00:00,18.950000000000006,47.25,40.265625
2021-02-25 13:00:00,18.950000000000006,47.25,35.890625
2021-02-25 14:00:00,18.950000000000006,47.25,34.015625
2021-02-25 15:00:00,18.950000000000006,47.25,36.40625
2021-02-25 16:00:00,18.950000000000006,47.25,35.65625
2021-02-25 17:00:00,18.950000000000006,47.25,36.296875
2021-02-25 18:00:00,18.950000000000006,47.25,43.234375
2021-02-25 19:00:00,18.950000000000006,47.25,45.625
2021-02-25 20:00:00,18.950000000000006,47.25,45.375
2021-02-25 21:00:00,18.950000000000006,47.25,47.75
2021-02-25 22:00:00,18.950000000000006,47.25,45.890625
2021-02-25 23:00:00,18.950000000000006,47.25,46.921875
2021-02-26 00:00:00,18.950000000000006,47.25,46.703125
2021-02-26 01:00:00,18.950000000000006,47.25,46.1875
2021-02-26 02:00:00,18.950000000000006,47.25,45.90625
2021-02-26 03:00:00,18.950000000000006,47.25,43.6875
2021-02-26 04:00:00,18.950000000000006,47.25,45.140625
2021-02-26 05:00:00,18.950000000000006,47.25,43.03125
2021-02-26 06:00:00,18.950000000000006,47.25,45.765625
2021-02-26 07:00:00,18.950000000000006,47.25,47.578125
2021-02-26 08:00:00,18.950000000000006,47.25,47.5625
2021-02-26 09:00:00,18.950000000000006,47.25,52.15625
2021-02-26 10:00:00,18.950000000000006,47.25,51.75
2021-02-26 11:00:00,18.950000000000006,47.25,50.65625
2021-02-26 12:00:00,18.950000000000006,47.25,46.875
2021-02-26 13:00:00,18.950000000000006,47.25,47.015625
2021-02-26 14:00:00,18.950000000000006,47.25,47.828125
2021-02-26 15:00:00,18.950000000000006,47.25,50.1875
2021-02-26 16:00:00,18.950000000000006,47.25,49.21875
2021-02-26 17:00:00,18.950000000000006,47.25,51.9375
2021-02-26 18:00:00,18.950000000000006,47.25,53.046875
2021-02-26 19:00:00,18.950000000000006,47.25,59.828125
2021-02-26 20:00:00,18.950000000000006,47.25,57.984375
2021-02-26 21:00:00,18.950000000000006,47.25,57.25
2021-02-26 22:00:00,18.950000000000006,47.25,53.34375
2021-02-26 23:00:00,18.950000000000006,47.25,50.140625
2021-02-27 00:00:00,18.950000000000006,47.25,52.53125
2021-02-27 01:00:00,18.950000000000006,47.25,50.75
2021-02-27 02:00:00,18.950000000000006,47.25,42.03125
2021-02-27 03:00:00,18.950000000000006,47.25,26.164062
2021-02-27 04:00:00,18.950000000000006,47.25,10.59375
2021-02-27 05:00:00,18.950000000000006,47.25,8.6484375
2021-02-27 06:00:00,18.950000000000006,47.25,4.28125
2021-02-27 07:00:00,18.950000000000006,47.25,4.986328
2021-02-27 08:00:00,18.950000000000006,47.25,5.4960938
2021-02-27 09:00:00,18.950000000000006,47.25,5.3183594
2021-02-27 10:00:00,18.950000000000006,47.25,4.7402344
2021-02-27 11:00:00,18.950000000000006,47.25,4.6777344
2021-02-27 12:00:00,18.950000000000006,47.25,4.9941406
2021-02-27 13:00:00,18.950000000000006,47.25,5.1933594
2021-02-27 14:00:00,18.950000000000006,47.25,6.111328
2021-02-27 15:00:00,18.950000000000006,47.25,6.4335938
2021-02-27 16:00:00,18.950000000000006,47.25,6.7773438
2021-02-27 17:00:00,18.950000000000006,47.25,8.933594
2021-02-27 18:00:00,18.950000000000006,47.25,10.160156
2021-02-27 19:00:00,18.950000000000006,47.25,11.5390625
2021-02-27 20:00:00,18.950000000000006,47.25,11.5546875
2021-02-27 21:00:00,18.950000000000006,47.25,13.15625
2021-02-27 22:00:00,18.950000000000006,47.25,14.347656
2021-02-27 23:00:00,18.950000000000006,47.25,13.9453125
2021-02-28 00:00:00,18.950000000000006,47.25,12.96875
2021-02-28 01:00:00,18.950000000000006,47.25,13.550781
2021-02-28 02:00:00,18.950000000000006,47.25,15.191406
2021-02-28 03:00:00,18.950000000000006,47.25,15.8125
2021-02-28 04:00:00,18.950000000000006,47.25,16.710938
2021-02-28 05:00:00,18.950000000000006,47.25,15.792969
2021-02-28 06:00:00,18.950000000000006,47.25,15.980469
2021-02-28 07:00:00,18.950000000000006,47.25,15.9375
2021-02-28 08:00:00,18.950000000000006,47.25,15.6328125
2021-02-28 09:00:00,18.950000000000006,47.25,15.308594
2021-02-28 10:00:00,18.950000000000006,47.25,12.9609375
2021-02-28 11:00:00,18.950000000000006,47.25,11.574219
2021-02-28 12:00:00,18.950000000000006,47.25,10.339844
2021-02-28 13:00:00,18.950000000000006,47.25,9.734375
2021-02-28 14:00:00,18.950000000000006,47.25,8.6796875
2021-02-28 15:00:00,18.950000000000006,47.25,8.3515625
2021-02-28 16:00:00,18.950000000000006,47.25,9.910156
2021-02-28 17:00:00,18.950000000000006,47.25,12.7578125
2021-02-28 18:00:00,18.950000000000006,47.25,16.492188
2021-02-28 19:00:00,18.950000000000006,47.25,17.304688
2021-02-28 20:00:00,18.950000000000006,47.25,16.726562
2021-02-28 21:00:00,18.950000000000006,47.25,15.7421875
2021-02-28 22:00:00,18.950000000000006,47.25,15.894531
2021-02-28 23:00:00,18.950000000000006,47.25,15.355469
2021-03-01 00:00:00,18.950000000000006,47.25,17.078125
2021-03-01 01:00:00,18.950000000000006,47.25,17.34375
2021-03-01 02:00:00,18.950000000000006,47.25,17.53125
2021-03-01 03:00:00,18.950000000000006,47.25,17.0
2021-03-01 04:00:00,18.950000000000006,47.25,14.980469
2021-03-01 05:00:00,18.950000000000006,47.25,14.7109375
2021-03-01 06:00:00,18.950000000000006,47.25,17.929688
2021-03-01 07:00:00,18.950000000000006,47.25,18.0
2021-03-01 08:00:00,18.950000000000006,47.25,21.367188
2021-03-01 09:00:00,18.950000000000006,47.25,21.53125
2021-03-01 10:00:00,18.950000000000006,47.25,16.257812
2021-03-01 11:00:00,18.950000000000006,47.25,13.7109375
2021-03-01 12:00:00,18.950000000000006,47.25,11.5390625
2021-03-01 13:00:00,18.950000000000006,47.25,10.3515625
2021-03-01 14:00:00,18.950000000000006,47.25,10.089844
2021-03-01 15:00:00,18.950000000000006,47.25,10.59375
2021-03-01 16:00:00,18.950000000000006,47.25,13.1328125
2021-03-01 17:00:00,18.950000000000006,47.25,17.546875
2021-03-01 18:00:00,18.950000000000006,47.25,23.015625
2021-03-01 19:00:00,18.950000000000006,47.25,23.0
2021-03-01 20:00:00,18.950000000000006,47.25,27.164062
2021-03-01 21:00:00,18.950000000000006,47.25,25.75
2021-03-01 22:00:00,18.950000000000006,47.25,26.234375
2021-03-01 23:00:00,18.950000000000006,47.25,27.164062
2021-03-02 00:00:00,18.950000000000006,47.25,26.765625
2021-03-02 01:00:00,18.950000000000006,47.25,26.867188
2021-03-02 02:00:00,18.950000000000006,47.25,26.304688
2021-03-02 03:00:00,18.950000000000006,47.25,27.4375
2021-03-02 04:00:00,18.950000000000006,47.25,32.515625
2021-03-02 05:00:00,18.950000000000006,47.25,30.054688
2021-03-02 06:00:00,18.950000000000006,47.25,25.03125
2021-03-02 07:00:00,18.950000000000006,47.25,29.140625
2021-03-02 08:00:00,18.950000000000006,47.25,23.421875
2021-03-02 09:00:00,18.950000000000006,47.25,21.492188
2021-03-02 10:00:00,18.950000000000006,47.25,22.960938
2021-03-02 11:00:00,18.950000000000006,47.25,19.679688
2021-03-02 12:00:00,18.950000000000006,47.25,19.875
2021-03-02 13:00:00,18.950000000000006,47.25,18.320312
2021-03-02 14:00:00,18.950000000000006,47.25,16.601562
2021-03-02 15:00:00,18.950000000000006,47.25,16.484375
2021-03-02 16:00:00,18.950000000000006,47.25,19.515625
2021-03-02 17:00:00,18.950000000000006,47.25,23.804688
2021-03-02 18:00:00,18.950000000000006,47.25,29.28125
2021-03-02 19:00:00,18.950000000000006,47.25,31.296875
2021-03-02 20:00:00,18.950000000000006,47.25,32.640625
2021-03-02 21:00:00,18.950000000000006,47.25,32.9375
2021-03-02 22:00:00,18.950000000000006,47.25,30.5625
2021-03-02 23:00:00,18.950000000000006,47.25,30.523438
2021-03-03 00:00:00,18.950000000000006,47.25,34.015625
2021-03-03 01:00:00,18.950000000000006,47.25,30.1875
2021-03-03 02:00:00,18.950000000000006,47.25,25.109375
2021-03-03 03:00:00,18.950000000000006,47.25,25.75
2021-03-03 04:00:00,18.950000000000006,47.25,25.484375
2021-03-03 05:00:00,18.950000000000006,47.25,23.726562
2021-03-03 06:00:00,18.950000000000006,47.25,23.046875
2021-03-03 07:00:00,18.950000000000006,47.25,22.164062
2021-03-03 08:00:00,18.950000000000006,47.25,23.335938
2021-03-03 09:00:00,18.950000000000006,47.25,23.742188
2021-03-03 10:00:00,18.950000000000006,47.25,25.40625
2021-03-03 11:00:00,18.950000000000006,47.25,21.25
2021-03-03 12:00:00,18.950000000000006,47.25,18.992188
2021-03-03 13:00:00,18.950000000000006,47.25,16.734375
2021-03-03 14:00:00,18.950000000000006,47.25,15.871094
2021-03-03 15:00:00,18.950000000000006,47.25,14.980469
2021-03-03 16:00:00,18.950000000000006,47.25,18.757812
2021-03-03 17:00:00,18.950000000000006,47.25,21.257812
2021-03-03 18:00:00,18.950000000000006,47.25,26.25
2021-03-03 19:00:00,18.950000000000006,47.25,32.34375
2021-03-03 20:00:00,18.950000000000006,47.25,31.554688
2021-03-03 21:00:00,18.950000000000006,47.25,35.109375
2021-03-03 22:00:00,18.950000000000006,47.25,34.9375
2021-03-03 23:00:00,18.950000000000006,47.25,34.84375
2021-03-04 00:00:00,18.950000000000006,47.25,34.203125
2021-03-04 01:00:00,18.950000000000006,47.25,33.125
2021-03-04 02:00:00,18.950000000000006,47.25,32.875
2021-03-04 03:00:00,18.950000000000006,47.25,28.898438
2021-03-04 04:00:00,18.950000000000006,47.25,29.9375
2021-03-04 05:00:00,18.950000000000006,47.25,30.109375
2021-03-04 06:00:00,18.950000000000006,47.25,32.703125
2021-03-04 07:00:00,18.950000000000006,47.25,32.890625
2021-03-04 08:00:00,18.950000000000006,47.25,34.96875
2021-03-04 09:00:00,18.950000000000006,47.25,35.234375
2021-03-04 10:00:00,18.950000000000006,47.25,36.15625
2021-03-04 11:00:00,18.950000000000006,47.25,35.453125
2021-03-04 12:00:00,18.950000000000006,47.25,32.78125
2021-03-04 13:00:00,18.950000000000006,47.25,30.9375
2021-03-04 14:00:00,18.950000000000006,47.25,30.296875
2021-03-04 15:00:00,18.950000000000006,47.25,30.429688
2021-03-04 16:00:00,18.950000000000006,47.25,29.164062
2021-03-04 17:00:00,18.950000000000006,47.25,35.5
2021-03-04 18:00:00,18.950000000000006,47.25,37.890625
2021-03-04 19:00:00,18.950000000000006,47.25,42.28125
2021-03-04 20:00:00,18.950000000000006,47.25,43.828125
2021-03-04 21:00:00,18.950000000000006,47.25,49.515625
2021-03-04 22:00:00,18.950000000000006,47.25,46.921875
2021-03-04 23:00:00,18.950000000000006,47.25,45.125
2021-03-05 00:00:00,18.950000000000006,47.25,44.859375
2021-03-05 01:00:00,18.950000000000006,47.25,39.0625
2021-03-05 02:00:00,18.950000000000006,47.25,33.984375
2021-03-05 03:00:00,18.950000000000006,47.25,34.734375
2021-03-05 04:00:00,18.950000000000006,47.25,32.140625
2021-03-05 05:00:00,18.950000000000006,47.25,33.96875
2021-03-05 06:00:00,18.950000000000006,47.25,37.0
2021-03-05 07:00:00,18.950000000000006,47.25,36.078125
2021-03-05 08:00:00,18.950000000000006,47.25,32.578125
2021-03-05 09:00:00,18.950000000000006,47.25,20.585938
2021-03-05 10:00:00,18.950000000000006,47.25,18.0
2021-03-05 11:00:00,18.950000000000006,47.25,16.265625
2021-03-05 12:00:00,18.950000000000006,47.25,15.21875
2021-03-05 13:00:00,18.950000000000006,47.25,13.421875
2021-03-05 14:00:00,18.950000000000006,47.25,9.015625
2021-03-05 15:00:00,18.950000000000006,47.25,8.542969
2021-03-05 16:00:00,18.950000000000006,47.25,11.09375
2021-03-05 17:00:00,18.950000000000006,47.25,12.484375
2021-03-05 18:00:00,18.950000000000006,47.25,12.921875
2021-03-05 19:00:00,18.950000000000006,47.25,14.6796875
2021-03-05 20:00:00,18.950000000000006,47.25,13.925781
2021-03-05 21:00:00,18.950000000000006,47.25,11.863281
2021-03-05 22:00:00,18.950000000000006,47.25,10.3515625
2021-03-05 23:00:00,18.950000000000006,47.25,9.667969
2021-03-06 00:00:00,18.950000000000006,47.25,10.2421875
2021-03-06 01:00:00,18.950000000000006,47.25,11.027344
2021-03-06 02:00:00,18.950000000000006,47.25,11.644531
2021-03-06 03:00:00,18.950000000000006,47.25,12.953125
2021-03-06 04:00:00,18.950000000000006,47.25,13.6875
2021-03-06 05:00:00,18.950000000000006,47.25,12.875
2021-03-06 06:00:00,18.950000000000006,47.25,12.699219
2021-03-06 07:00:00,18.950000000000006,47.25,13.828125
2021-03-06 08:00:00,18.950000000000006,47.25,12.7734375
2021-03-06 09:00:00,18.950000000000006,47.25,11.488281
2021-03-06 10:00:00,18.950000000000006,47.25,9.4921875
2021-03-06 11:00:00,18.950000000000006,47.25,7.7753906
2021-03-06 12:00:00,18.950000000000006,47.25,6.564453
2021-03-06 13:00:00,18.950000000000006,47.25,6.236328
2021-03-06 14:00:00,18.950000000000006,47.25,5.28125
2021-03-06 15:00:00,18.950000000000006,47.25,5.6210938
2021-03-06 16:00:00,18.950000000000006,47.25,7.9121094
2021-03-06 17:00:00,18.950000000000006,47.25,12.753906
2021-03-06 18:00:00,18.950000000000006,47.25,18.765625
2021-03-06 19:00:00,18.950000000000006,47.25,21.789062
2021-03-06 20:00:00,18.950000000000006,47.25,22.796875
2021-03-06 21:00:00,18.950000000000006,47.25,31.921875
2021-03-06 22:00:00,18.950000000000006,47.25,32.03125
2021-03-06 23:00:00,18.950000000000006,47.25,33.046875
2021-03-07 00:00:00,18.950000000000006,47.25,32.8125
2021-03-07 01:00:00,18.950000000000006,47.25,31.085938
2021-03-07 02:00:00,18.950000000000006,47.25,29.84375
2021-03-07 03:00:00,18.950000000000006,47.25,29.210938
2021-03-07 04:00:00,18.950000000000006,47.25,31.125
2021-03-07 05:00:00,18.950000000000006,47.25,31.664062
2021-03-07 06:00:00,18.950000000000006,47.25,30.140625
2021-03-07 07:00:00,18.950000000000006,47.25,23.226562
2021-03-07 08:00:00,18.950000000000006,47.25,19.484375
2021-03-07 09:00:00,18.950000000000006,47.25,15.7578125
2021-03-07 10:00:00,18.950000000000006,47.25,13.0859375
2021-03-07 11:00:00,18.950000000000006,47.25,11.324219
2021-03-07 12:00:00,18.950000000000006,47.25,11.09375
2021-03-07 13:00:00,18.950000000000006,47.25,10.667969
2021-03-07 14:00:00,18.950000000000006,47.25,10.40625
2021-03-07 15:00:00,18.950000000000006,47.25,11.078125
2021-03-07 16:00:00,18.950000000000006,47.25,14.152344
2021-03-07 17:00:00,18.950000000000006,47.25,17.617188
2021-03-07 18:00:00,18.950000000000006,47.25,23.539062
2021-03-07 19:00:00,18.950000000000006,47.25,27.085938
2021-03-07 20:00:00,18.950000000000006,47.25,30.53125
2021-03-07 21:00:00,18.950000000000006,47.25,32.234375
2021-03-07 22:00:00,18.950000000000006,47.25,32.25
2021-03-07 23:00:00,18.950000000000006,47.25,30.992188
2021-03-08 00:00:00,18.950000000000006,47.25,30.140625
2021-03-08 01:00:00,18.950000000000006,47.25,28.851562
2021-03-08 02:00:00,18.950000000000006,47.25,26.351562
2021-03-08 03:00:00,18.950000000000006,47.25,27.007812
2021-03-08 04:00:00,18.950000000000006,47.25,28.070312
2021-03-08 05:00:00,18.950000000000006,47.25,31.171875
2021-03-08 06:00:00,18.950000000000006,47.25,31.984375
2021-03-08 07:00:00,18.950000000000006,47.25,32.4375
2021-03-08 08:00:00,18.950000000000006,47.25,31.554688
2021-03-08 09:00:00,18.950000000000006,47.25,28.875
2021-03-08 10:00:00,18.950000000000006,47.25,20.398438
2021-03-08 11:00:00,18.950000000000006,47.25,18.25
2021-03-08 12:00:00,18.950000000000006,47.25,17.65625
2021-03-08 13:00:00,18.950000000000006,47.25,14.0859375
2021-03-08 14:00:00,18.950000000000006,47.25,11.707031
2021-03-08 15:00:00,18.950000000000006,47.25,11.765625
2021-03-08 16:00:00,18.950000000000006,47.25,13.421875
2021-03-08 17:00:00,18.950000000000006,47.25,15.9140625
2021-03-08 18:00:00,18.950000000000006,47.25,18.851562
2021-03-08 19:00:00,18.950000000000006,47.25,19.71875
2021-03-08 20:00:00,18.950000000000006,47.25,21.453125
2021-03-08 21:00:00,18.950000000000006,47.25,25.351562
2021-03-08 22:00:00,18.950000000000006,47.25,25.195312
2021-03-08 23:00:00,18.950000000000006,47.25,26.773438
2021-03-09 00:00:00,18.950000000000006,47.25,29.21875
2021-03-09 01:00:00,18.950000000000006,47.25,26.203125
2021-03-09 02:00:00,18.950000000000006,47.25,24.539062
2021-03-09 03:00:00,18.950000000000006,47.25,21.382812
2021-03-09 04:00:00,18.950000000000006,47.25,19.242188
2021-03-09 05:00:00,18.950000000000006,47.25,25.9375
2021-03-09 06:00:00,18.950000000000006,47.25,27.734375
2021-03-09 07:00:00,18.950000000000006,47.25,24.757812
2021-03-09 08:00:00,18.950000000000006,47.25,15.566406
2021-03-09 09:00:00,18.950000000000006,47.25,12.8515625
2021-03-09 10:00:00,18.950000000000006,47.25,11.644531
2021-03-09 11:00:00,18.950000000000006,47.25,9.6953125
2021-03-09 12:00:00,18.950000000000006,47.25,10.5
2021-03-09 13:00:00,18.950000000000006,47.25,10.503906
2021-03-09 14:00:00,18.950000000000006,47.25,10.472656
2021-03-09 15:00:00,18.950000000000006,47.25,11.441406
2021-03-09 16:00:00,18.950000000000006,47.25,12.769531
2021-03-09 17:00:00,18.950000000000006,47.25,17.96875
2021-03-09 18:00:00,18.950000000000006,47.25,24.179688
2021-03-09 19:00:00,18.950000000000006,47.25,29.59375
2021-03-09 20:00:00,18.950000000000006,47.25,30.765625
2021-03-09 21:00:00,18.950000000000006,47.25,33.265625
2021-03-09 22:00:00,18.950000000000006,47.25,31.570312
2021-03-09 23:00:00,18.950000000000006,47.25,32.421875
2021-03-10 00:00:00,18.950000000000006,47.25,37.34375
2021-03-10 01:00:00,18.950000000000006,47.25,36.375
2021-03-10 02:00:00,18.950000000000006,47.25,33.28125
2021-03-10 03:00:00,18.950000000000006,47.25,32.984375
2021-03-10 04:00:00,18.950000000000006,47.25,32.125
2021-03-10 05:00:00,18.950000000000006,47.25,31.195312
2021-03-10 06:00:00,18.950000000000006,47.25,31.554688
2021-03-10 07:00:00,18.950000000000006,47.25,33.96875
2021-03-10 08:00:00,18.950000000000006,47.25,28.929688
2021-03-10 09:00:00,18.950000000000006,47.25,26.46875
2021-03-10 10:00:00,18.950000000000006,47.25,19.960938
2021-03-10 11:00:00,18.950000000000006,47.25,17.148438
2021-03-10 12:00:00,18.950000000000006,47.25,17.421875
2021-03-10 13:00:00,18.950000000000006,47.25,18.242188
2021-03-10 14:00:00,18.950000000000006,47.25,16.6875
2021-03-10 15:00:00,18.950000000000006,47.25,15.78125
2021-03-10 16:00:00,18.950000000000006,47.25,19.039062
2021-03-10 17:00:00,18.950000000000006,47.25,22.257812
2021-03-10 18:00:00,18.950000000000006,47.25,28.234375
2021-03-10 19:00:00,18.950000000000006,47.25,31.90625
2021-03-10 20:00:00,18.950000000000006,47.25,37.890625
2021-03-10 21:00:00,18.950000000000006,47.25,41.875
2021-03-10 22:00:00,18.950000000000006,47.25,41.53125
2021-03-10 23:00:00,18.950000000000006,47.25,40.53125
2021-03-11 00:00:00,18.950000000000006,47.25,40.140625
2021-03-11 01:00:00,18.950000000000006,47.25,31.984375
2021-03-11 02:00:00,18.950000000000006,47.25,28.328125
2021-03-11 03:00:00,18.950000000000006,47.25,26.484375
2021-03-11 04:00:00,18.950000000000006,47.25,27.9375
2021-03-11 05:00:00,18.950000000000006,47.25,26.398438
2021-03-11 06:00:00,18.950000000000006,47.25,26.28125
2021-03-11 07:00:00,18.950000000000006,47.25,26.453125
2021-03-11 08:00:00,18.950000000000006,47.25,24.09375
2021-03-11 09:00:00,18.950000000000006,47.25,26.3125
2021-03-11 10:00:00,18.950000000000006,47.25,27.320312
2021-03-11 11:00:00,18.950000000000006,47.25,25.59375
2021-03-11 12:00:00,18.950000000000006,47.25,22.3125
2021-03-11 13:00:00,18.950000000000006,47.25,17.75
2021-03-11 14:00:00,18.950000000000006,47.25,16.125
2021-03-11 15:00:00,18.950000000000006,47.25,17.960938
2021-03-11 16:00:00,18.950000000000006,47.25,20.0
2021-03-11 17:00:00,18.950000000000006,47.25,23.3125
2021-03-11 18:00:00,18.950000000000006,47.25,23.976562
2021-03-11 19:00:00,18.950000000000006,47.25,23.25
2021-03-11 20:00:00,18.950000000000006,47.25,21.890625
2021-03-11 21:00:00,18.950000000000006,47.25,22.59375
2021-03-11 22:00:00,18.950000000000006,47.25,21.125
2021-03-11 23:00:00,18.950000000000006,47.25,21.28125
2021-03-12 00:00:00,18.950000000000006,47.25,19.460938
2021-03-12 01:00:00,18.950000000000006,47.25,21.070312
2021-03-12 02:00:00,18.950000000000006,47.25,19.054688
2021-03-12 03:00:00,18.950000000000006,47.25,18.25
2021-03-12 04:00:00,18.950000000000006,47.25,16.4375
2021-03-12 05:00:00,18.950000000000006,47.25,15.2421875
2021-03-12 06:00:00,18.950000000000006,47.25,17.0625
2021-03-12 07:00:00,18.950000000000006,47.25,17.25
2021-03-12 08:00:00,18.950000000000006,47.25,16.570312
2021-03-12 09:00:00,18.950000000000006,47.25,13.0703125
2021-03-12 10:00:00,18.950000000000006,47.25,9.078125
2021-03-12 11:00:00,18.950000000000006,47.25,4.8125
2021-03-12 12:00:00,18.950000000000006,47.25,3.899414
2021-03-12 13:00:00,18.950000000000006,47.25,4.4648438
2021-03-12 14:00:00,18.950000000000006,47.25,3.9072266
2021-03-12 15:00:00,18.950000000000006,47.25,4.5839844
2021-03-12 16:00:00,18.950000000000006,47.25,6.2109375
2021-03-12 17:00:00,18.950000000000006,47.25,10.9609375
2021-03-12 18:00:00,18.950000000000006,47.25,15.3828125
2021-03-12 19:00:00,18.950000000000006,47.25,16.210938
2021-03-12 20:00:00,18.950000000000006,47.25,17.171875
2021-03-12 21:00:00,18.950000000000006,47.25,17.984375
2021-03-12 22:00:00,18.950000000000006,47.25,13.785156
2021-03-12 23:00:00,18.950000000000006,47.25,15.691406
2021-03-13 00:00:00,18.950000000000006,47.25,11.828125
2021-03-13 01:00:00,18.950000000000006,47.25,12.359375
2021-03-13 02:00:00,18.950000000000006,47.25,10.996094
2021-03-13 03:00:00,18.950000000000006,47.25,9.265625
2021-03-13 04:00:00,18.950000000000006,47.25,8.394531
2021-03-13 05:00:00,18.950000000000006,47.25,8.5390625
2021-03-13 06:00:00,18.950000000000006,47.25,9.996094
2021-03-13 07:00:00,18.950000000000006,47.25,8.433594
2021-03-13 08:00:00,18.950000000000006,47.25,6.6933594
2021-03-13 09:00:00,18.950000000000006,47.25,7.8378906
2021-03-13 10:00:00,18.950000000000006,47.25,8.34375
2021-03-13 11:00:00,18.950000000000006,47.25,7.623047
2021-03-13 12:00:00,18.950000000000006,47.25,6.126953
2021-03-13 13:00:00,18.950000000000006,47.25,4.7597656
2021-03-13 14:00:00,18.950000000000006,47.25,5.4003906
2021-03-13 15:00:00,18.950000000000006,47.25,5.0527344
2021-03-13 16:00:00,18.950000000000006,47.25,5.1660156
2021-03-13 17:00:00,18.950000000000006,47.25,6.453125
2021-03-13 18:00:00,18.950000000000006,47.25,8.6171875
2021-03-13 19:00:00,18.950000000000006,47.25,8.7578125
2021-03-13 20:00:00,18.950000000000006,47.25,8.515625
2021-03-13 21:00:00,18.950000000000006,47.25,9.378906
2021-03-13 22:00:00,18.950000000000006,47.25,10.4765625
2021-03-13 23:00:00,18.950000000000006,47.25,11.589844
2021-03-14 00:00:00,18.950000000000006,47.25,10.953125
2021-03-14 01:00:00,18.950000000000006,47.25,10.746094
2021-03-14 02:00:00,18.950000000000006,47.25,11.2421875
2021-03-14 03:00:00,18.950000000000006,47.25,12.894531
2021-03-14 04:00:00,18.950000000000006,47.25,14.171875
2021-03-14 05:00:00,18.950000000000006,47.25,12.3984375
2021-03-14 06:00:00,18.950000000000006,47.25,10.949219
2021-03-14 07:00:00,18.950000000000006,47.25,11.65625
2021-03-14 08:00:00,18.950000000000006,47.25,9.871094
2021-03-14 09:00:00,18.950000000000006,47.25,5.765625
2021-03-14 10:00:00,18.950000000000006,47.25,4.9472656
2021-03-14 11:00:00,18.950000000000006,47.25,4.1289062
2021-03-14 12:00:00,18.950000000000006,47.25,4.3339844
2021-03-14 13:00:00,18.950000000000006,47.25,5.126953
2021-03-14 14:00:00,18.950000000000006,47.25,4.6367188
2021-03-14 15:00:00,18.950000000000006,47.25,4.736328
2021-03-14 16:00:00,18.950000000000006,47.25,5.701172
2021-03-14 17:00:00,18.950000000000006,47.25,7.1445312
2021-03-14 18:00:00,18.950000000000006,47.25,8.359375
2021-03-14 19:00:00,18.950000000000006,47.25,8.628906
2021-03-14 20:00:00,18.950000000000006,47.25,9.046875
2021-03-14 21:00:00,18.950000000000006,47.25,9.21875
2021-03-14 22:00:00,18.950000000000006,47.25,9.113281
2021-03-14 23:00:00,18.950000000000006,47.25,8.359375
2021-03-15 00:00:00,18.950000000000006,47.25,7.8398438
2021-03-15 01:00:00,18.950000000000006,47.25,6.8808594
2021-03-15 02:00:00,18.950000000000006,47.25,6.9765625
2021-03-15 03:00:00,18.950000000000006,47.25,6.8242188
2021-03-15 04:00:00,18.950000000000006,47.25,7.4941406
2021-03-15 05:00:00,18.950000000000006,47.25,8.808594
2021-03-15 06:00:00,18.950000000000006,47.25,9.875
2021-03-15 07:00:00,18.950000000000006,47.25,10.066406
2021-03-15 08:00:00,18.950000000000006,47.25,11.15625
2021-03-15 09:00:00,18.950000000000006,47.25,10.578125
2021-03-15 10:00:00,18.950000000000006,47.25,9.921875
2021-03-15 11:00:00,18.950000000000006,47.25,9.5234375
2021-03-15 12:00:00,18.950000000000006,47.25,9.621094
2021-03-15 13:00:00,18.950000000000006,47.25,8.027344
2021-03-15 14:00:00,18.950000000000006,47.25,7.3808594
2021-03-15 15:00:00,18.950000000000006,47.25,7.2617188
2021-03-15 16:00:00,18.950000000000006,47.25,7.2695312
2021-03-15 17:00:00,18.950000000000006,47.25,8.347656
2021-03-15 18:00:00,18.950000000000006,47.25,8.875
2021-03-15 19:00:00,18.950000000000006,47.25,10.109375
2021-03-15 20:00:00,18.950000000000006,47.25,12.027344
2021-03-15 21:00:00,18.950000000000006,47.25,11.636719
2021-03-15 22:00:00,18.950000000000006,47.25,11.9296875
2021-03-15 23:00:00,18.950000000000006,47.25,11.941406
2021-03-16 00:00:00,18.950000000000006,47.25,12.03125
2021-03-16 01:00:00,18.950000000000006,47.25,12.1875
2021-03-16 02:00:00,18.950000000000006,47.25,12.09375
2021-03-16 03:00:00,18.950000000000006,47.25,11.925781
2021-03-16 04:00:00,18.950000000000006,47.25,12.558594
2021-03-16 05:00:00,18.950000000000006,47.25,13.8359375
2021-03-16 06:00:00,18.950000000000006,47.25,13.890625
2021-03-16 07:00:00,18.950000000000006,47.25,15.644531
2021-03-16 08:00:00,18.950000000000006,47.25,14.6875
2021-03-16 09:00:00,18.950000000000006,47.25,11.96875
2021-03-16 10:00:00,18.950000000000006,47.25,10.421875
2021-03-16 11:00:00,18.950000000000006,47.25,9.300781
2021-03-16 12:00:00,18.950000000000006,47.25,9.7109375
2021-03-16 13:00:00,18.950000000000006,47.25,7.705078
2021-03-16 14:00:00,18.950000000000006,47.25,6.955078
2021-03-16 15:00:00,18.950000000000006,47.25,6.591797
2021-03-16 16:00:00,18.950000000000006,47.25,6.8320312
2021-03-16 17:00:00,18.950000000000006,47.25,6.640625
2021-03-16 18:00:00,18.950000000000006,47.25,7.033203
2021-03-16 19:00:00,18.950000000000006,47.25,7.513672
2021-03-16 20:00:00,18.950000000000006,47.25,7.8691406
2021-03-16 21:00:00,18.950000000000006,47.25,8.488281
2021-03-16 22:00:00,18.950000000000006,47.25,7.2460938
2021-03-16 23:00:00,18.950000000000006,47.25,7.2441406
2021-03-17 00:00:00,18.950000000000006,47.25,8.1328125
2021-03-17 01:00:00,18.950000000000006,47.25,9.0859375
2021-03-17 02:00:00,18.950000000000006,47.25,9.140625
2021-03-17 03:00:00,18.950000000000006,47.25,9.9453125
2021-03-17 04:00:00,18.950000000000006,47.25,10.625
2021-03-17 05:00:00,18.950000000000006,47.25,10.738281
2021-03-17 06:00:00,18.950000000000006,47.25,10.941406
2021-03-17 07:00:00,18.950000000000006,47.25,10.4375
2021-03-17 08:00:00,18.950000000000006,47.25,10.640625
2021-03-17 09:00:00,18.950000000000006,47.25,10.96875
2021-03-17 10:00:00,18.950000000000006,47.25,9.980469
2021-03-17 11:00:00,18.950000000000006,47.25,9.183594
2021-03-17 12:00:00,18.950000000000006,47.25,9.503906
2021-03-17 13:00:00,18.950000000000006,47.25,9.3359375
2021-03-17 14:00:00,18.950000000000006,47.25,8.988281
2021-03-17 15:00:00,18.950000000000006,47.25,9.144531
2021-03-17 16:00:00,18.950000000000006,47.25,11.4140625
2021-03-17 17:00:00,18.950000000000006,47.25,12.84375
2021-03-17 18:00:00,18.950000000000006,47.25,13.484375
2021-03-17 19:00:00,18.950000000000006,47.25,14.0859375
2021-03-17 20:00:00,18.950000000000006,47.25,15.503906
2021-03-17 21:00:00,18.950000000000006,47.25,16.65625
2021-03-17 22:00:00,18.950000000000006,47.25,15.6875
2021-03-17 23:00:00,18.950000000000006,47.25,15.90625
2021-03-18 00:00:00,18.950000000000006,47.25,15.214844
2021-03-18 01:00:00,18.950000000000006,47.25,15.25
2021-03-18 02:00:00,18.950000000000006,47.25,15.667969
2021-03-18 03:00:00,18.950000000000006,47.25,14.90625
2021-03-18 04:00:00,18.950000000000006,47.25,14.707031
2021-03-18 05:00:00,18.950000000000006,47.25,15.839844
2021-03-18 06:00:00,18.950000000000006,47.25,16.828125
2021-03-18 07:00:00,18.950000000000006,47.25,17.78125
2021-03-18 08:00:00,18.950000000000006,47.25,16.835938
2021-03-18 09:00:00,18.950000000000006,47.25,15.746094
2021-03-18 10:00:00,18.950000000000006,47.25,14.421875
2021-03-18 11:00:00,18.950000000000006,47.25,13.386719
2021-03-18 12:00:00,18.950000000000006,47.25,12.199219
2021-03-18 13:00:00,18.950000000000006,47.25,12.246094
2021-03-18 14:00:00,18.950000000000006,47.25,10.863281
2021-03-18 15:00:00,18.950000000000006,47.25,10.363281
2021-03-18 16:00:00,18.950000000000006,47.25,10.203125
2021-03-18 17:00:00,18.950000000000006,47.25,13.3828125
2021-03-18 18:00:00,18.950000000000006,47.25,15.425781
2021-03-18 19:00:00,18.950000000000006,47.25,19.1875
2021-03-18 20:00:00,18.950000000000006,47.25,21.375
2021-03-18 21:00:00,18.950000000000006,47.25,28.8125
2021-03-18 22:00:00,18.950000000000006,47.25,31.867188
2021-03-18 23:00:00,18.950000000000006,47.25,27.117188
2021-03-19 00:00:00,18.950000000000006,47.25,23.921875
2021-03-19 01:00:00,18.950000000000006,47.25,25.039062
2021-03-19 02:00:00,18.950000000000006,47.25,21.523438
2021-03-19 03:00:00,18.950000000000006,47.25,17.257812
2021-03-19 04:00:00,18.950000000000006,47.25,18.9375
2021-03-19 05:00:00,18.950000000000006,47.25,18.078125
2021-03-19 06:00:00,18.950000000000006,47.25,19.953125
2021-03-19 07:00:00,18.950000000000006,47.25,20.398438
2021-03-19 08:00:00,18.950000000000006,47.25,18.601562
2021-03-19 09:00:00,18.950000000000006,47.25,16.210938
2021-03-19 10:00:00,18.950000000000006,47.25,13.917969
2021-03-19 11:00:00,18.950000000000006,47.25,13.636719
2021-03-19 12:00:00,18.950000000000006,47.25,12.246094
2021-03-19 13:00:00,18.950000000000006,47.25,11.722656
2021-03-19 14:00:00,18.950000000000006,47.25,10.503906
2021-03-19 15:00:00,18.950000000000006,47.25,11.027344
2021-03-19 16:00:00,18.950000000000006,47.25,11.652344
2021-03-19 17:00:00,18.950000000000006,47.25,15.1953125
2021-03-19 18:00:00,18.950000000000006,47.25,21.328125
2021-03-19 19:00:00,18.950000000000006,47.25,22.320312
2021-03-19 20:00:00,18.950000000000006,47.25,26.65625
2021-03-19 21:00:00,18.950000000000006,47.25,30.257812
2021-03-19 22:00:00,18.950000000000006,47.25,31.757812
2021-03-19 23:00:00,18.950000000000006,47.25,28.46875
2021-03-20 00:00:00,18.950000000000006,47.25,27.359375
2021-03-20 01:00:00,18.950000000000006,47.25,26.78125
2021-03-20 02:00:00,18.950000000000006,47.25,27.1875
2021-03-20 03:00:00,18.950000000000006,47.25,28.765625
2021-03-20 04:00:00,18.950000000000006,47.25,28.8125
2021-03-20 05:00:00,18.950000000000006,47.25,30.0
2021-03-20 06:00:00,18.950000000000006,47.25,29.257812
2021-03-20 07:00:00,18.950000000000006,47.25,29.5625
2021-03-20 08:00:00,18.950000000000006,47.25,26.039062
2021-03-20 09:00:00,18.950000000000006,47.25,22.703125
2021-03-20 10:00:00,18.950000000000006,47.25,17.742188
2021-03-20 11:00:00,18.950000000000006,47.25,15.96875
2021-03-20 12:00:00,18.950000000000006,47.25,15.140625
2021-03-20 13:00:00,18.950000000000006,47.25,14.6640625
2021-03-20 14:00:00,18.950000000000006,47.25,14.324219
2021-03-20 15:00:00,18.950000000000006,47.25,14.5234375
2021-03-20 16:00:00,18.950000000000006,47.25,16.835938
2021-03-20 17:00:00,18.950000000000006,47.25,21.039062
2021-03-20 18:00:00,18.950000000000006,47.25,22.0
2021-03-20 19:00:00,18.950000000000006,47.25,26.773438
2021-03-20 20:00:00,18.950000000000006,47.25,27.320312
2021-03-20 21:00:00,18.950000000000006,47.25,26.070312
2021-03-20 22:00:00,18.950000000000006,47.25,24.453125
2021-03-20 23:00:00,18.950000000000006,47.25,21.84375
2021-03-21 00:00:00,18.950000000000006,47.25,21.539062
2021-03-21 01:00:00,18.950000000000006,47.25,20.851562
2021-03-21 02:00:00,18.950000000000006,47.25,19.523438
2021-03-21 03:00:00,18.950000000000006,47.25,18.859375
2021-03-21 04:00:00,18.950000000000006,47.25,18.382812
2021-03-21 05:00:00,18.950000000000006,47.25,17.796875
2021-03-21 06:00:00,18.950000000000006,47.25,16.226562
2021-03-21 07:00:00,18.950000000000006,47.25,15.066406
2021-03-21 08:00:00,18.950000000000006,47.25,13.277344
2021-03-21 09:00:00,18.950000000000006,47.25,12.511719
2021-03-21 10:00:00,18.950000000000006,47.25,9.984375
2021-03-21 11:00:00,18.950000000000006,47.25,9.777344
2021-03-21 12:00:00,18.950000000000006,47.25,9.0625
2021-03-21 13:00:00,18.950000000000006,47.25,8.441406
2021-03-21 14:00:00,18.950000000000006,47.25,8.636719
2021-03-21 15:00:00,18.950000000000006,47.25,8.3671875
2021-03-21 16:00:00,18.950000000000006,47.25,9.1953125
2021-03-21 17:00:00,18.950000000000006,47.25,13.253906
2021-03-21 18:00:00,18.950000000000006,47.25,14.4453125
2021-03-21 19:00:00,18.950000000000006,47.25,16.648438
2021-03-21 20:00:00,18.950000000000006,47.25,16.953125
2021-03-21 21:00:00,18.950000000000006,47.25,18.09375
2021-03-21 22:00:00,18.950000000000006,47.25,16.984375
2021-03-21 23:00:00,18.950000000000006,47.25,16.929688
2021-03-22 00:00:00,18.950000000000006,47.25,16.375
2021-03-22 01:00:00,18.950000000000006,47.25,15.386719
2021-03-22 02:00:00,18.950000000000006,47.25,13.5
2021-03-22 03:00:00,18.950000000000006,47.25,14.9453125
2021-03-22 04:00:00,18.950000000000006,47.25,13.734375
2021-03-22 05:00:00,18.950000000000006,47.25,13.9140625
2021-03-22 06:00:00,18.950000000000006,47.25,13.863281
2021-03-22 07:00:00,18.950000000000006,47.25,13.265625
2021-03-22 08:00:00,18.950000000000006,47.25,12.347656
2021-03-22 09:00:00,18.950000000000006,47.25,11.453125
2021-03-22 10:00:00,18.950000000000006,47.25,9.730469
2021-03-22 11:00:00,18.950000000000006,47.25,8.105469
2021-03-22 12:00:00,18.950000000000006,47.25,8.453125
2021-03-22 13:00:00,18.950000000000006,47.25,6.376953
2021-03-22 14:00:00,18.950000000000006,47.25,8.042969
2021-03-22 15:00:00,18.950000000000006,47.25,5.7304688
2021-03-22 16:00:00,18.950000000000006,47.25,6.9121094
2021-03-22 17:00:00,18.950000000000006,47.25,7.9609375
2021-03-22 18:00:00,18.950000000000006,47.25,11.933594
2021-03-22 19:00:00,18.950000000000006,47.25,15.683594
2021-03-22 20:00:00,18.950000000000006,47.25,18.210938
2021-03-22 21:00:00,18.950000000000006,47.25,18.914062
2021-03-22 22:00:00,18.950000000000006,47.25,16.414062
2021-03-22 23:00:00,18.950000000000006,47.25,15.816406
2021-03-23 00:00:00,18.950000000000006,47.25,17.070312
2021-03-23 01:00:00,18.950000000000006,47.25,15.839844
2021-03-23 02:00:00,18.950000000000006,47.25,15.128906
2021-03-23 03:00:00,18.950000000000006,47.25,14.8203125
2021-03-23 04:00:00,18.950000000000006,47.25,15.8203125
2021-03-23 05:00:00,18.950000000000006,47.25,16.898438
2021-03-23 06:00:00,18.950000000000006,47.25,18.265625
2021-03-23 07:00:00,18.950000000000006,47.25,17.5625
2021-03-23 08:00:00,18.950000000000006,47.25,14.25
2021-03-23 09:00:00,18.950000000000006,47.25,12.589844
2021-03-23 10:00:00,18.950000000000006,47.25,10.3125
2021-03-23 11:00:00,18.950000000000006,47.25,10.109375
2021-03-23 12:00:00,18.950000000000006,47.25,10.7109375
2021-03-23 13:00:00,18.950000000000006,47.25,10.65625
2021-03-23 14:00:00,18.950000000000006,47.25,9.886719
2021-03-23 15:00:00,18.950000000000006,47.25,9.832031
2021-03-23 16:00:00,18.950000000000006,47.25,9.8671875
2021-03-23 17:00:00,18.950000000000006,47.25,12.59375
2021-03-23 18:00:00,18.950000000000006,47.25,12.7265625
2021-03-23 19:00:00,18.950000000000006,47.25,14.09375
2021-03-23 20:00:00,18.950000000000006,47.25,15.277344
2021-03-23 21:00:00,18.950000000000006,47.25,16.15625
2021-03-23 22:00:00,18.950000000000006,47.25,16.1875
2021-03-23 23:00:00,18.950000000000006,47.25,15.453125
2021-03-24 00:00:00,18.950000000000006,47.25,14.0390625
2021-03-24 01:00:00,18.950000000000006,47.25,12.636719
2021-03-24 02:00:00,18.950000000000006,47.25,12.550781
2021-03-24 03:00:00,18.950000000000006,47.25,12.34375
2021-03-24 04:00:00,18.950000000000006,47.25,12.15625
2021-03-24 05:00:00,18.950000000000006,47.25,12.125
2021-03-24 06:00:00,18.950000000000006,47.25,12.53125
2021-03-24 07:00:00,18.950000000000006,47.25,12.3125
2021-03-24 08:00:00,18.950000000000006,47.25,12.4375
2021-03-24 09:00:00,18.950000000000006,47.25,12.203125
2021-03-24 10:00:00,18.950000000000006,47.25,11.652344
2021-03-24 11:00:00,18.950000000000006,47.25,12.34375
2021-03-24 12:00:00,18.950000000000006,47.25,13.34375
2021-03-24 13:00:00,18.950000000000006,47.25,11.4375
2021-03-24 14:00:00,18.950000000000006,47.25,12.316406
2021-03-24 15:00:00,18.950000000000006,47.25,12.402344
2021-03-24 16:00:00,18.950000000000006,47.25,12.769531
2021-03-24 17:00:00,18.950000000000006,47.25,16.414062
2021-03-24 18:00:00,18.950000000000006,47.25,21.320312
2021-03-24 19:00:00,18.950000000000006,47.25,22.835938
2021-03-24 20:00:00,18.950000000000006,47.25,25.25
2021-03-24 21:00:00,18.950000000000006,47.25,28.734375
2021-03-24 22:00:00,18.950000000000006,47.25,29.007812
2021-03-24 23:00:00,18.950000000000006,47.25,31.054688
2021-03-25 00:00:00,18.950000000000006,47.25,30.828125
2021-03-25 01:00:00,18.950000000000006,47.25,32.140625
2021-03-25 02:00:00,18.950000000000006,47.25,30.953125
2021-03-25 03:00:00,18.950000000000006,47.25,34.5
2021-03-25 04:00:00,18.950000000000006,47.25,30.992188
2021-03-25 05:00:00,18.950000000000006,47.25,27.367188
2021-03-25 06:00:00,18.950000000000006,47.25,27.90625
2021-03-25 07:00:00,18.950000000000006,47.25,25.726562
2021-03-25 08:00:00,18.950000000000006,47.25,20.8125
2021-03-25 09:00:00,18.950000000000006,47.25,18.070312
2021-03-25 10:00:00,18.950000000000006,47.25,14.808594
2021-03-25 11:00:00,18.950000000000006,47.25,13.675781
2021-03-25 12:00:00,18.950000000000006,47.25,14.1875
2021-03-25 13:00:00,18.950000000000006,47.25,15.1953125
2021-03-25 14:00:00,18.950000000000006,47.25,17.3125
2021-03-25 15:00:00,18.950000000000006,47.25,18.835938
2021-03-25 16:00:00,18.950000000000006,47.25,20.429688
2021-03-25 17:00:00,18.950000000000006,47.25,26.21875
2021-03-25 18:00:00,18.950000000000006,47.25,29.765625
2021-03-25 19:00:00,18.950000000000006,47.25,36.0
2021-03-25 20:00:00,18.950000000000006,47.25,40.78125
2021-03-25 21:00:00,18.950000000000006,47.25,43.546875
2021-03-25 22:00:00,18.950000000000006,47.25,40.078125
2021-03-25 23:00:00,18.950000000000006,47.25,41.125
2021-03-26 00:00:00,18.950000000000006,47.25,39.25
2021-03-26 01:00:00,18.950000000000006,47.25,41.25
2021-03-26 02:00:00,18.950000000000006,47.25,40.625
2021-03-26 03:00:00,18.950000000000006,47.25,38.125
2021-03-26 04:00:00,18.950000000000006,47.25,34.375
2021-03-26 05:00:00,18.950000000000006,47.25,34.71875
2021-03-26 06:00:00,18.950000000000006,47.25,36.03125
2021-03-26 07:00:00,18.950000000000006,47.25,37.1875
2021-03-26 08:00:00,18.950000000000006,47.25,38.109375
2021-03-26 09:00:00,18.950000000000006,47.25,34.1875
2021-03-26 10:00:00,18.950000000000006,47.25,32.890625
2021-03-26 11:00:00,18.950000000000006,47.25,28.835938
2021-03-26 12:00:00,18.950000000000006,47.25,27.210938
2021-03-26 13:00:00,18.950000000000006,47.25,27.585938
2021-03-26 14:00:00,18.950000000000006,47.25,26.773438
2021-03-26 15:00:00,18.950000000000006,47.25,26.453125
2021-03-26 16:00:00,18.950000000000006,47.25,25.976562
2021-03-26 17:00:00,18.950000000000006,47.25,27.28125
2021-03-26 18:00:00,18.950000000000006,47.25,32.078125
2021-03-26 19:00:00,18.950000000000006,47.25,38.90625
2021-03-26 20:00:00,18.950000000000006,47.25,38.203125
2021-03-26 21:00:00,18.950000000000006,47.25,38.59375
2021-03-26 22:00:00,18.950000000000006,47.25,38.046875
2021-03-26 23:00:00,18.950000000000006,47.25,37.40625
2021-03-27 00:00:00,18.950000000000006,47.25,34.546875
2021-03-27 01:00:00,18.950000000000006,47.25,29.820312
2021-03-27 02:00:00,18.950000000000006,47.25,29.5625
2021-03-27 03:00:00,18.950000000000006,47.25,27.375
2021-03-27 04:00:00,18.950000000000006,47.25,27.601562
2021-03-27 05:00:00,18.950000000000006,47.25,26.5625
2021-03-27 06:00:00,18.950000000000006,47.25,25.835938
2021-03-27 07:00:00,18.950000000000006,47.25,24.984375
2021-03-27 08:00:00,18.950000000000006,47.25,24.710938
2021-03-27 09:00:00,18.950000000000006,47.25,22.820312
2021-03-27 10:00:00,18.950000000000006,47.25,19.671875
2021-03-27 11:00:00,18.950000000000006,47.25,16.90625
2021-03-27 12:00:00,18.950000000000006,47.25,14.722656
2021-03-27 13:00:00,18.950000000000006,47.25,13.597656
2021-03-27 14:00:00,18.950000000000006,47.25,12.542969
2021-03-27 15:00:00,18.950000000000006,47.25,12.386719
2021-03-27 16:00:00,18.950000000000006,47.25,14.183594
2021-03-27 17:00:00,18.950000000000006,47.25,15.828125
2021-03-27 18:00:00,18.950000000000006,47.25,19.242188
2021-03-27 19:00:00,18.950000000000006,47.25,20.992188
2021-03-27 20:00:00,18.950000000000006,47.25,20.234375
2021-03-27 21:00:00,18.950000000000006,47.25,15.8125
2021-03-27 22:00:00,18.950000000000006,47.25,8.878906
2021-03-27 23:00:00,18.950000000000006,47.25,6.1445312
2021-03-28 00:00:00,18.950000000000006,47.25,5.9765625
2021-03-28 01:00:00,18.950000000000006,47.25,4.0
2021-03-28 02:00:00,18.950000000000006,47.25,3.3925781
2021-03-28 03:00:00,18.950000000000006,47.25,3.3046875
2021-03-28 04:00:00,18.950000000000006,47.25,4.0195312
2021-03-28 05:00:00,18.950000000000006,47.25,4.0429688
2021-03-28 06:00:00,18.950000000000006,47.25,4.0859375
2021-03-28 07:00:00,18.950000000000006,47.25,6.359375
2021-03-28 08:00:00,18.950000000000006,47.25,5.841797
2021-03-28 09:00:00,18.950000000000006,47.25,5.0703125
2021-03-28 10:00:00,18.950000000000006,47.25,4.5
2021-03-28 11:00:00,18.950000000000006,47.25,4.6484375
2021-03-28 12:00:00,18.950000000000006,47.25,3.7021484
2021-03-28 13:00:00,18.950000000000006,47.25,4.0
2021-03-28 14:00:00,18.950000000000006,47.25,4.3808594
2021-03-28 15:00:00,18.950000000000006,47.25,4.4296875
2021-03-28 16:00:00,18.950000000000006,47.25,6.0507812
2021-03-28 17:00:00,18.950000000000006,47.25,9.2265625
2021-03-28 18:00:00,18.950000000000006,47.25,12.535156
2021-03-28 19:00:00,18.950000000000006,47.25,16.164062
2021-03-28 20:00:00,18.950000000000006,47.25,16.679688
2021-03-28 21:00:00,18.950000000000006,47.25,18.773438
2021-03-28 22:00:00,18.950000000000006,47.25,18.617188
2021-03-28 23:00:00,18.950000000000006,47.25,18.4375
2021-03-29 00:00:00,18.950000000000006,47.25,18.875
2021-03-29 01:00:00,18.950000000000006,47.25,18.539062
2021-03-29 02:00:00,18.950000000000006,47.25,16.679688
2021-03-29 03:00:00,18.950000000000006,47.25,16.125
2021-03-29 04:00:00,18.950000000000006,47.25,15.847656
2021-03-29 05:00:00,18.950000000000006,47.25,17.023438
2021-03-29 06:00:00,18.950000000000006,47.25,18.554688
2021-03-29 07:00:00,18.950000000000006,47.25,19.625
2021-03-29 08:00:00,18.950000000000006,47.25,17.109375
2021-03-29 09:00:00,18.950000000000006,47.25,15.3046875
2021-03-29 10:00:00,18.950000000000006,47.25,14.4765625
2021-03-29 11:00:00,18.950000000000006,47.25,12.4609375
2021-03-29 12:00:00,18.950000000000006,47.25,11.609375
2021-03-29 13:00:00,18.950000000000006,47.25,10.378906
2021-03-29 14:00:00,18.950000000000006,47.25,8.996094
2021-03-29 15:00:00,18.950000000000006,47.25,8.5859375
2021-03-29 16:00:00,18.950000000000006,47.25,8.605469
2021-03-29 17:00:00,18.950000000000006,47.25,12.652344
2021-03-29 18:00:00,18.950000000000006,47.25,14.421875
2021-03-29 19:00:00,18.950000000000006,47.25,16.132812
2021-03-29 20:00:00,18.950000000000006,47.25,17.65625
2021-03-29 21:00:00,18.950000000000006,47.25,19.320312
2021-03-29 22:00:00,18.950000000000006,47.25,20.179688
2021-03-29 23:00:00,18.950000000000006,47.25,21.671875
2021-03-30 00:00:00,18.950000000000006,47.25,19.914062
2021-03-30 01:00:00,18.950000000000006,47.25,20.148438
2021-03-30 02:00:00,18.950000000000006,47.25,19.84375
2021-03-30 03:00:00,18.950000000000006,47.25,18.03125
2021-03-30 04:00:00,18.950000000000006,47.25,19.015625
2021-03-30 05:00:00,18.950000000000006,47.25,19.609375
2021-03-30 06:00:00,18.950000000000006,47.25,21.484375
2021-03-30 07:00:00,18.950000000000006,47.25,23.46875
2021-03-30 08:00:00,18.950000000000006,47.25,19.507812
2021-03-30 09:00:00,18.950000000000006,47.25,17.304688
2021-03-30 10:00:00,18.950000000000006,47.25,16.648438
2021-03-30 11:00:00,18.950000000000006,47.25,15.53125
2021-03-30 12:00:00,18.950000000000006,47.25,15.480469
2021-03-30 13:00:00,18.950000000000006,47.25,15.5703125
2021-03-30 14:00:00,18.950000000000006,47.25,15.8359375
2021-03-30 15:00:00,18.950000000000006,47.25,16.070312
2021-03-30 16:00:00,18.950000000000006,47.25,15.3125
2021-03-30 17:00:00,18.950000000000006,47.25,17.054688
2021-03-30 18:00:00,18.950000000000006,47.25,18.640625
2021-03-30 19:00:00,18.950000000000006,47.25,20.085938
2021-03-30 20:00:00,18.950000000000006,47.25,18.328125
2021-03-30 21:00:00,18.950000000000006,47.25,20.226562
2021-03-30 22:00:00,18.950000000000006,47.25,20.445312
2021-03-30 23:00:00,18.950000000000006,47.25,21.257812
2021-03-31 00:00:00,18.950000000000006,47.25,21.9375
2021-03-31 01:00:00,18.950000000000006,47.25,21.15625
2021-03-31 02:00:00,18.950000000000006,47.25,22.304688
2021-03-31 03:00:00,18.950000000000006,47.25,21.5
2021-03-31 04:00:00,18.950000000000006,47.25,21.609375
2021-03-31 05:00:00,18.950000000000006,47.25,23.03125
2021-03-31 06:00:00,18.950000000000006,47.25,26.625
2021-03-31 07:00:00,18.950000000000006,47.25,25.742188
2021-03-31 08:00:00,18.950000000000006,47.25,24.289062
2021-03-31 09:00:00,18.950000000000006,47.25,21.304688
2021-03-31 10:00:00,18.950000000000006,47.25,19.515625
2021-03-31 11:00:00,18.950000000000006,47.25,17.289062
2021-03-31 12:00:00,18.950000000000006,47.25,15.746094
2021-03-31 13:00:00,18.950000000000006,47.25,14.363281
2021-03-31 14:00:00,18.950000000000006,47.25,14.808594
2021-03-31 15:00:00,18.950000000000006,47.25,13.9140625
2021-03-31 16:00:00,18.950000000000006,47.25,14.800781
2021-03-31 17:00:00,18.950000000000006,47.25,15.5625
2021-03-31 18:00:00,18.950000000000006,47.25,18.28125
2021-03-31 19:00:00,18.950000000000006,47.25,19.859375
2021-03-31 20:00:00,18.950000000000006,47.25,20.078125
2021-03-31 21:00:00,18.950000000000006,47.25,19.632812
2021-03-31 22:00:00,18.950000000000006,47.25,18.273438
2021-03-31 23:00:00,18.950000000000006,47.25,16.890625
2021-04-01 00:00:00,18.950000000000006,47.25,15.363281
2021-04-01 01:00:00,18.950000000000006,47.25,15.371094
2021-04-01 02:00:00,18.950000000000006,47.25,16.335938
2021-04-01 03:00:00,18.950000000000006,47.25,16.1875
2021-04-01 04:00:00,18.950000000000006,47.25,16.0
2021-04-01 05:00:00,18.950000000000006,47.25,16.4375
2021-04-01 06:00:00,18.950000000000006,47.25,18.304688
2021-04-01 07:00:00,18.950000000000006,47.25,18.875
2021-04-01 08:00:00,18.950000000000006,47.25,19.421875
2021-04-01 09:00:00,18.950000000000006,47.25,18.304688
2021-04-01 10:00:00,18.950000000000006,47.25,15.546875
2021-04-01 11:00:00,18.950000000000006,47.25,13.261719
2021-04-01 12:00:00,18.950000000000006,47.25,11.4375
2021-04-01 13:00:00,18.950000000000006,47.25,10.144531
2021-04-01 14:00:00,18.950000000000006,47.25,10.941406
2021-04-01 15:00:00,18.950000000000006,47.25,10.84375
2021-04-01 16:00:00,18.950000000000006,47.25,11.0859375
2021-04-01 17:00:00,18.950000000000006,47.25,13.125
2021-04-01 18:00:00,18.950000000000006,47.25,15.652344
2021-04-01 19:00:00,18.950000000000006,47.25,16.78125
2021-04-01 20:00:00,18.950000000000006,47.25,18.25
2021-04-01 21:00:00,18.950000000000006,47.25,16.507812
2021-04-01 22:00:00,18.950000000000006,47.25,17.796875
2021-04-01 23:00:00,18.950000000000006,47.25,16.65625
2021-04-02 00:00:00,18.950000000000006,47.25,16.617188
2021-04-02 01:00:00,18.950000000000006,47.25,16.554688
2021-04-02 02:00:00,18.950000000000006,47.25,16.617188
2021-04-02 03:00:00,18.950000000000006,47.25,18.234375
2021-04-02 04:00:00,18.950000000000006,47.25,20.679688
2021-04-02 05:00:00,18.950000000000006,47.25,21.8125
2021-04-02 06:00:00,18.950000000000006,47.25,21.96875
2021-04-02 07:00:00,18.950000000000006,47.25,20.84375
2021-04-02 08:00:00,18.950000000000006,47.25,20.5625
2021-04-02 09:00:00,18.950000000000006,47.25,20.140625
2021-04-02 10:00:00,18.950000000000006,47.25,18.859375
2021-04-02 11:00:00,18.950000000000006,47.25,15.2734375
2021-04-02 12:00:00,18.950000000000006,47.25,14.691406
2021-04-02 13:00:00,18.950000000000006,47.25,14.96875
2021-04-02 14:00:00,18.950000000000006,47.25,13.0859375
2021-04-02 15:00:00,18.950000000000006,47.25,13.0546875
2021-04-02 16:00:00,18.950000000000006,47.25,13.628906
2021-04-02 17:00:00,18.950000000000006,47.25,11.6953125
2021-04-02 18:00:00,18.950000000000006,47.25,12.035156
2021-04-02 19:00:00,18.950000000000006,47.25,11.191406
2021-04-02 20:00:00,18.950000000000006,47.25,12.2578125
2021-04-02 21:00:00,18.950000000000006,47.25,13.402344
2021-04-02 22:00:00,18.950000000000006,47.25,12.394531
2021-04-02 23:00:00,18.950000000000006,47.25,12.738281
2021-04-03 00:00:00,18.950000000000006,47.25,12.230469
2021-04-03 01:00:00,18.950000000000006,47.25,12.863281
2021-04-03 02:00:00,18.950000000000006,47.25,12.550781
2021-04-03 03:00:00,18.950000000000006,47.25,15.234375
2021-04-03 04:00:00,18.950000000000006,47.25,15.21875
2021-04-03 05:00:00,18.950000000000006,47.25,15.964844
2021-04-03 06:00:00,18.950000000000006,47.25,16.3125
2021-04-03 07:00:00,18.950000000000006,47.25,17.4375
2021-04-03 08:00:00,18.950000000000006,47.25,14.65625
2021-04-03 09:00:00,18.950000000000006,47.25,13.175781
2021-04-03 10:00:00,18.950000000000006,47.25,11.253906
2021-04-03 11:00:00,18.950000000000006,47.25,9.003906
2021-04-03 12:00:00,18.950000000000006,47.25,8.1875
2021-04-03 13:00:00,18.950000000000006,47.25,6.9882812
2021-04-03 14:00:00,18.950000000000006,47.25,6.2441406
2021-04-03 15:00:00,18.950000000000006,47.25,5.890625
2021-04-03 16:00:00,18.950000000000006,47.25,5.4785156
2021-04-03 17:00:00,18.950000000000006,47.25,5.908203
2021-04-03 18:00:00,18.950000000000006,47.25,6.3789062
2021-04-03 19:00:00,18.950000000000006,47.25,7.513672
2021-04-03 20:00:00,18.950000000000006,47.25,8.2734375
2021-04-03 21:00:00,18.950000000000006,47.25,8.589844
2021-04-03 22:00:00,18.950000000000006,47.25,8.410156
2021-04-03 23:00:00,18.950000000000006,47.25,8.4765625
2021-04-04 00:00:00,18.950000000000006,47.25,9.1328125
2021-04-04 01:00:00,18.950000000000006,47.25,8.550781
2021-04-04 02:00:00,18.950000000000006,47.25,8.3515625
2021-04-04 03:00:00,18.950000000000006,47.25,9.140625
2021-04-04 04:00:00,18.950000000000006,47.25,8.902344
2021-04-04 05:00:00,18.950000000000006,47.25,10.6875
2021-04-04 06:00:00,18.950000000000006,47.25,11.78125
2021-04-04 07:00:00,18.950000000000006,47.25,10.917969
2021-04-04 08:00:00,18.950000000000006,47.25,10.015625
2021-04-04 09:00:00,18.950000000000006,47.25,8.2421875
2021-04-04 10:00:00,18.950000000000006,47.25,7.580078
2021-04-04 11:00:00,18.950000000000006,47.25,8.4140625
2021-04-04 12:00:00,18.950000000000006,47.25,8.605469
2021-04-04 13:00:00,18.950000000000006,47.25,7.6875
2021-04-04 14:00:00,18.950000000000006,47.25,6.4804688
2021-04-04 15:00:00,18.950000000000006,47.25,6.517578
2021-04-04 16:00:00,18.950000000000006,47.25,6.8339844
2021-04-04 17:00:00,18.950000000000006,47.25,7.044922
2021-04-04 18:00:00,18.950000000000006,47.25,7.9257812
2021-04-04 19:00:00,18.950000000000006,47.25,8.925781
2021-04-04 20:00:00,18.950000000000006,47.25,11.503906
2021-04-04 21:00:00,18.950000000000006,47.25,11.175781
2021-04-04 22:00:00,18.950000000000006,47.25,10.3671875
2021-04-04 23:00:00,18.950000000000006,47.25,10.875
2021-04-05 00:00:00,18.950000000000006,47.25,11.714844
2021-04-05 01:00:00,18.950000000000006,47.25,13.34375
2021-04-05 02:00:00,18.950000000000006,47.25,13.0
2021-04-05 03:00:00,18.950000000000006,47.25,13.4296875
2021-04-05 04:00:00,18.950000000000006,47.25,14.7265625
2021-04-05 05:00:00,18.950000000000006,47.25,14.640625
2021-04-05 06:00:00,18.950000000000006,47.25,15.859375
2021-04-05 07:00:00,18.950000000000006,47.25,11.425781
2021-04-05 08:00:00,18.950000000000006,47.25,10.402344
2021-04-05 09:00:00,18.950000000000006,47.25,9.542969
2021-04-05 10:00:00,18.950000000000006,47.25,8.792969
2021-04-05 11:00:00,18.950000000000006,47.25,7.8378906
2021-04-05 12:00:00,18.950000000000006,47.25,7.7460938
2021-04-05 13:00:00,18.950000000000006,47.25,7.6640625
2021-04-05 14:00:00,18.950000000000006,47.25,7.15625
2021-04-05 15:00:00,18.950000000000006,47.25,6.6621094
2021-04-05 16:00:00,18.950000000000006,47.25,6.078125
2021-04-05 17:00:00,18.950000000000006,47.25,7.283203
2021-04-05 18:00:00,18.950000000000006,47.25,7.859375
2021-04-05 19:00:00,18.950000000000006,47.25,8.421875
2021-04-05 20:00:00,18.950000000000006,47.25,9.0703125
2021-04-05 21:00:00,18.950000000000006,47.25,8.675781
2021-04-05 22:00:00,18.950000000000006,47.25,8.3203125
2021-04-05 23:00:00,18.950000000000006,47.25,9.078125
2021-04-06 00:00:00,18.950000000000006,47.25,8.3515625
2021-04-06 01:00:00,18.950000000000006,47.25,8.964844
2021-04-06 02:00:00,18.950000000000006,47.25,5.044922
2021-04-06 03:00:00,18.950000000000006,47.25,4.0273438
2021-04-06 04:00:00,18.950000000000006,47.25,3.2578125
2021-04-06 05:00:00,18.950000000000006,47.25,3.3115234
2021-04-06 06:00:00,18.950000000000006,47.25,3.8115234
2021-04-06 07:00:00,18.950000000000006,47.25,4.439453
2021-04-06 08:00:00,18.950000000000006,47.25,4.548828
2021-04-06 09:00:00,18.950000000000006,47.25,4.7460938
2021-04-06 10:00:00,18.950000000000006,47.25,4.3828125
2021-04-06 11:00:00,18.950000000000006,47.25,4.0507812
2021-04-06 12:00:00,18.950000000000006,47.25,4.0878906
2021-04-06 13:00:00,18.950000000000006,47.25,3.8203125
2021-04-06 14:00:00,18.950000000000006,47.25,4.064453
2021-04-06 15:00:00,18.950000000000006,47.25,4.169922
2021-04-06 16:00:00,18.950000000000006,47.25,5.2890625
2021-04-06 17:00:00,18.950000000000006,47.25,6.296875
2021-04-06 18:00:00,18.950000000000006,47.25,7.0195312
2021-04-06 19:00:00,18.950000000000006,47.25,8.691406
2021-04-06 20:00:00,18.950000000000006,47.25,8.535156
2021-04-06 21:00:00,18.950000000000006,47.25,9.253906
2021-04-06 22:00:00,18.950000000000006,47.25,10.015625
2021-04-06 23:00:00,18.950000000000006,47.25,9.316406
2021-04-07 00:00:00,18.950000000000006,47.25,8.785156
2021-04-07 01:00:00,18.950000000000006,47.25,8.3125
2021-04-07 02:00:00,18.950000000000006,47.25,7.7441406
2021-04-07 03:00:00,18.950000000000006,47.25,7.5058594
2021-04-07 04:00:00,18.950000000000006,47.25,8.40625
2021-04-07 05:00:00,18.950000000000006,47.25,8.96875
2021-04-07 06:00:00,18.950000000000006,47.25,8.058594
2021-04-07 07:00:00,18.950000000000006,47.25,7.8632812
2021-04-07 08:00:00,18.950000000000006,47.25,7.4902344
2021-04-07 09:00:00,18.950000000000006,47.25,6.515625
2021-04-07 10:00:00,18.950000000000006,47.25,6.203125
2021-04-07 11:00:00,18.950000000000006,47.25,6.4414062
2021-04-07 12:00:00,18.950000000000006,47.25,6.080078
2021-04-07 13:00:00,18.950000000000006,47.25,5.71875
2021-04-07 14:00:00,18.950000000000006,47.25,5.423828
2021-04-07 15:00:00,18.950000000000006,47.25,4.9628906
2021-04-07 16:00:00,18.950000000000006,47.25,5.3398438
2021-04-07 17:00:00,18.950000000000006,47.25,5.685547
2021-04-07 18:00:00,18.950000000000006,47.25,6.4882812
2021-04-07 19:00:00,18.950000000000006,47.25,6.9921875
2021-04-07 20:00:00,18.950000000000006,47.25,7.8828125
2021-04-07 21:00:00,18.950000000000006,47.25,8.25
2021-04-07 22:00:00,18.950000000000006,47.25,8.230469
2021-04-07 23:00:00,18.950000000000006,47.25,8.046875
2021-04-08 00:00:00,18.950000000000006,47.25,7.3046875
2021-04-08 01:00:00,18.950000000000006,47.25,7.5371094
2021-04-08 02:00:00,18.950000000000006,47.25,6.080078
2021-04-08 03:00:00,18.950000000000006,47.25,6.1757812
2021-04-08 04:00:00,18.950000000000006,47.25,7.236328
2021-04-08 05:00:00,18.950000000000006,47.25,7.5527344
2021-04-08 06:00:00,18.950000000000006,47.25,7.0996094
2021-04-08 07:00:00,18.950000000000006,47.25,6.09375
2021-04-08 08:00:00,18.950000000000006,47.25,6.0
2021-04-08 09:00:00,18.950000000000006,47.25,5.8085938
2021-04-08 10:00:00,18.950000000000006,47.25,5.578125
2021-04-08 11:00:00,18.950000000000006,47.25,5.3984375
2021-04-08 12:00:00,18.950000000000006,47.25,5.5214844
2021-04-08 13:00:00,18.950000000000006,47.25,5.4589844
2021-04-08 14:00:00,18.950000000000006,47.25,5.4921875
2021-04-08 15:00:00,18.950000000000006,47.25,5.533203
2021-04-08 16:00:00,18.950000000000006,47.25,5.9785156
2021-04-08 17:00:00,18.950000000000006,47.25,6.095703
2021-04-08 18:00:00,18.950000000000006,47.25,7.611328
2021-04-08 19:00:00,18.950000000000006,47.25,9.253906
2021-04-08 20:00:00,18.950000000000006,47.25,10.3203125
2021-04-08 21:00:00,18.950000000000006,47.25,9.957031
2021-04-08 22:00:00,18.950000000000006,47.25,10.394531
2021-04-08 23:00:00,18.950000000000006,47.25,11.734375
2021-04-09 00:00:00,18.950000000000006,47.25,12.0
2021-04-09 01:00:00,18.950000000000006,47.25,12.2890625
2021-04-09 02:00:00,18.950000000000006,47.25,12.1328125
2021-04-09 03:00:00,18.950000000000006,47.25,11.78125
2021-04-09 04:00:00,18.950000000000006,47.25,12.25
2021-04-09 05:00:00,18.950000000000006,47.25,12.5078125
2021-04-09 06:00:00,18.950000000000006,47.25,13.5546875
2021-04-09 07:00:00,18.950000000000006,47.25,12.707031
2021-04-09 08:00:00,18.950000000000006,47.25,12.25
2021-04-09 09:00:00,18.950000000000006,47.25,11.019531
2021-04-09 10:00:00,18.950000000000006,47.25,9.65625
2021-04-09 11:00:00,18.950000000000006,47.25,8.972656
2021-04-09 12:00:00,18.950000000000006,47.25,9.230469
2021-04-09 13:00:00,18.950000000000006,47.25,10.308594
2021-04-09 14:00:00,18.950000000000006,47.25,11.3515625
2021-04-09 15:00:00,18.950000000000006,47.25,11.175781
2021-04-09 16:00:00,18.950000000000006,47.25,10.2421875
2021-04-09 17:00:00,18.950000000000006,47.25,10.722656
2021-04-09 18:00:00,18.950000000000006,47.25,14.378906
2021-04-09 19:00:00,18.950000000000006,47.25,16.25
2021-04-09 20:00:00,18.950000000000006,47.25,15.703125
2021-04-09 21:00:00,18.950000000000006,47.25,14.421875
2021-04-09 22:00:00,18.950000000000006,47.25,14.75
2021-04-09 23:00:00,18.950000000000006,47.25,14.328125
2021-04-10 00:00:00,18.950000000000006,47.25,12.609375
2021-04-10 01:00:00,18.950000000000006,47.25,12.746094
2021-04-10 02:00:00,18.950000000000006,47.25,12.332031
2021-04-10 03:00:00,18.950000000000006,47.25,12.4765625
2021-04-10 04:00:00,18.950000000000006,47.25,11.9453125
2021-04-10 05:00:00,18.950000000000006,47.25,11.5859375
2021-04-10 06:00:00,18.950000000000006,47.25,10.6796875
2021-04-10 07:00:00,18.950000000000006,47.25,9.265625
2021-04-10 08:00:00,18.950000000000006,47.25,9.203125
2021-04-10 09:00:00,18.950000000000006,47.25,10.0
2021-04-10 10:00:00,18.950000000000006,47.25,9.65625
2021-04-10 11:00:00,18.950000000000006,47.25,9.53125
2021-04-10 12:00:00,18.950000000000006,47.25,9.25
2021-04-10 13:00:00,18.950000000000006,47.25,9.324219
2021-04-10 14:00:00,18.950000000000006,47.25,8.328125
2021-04-10 15:00:00,18.950000000000006,47.25,8.15625
2021-04-10 16:00:00,18.950000000000006,47.25,7.029297
2021-04-10 17:00:00,18.950000000000006,47.25,7.830078
2021-04-10 18:00:00,18.950000000000006,47.25,8.7265625
2021-04-10 19:00:00,18.950000000000006,47.25,9.28125
2021-04-10 20:00:00,18.950000000000006,47.25,9.488281
2021-04-10 21:00:00,18.950000000000006,47.25,9.777344
2021-04-10 22:00:00,18.950000000000006,47.25,8.941406
2021-04-10 23:00:00,18.950000000000006,47.25,8.125
2021-04-11 00:00:00,18.950000000000006,47.25,7.2460938
2021-04-11 01:00:00,18.950000000000006,47.25,6.1816406
2021-04-11 02:00:00,18.950000000000006,47.25,6.4941406
2021-04-11 03:00:00,18.950000000000006,47.25,7.857422
2021-04-11 04:00:00,18.950000000000006,47.25,7.8964844
2021-04-11 05:00:00,18.950000000000006,47.25,8.53125
2021-04-11 06:00:00,18.950000000000006,47.25,8.921875
2021-04-11 07:00:00,18.950000000000006,47.25,9.339844
2021-04-11 08:00:00,18.950000000000006,47.25,9.855469
2021-04-11 09:00:00,18.950000000000006,47.25,9.453125
2021-04-11 10:00:00,18.950000000000006,47.25,8.875
2021-04-11 11:00:00,18.950000000000006,47.25,8.761719
2021-04-11 12:00:00,18.950000000000006,47.25,9.1640625
2021-04-11 13:00:00,18.950000000000006,47.25,8.628906
2021-04-11 14:00:00,18.950000000000006,47.25,8.71875
2021-04-11 15:00:00,18.950000000000006,47.25,9.15625
2021-04-11 16:00:00,18.950000000000006,47.25,11.9921875
2021-04-11 17:00:00,18.950000000000006,47.25,14.0
2021-04-11 18:00:00,18.950000000000006,47.25,14.46875
2021-04-11 19:00:00,18.950000000000006,47.25,15.8125
2021-04-11 20:00:00,18.950000000000006,47.25,17.367188
2021-04-11 21:00:00,18.950000000000006,47.25,19.875
2021-04-11 22:00:00,18.950000000000006,47.25,18.8125
2021-04-11 23:00:00,18.950000000000006,47.25,17.195312
2021-04-12 00:00:00,18.950000000000006,47.25,15.984375
2021-04-12 01:00:00,18.950000000000006,47.25,14.652344
2021-04-12 02:00:00,18.950000000000006,47.25,14.066406
2021-04-12 03:00:00,18.950000000000006,47.25,14.015625
2021-04-12 04:00:00,18.950000000000006,47.25,15.152344
2021-04-12 05:00:00,18.950000000000006,47.25,16.21875
2021-04-12 06:00:00,18.950000000000006,47.25,16.789062
2021-04-12 07:00:00,18.950000000000006,47.25,17.21875
2021-04-12 08:00:00,18.950000000000006,47.25,16.273438
2021-04-12 09:00:00,18.950000000000006,47.25,14.386719
2021-04-12 10:00:00,18.950000000000006,47.25,12.332031
2021-04-12 11:00:00,18.950000000000006,47.25,11.3125
2021-04-12 12:00:00,18.950000000000006,47.25,10.921875
2021-04-12 13:00:00,18.950000000000006,47.25,11.855469
2021-04-12 14:00:00,18.950000000000006,47.25,12.308594
2021-04-12 15:00:00,18.950000000000006,47.25,11.621094
2021-04-12 16:00:00,18.950000000000006,47.25,11.4765625
2021-04-12 17:00:00,18.950000000000006,47.25,10.699219
2021-04-12 18:00:00,18.950000000000006,47.25,9.8984375
2021-04-12 19:00:00,18.950000000000006,47.25,9.0625
2021-04-12 20:00:00,18.950000000000006,47.25,10.019531
2021-04-12 21:00:00,18.950000000000006,47.25,8.941406
2021-04-12 22:00:00,18.950000000000006,47.25,7.421875
2021-04-12 23:00:00,18.950000000000006,47.25,7.748047
2021-04-13 00:00:00,18.950000000000006,47.25,7.341797
2021-04-13 01:00:00,18.950000000000006,47.25,6.4023438
2021-04-13 02:00:00,18.950000000000006,47.25,5.5078125
2021-04-13 03:00:00,18.950000000000006,47.25,5.3183594
2021-04-13 04:00:00,18.950000000000006,47.25,4.7128906
2021-04-13 05:00:00,18.950000000000006,47.25,4.5839844
2021-04-13 06:00:00,18.950000000000006,47.25,4.8945312
2021-04-13 07:00:00,18.950000000000006,47.25,5.0273438
2021-04-13 08:00:00,18.950000000000006,47.25,5.4804688
2021-04-13 09:00:00,18.950000000000006,47.25,6.390625
2021-04-13 10:00:00,18.950000000000006,47.25,6.0566406
2021-04-13 11:00:00,18.950000000000006,47.25,6.154297
2021-04-13 12:00:00,18.950000000000006,47.25,5.876953
2021-04-13 13:00:00,18.950000000000006,47.25,6.4375
2021-04-13 14:00:00,18.950000000000006,47.25,7.0
2021-04-13 15:00:00,18.950000000000006,47.25,6.734375
2021-04-13 16:00:00,18.950000000000006,47.25,7.40625
2021-04-13 17:00:00,18.950000000000006,47.25,7.3652344
2021-04-13 18:00:00,18.950000000000006,47.25,6.9902344
2021-04-13 19:00:00,18.950000000000006,47.25,6.779297
2021-04-13 20:00:00,18.950000000000006,47.25,6.109375
2021-04-13 21:00:00,18.950000000000006,47.25,5.5625
2021-04-13 22:00:00,18.950000000000006,47.25,4.9316406
2021-04-13 23:00:00,18.950000000000006,47.25,4.6015625
2021-04-14 00:00:00,18.950000000000006,47.25,4.875
2021-04-14 01:00:00,18.950000000000006,47.25,4.9472656
2021-04-14 02:00:00,18.950000000000006,47.25,5.2148438
2021-04-14 03:00:00,18.950000000000006,47.25,5.5703125
2021-04-14 04:00:00,18.950000000000006,47.25,6.265625
2021-04-14 05:00:00,18.950000000000006,47.25,7.361328
2021-04-14 06:00:00,18.950000000000006,47.25,7.716797
2021-04-14 07:00:00,18.950000000000006,47.25,7.3789062
2021-04-14 08:00:00,18.950000000000006,47.25,6.8183594
2021-04-14 09:00:00,18.950000000000006,47.25,6.5839844
2021-04-14 10:00:00,18.950000000000006,47.25,5.8945312
2021-04-14 11:00:00,18.950000000000006,47.25,5.4882812
2021-04-14 12:00:00,18.950000000000006,47.25,5.857422
2021-04-14 13:00:00,18.950000000000006,47.25,6.1660156
2021-04-14 14:00:00,18.950000000000006,47.25,6.6171875
2021-04-14 15:00:00,18.950000000000006,47.25,6.5703125
2021-04-14 16:00:00,18.950000000000006,47.25,7.6992188
2021-04-14 17:00:00,18.950000000000006,47.25,7.736328
2021-04-14 18:00:00,18.950000000000006,47.25,8.128906
2021-04-14 19:00:00,18.950000000000006,47.25,8.703125
2021-04-14 20:00:00,18.950000000000006,47.25,8.691406
2021-04-14 21:00:00,18.950000000000006,47.25,9.042969
2021-04-14 22:00:00,18.950000000000006,47.25,8.707031
2021-04-14 23:00:00,18.950000000000006,47.25,8.5546875
2021-04-15 00:00:00,18.950000000000006,47.25,9.511719
2021-04-15 01:00:00,18.950000000000006,47.25,10.328125
2021-04-15 02:00:00,18.950000000000006,47.25,10.386719
2021-04-15 03:00:00,18.950000000000006,47.25,10.09375
2021-04-15 04:00:00,18.950000000000006,47.25,8.4921875
2021-04-15 05:00:00,18.950000000000006,47.25,10.605469
2021-04-15 06:00:00,18.950000000000006,47.25,9.8984375
2021-04-15 07:00:00,18.950000000000006,47.25,9.25
2021-04-15 08:00:00,18.950000000000006,47.25,9.0625
2021-04-15 09:00:00,18.950000000000006,47.25,8.4296875
2021-04-15 10:00:00,18.950000000000006,47.25,7.5996094
2021-04-15 11:00:00,18.950000000000006,47.25,6.9277344
2021-04-15 12:00:00,18.950000000000006,47.25,6.8398438
2021-04-15 13:00:00,18.950000000000006,47.25,6.814453
2021-04-15 14:00:00,18.950000000000006,47.25,6.5410156
2021-04-15 15:00:00,18.950000000000006,47.25,6.939453
2021-04-15 16:00:00,18.950000000000006,47.25,7.2773438
2021-04-15 17:00:00,18.950000000000006,47.25,7.9570312
2021-04-15 18:00:00,18.950000000000006,47.25,7.9902344
2021-04-15 19:00:00,18.950000000000006,47.25,8.285156
2021-04-15 20:00:00,18.950000000000006,47.25,8.75
2021-04-15 21:00:00,18.950000000000006,47.25,10.78125
2021-04-15 22:00:00,18.950000000000006,47.25,9.566406
2021-04-15 23:00:00,18.950000000000006,47.25,9.1328125
2021-04-16 00:00:00,18.950000000000006,47.25,8.8203125
2021-04-16 01:00:00,18.950000000000006,47.25,8.265625
2021-04-16 02:00:00,18.950000000000006,47.25,8.3125
2021-04-16 03:00:00,18.950000000000006,47.25,8.660156
2021-04-16 04:00:00,18.950000000000006,47.25,9.4375
2021-04-16 05:00:00,18.950000000000006,47.25,9.65625
2021-04-16 06:00:00,18.950000000000006,47.25,9.515625
2021-04-16 07:00:00,18.950000000000006,47.25,8.6015625
2021-04-16 08:00:00,18.950000000000006,47.25,8.050781
2021-04-16 09:00:00,18.950000000000006,47.25,7.8242188
2021-04-16 10:00:00,18.950000000000006,47.25,7.5546875
2021-04-16 11:00:00,18.950000000000006,47.25,7.7890625
2021-04-16 12:00:00,18.950000000000006,47.25,7.8671875
2021-04-16 13:00:00,18.950000000000006,47.25,8.019531
2021-04-16 14:00:00,18.950000000000006,47.25,8.339844
2021-04-16 15:00:00,18.950000000000006,47.25,9.0
2021-04-16 16:00:00,18.950000000000006,47.25,9.824219
2021-04-16 17:00:00,18.950000000000006,47.25,11.0625
2021-04-16 18:00:00,18.950000000000006,47.25,12.5
2021-04-16 19:00:00,18.950000000000006,47.25,13.6328125
2021-04-16 20:00:00,18.950000000000006,47.25,14.683594
2021-04-16 21:00:00,18.950000000000006,47.25,14.472656
2021-04-16 22:00:00,18.950000000000006,47.25,12.746094
2021-04-16 23:00:00,18.950000000000006,47.25,12.035156
2021-04-17 00:00:00,18.950000000000006,47.25,16.929688
2021-04-17 01:00:00,18.950000000000006,47.25,17.539062
2021-04-17 02:00:00,18.950000000000006,47.25,17.898438
2021-04-17 03:00:00,18.950000000000006,47.25,17.804688
2021-04-17 04:00:00,18.950000000000006,47.25,17.664062
2021-04-17 05:00:00,18.950000000000006,47.25,16.945312
2021-04-17 06:00:00,18.950000000000006,47.25,17.75
2021-04-17 07:00:00,18.950000000000006,47.25,17.414062
2021-04-17 08:00:00,18.950000000000006,47.25,14.265625
2021-04-17 09:00:00,18.950000000000006,47.25,13.125
2021-04-17 10:00:00,18.950000000000006,47.25,12.7890625
2021-04-17 11:00:00,18.950000000000006,47.25,11.5859375
2021-04-17 12:00:00,18.950000000000006,47.25,12.378906
2021-04-17 13:00:00,18.950000000000006,47.25,13.25
2021-04-17 14:00:00,18.950000000000006,47.25,13.3984375
2021-04-17 15:00:00,18.950000000000006,47.25,14.8671875
2021-04-17 16:00:00,18.950000000000006,47.25,16.03125
2021-04-17 17:00:00,18.950000000000006,47.25,17.828125
2021-04-17 18:00:00,18.950000000000006,47.25,21.429688
2021-04-17 19:00:00,18.950000000000006,47.25,24.867188
2021-04-17 20:00:00,18.950000000000006,47.25,28.289062
2021-04-17 21:00:00,18.950000000000006,47.25,31.640625
2021-04-17 22:00:00,18.950000000000006,47.25,30.640625
2021-04-17 23:00:00,18.950000000000006,47.25,25.046875
2021-04-18 00:00:00,18.950000000000006,47.25,28.40625
2021-04-18 01:00:00,18.950000000000006,47.25,26.992188
2021-04-18 02:00:00,18.950000000000006,47.25,24.875
2021-04-18 03:00:00,18.950000000000006,47.25,24.5625
2021-04-18 04:00:00,18.950000000000006,47.25,23.3125
2021-04-18 05:00:00,18.950000000000006,47.25,24.0
2021-04-18 06:00:00,18.950000000000006,47.25,23.195312
2021-04-18 07:00:00,18.950000000000006,47.25,22.101562
2021-04-18 08:00:00,18.950000000000006,47.25,20.96875
2021-04-18 09:00:00,18.950000000000006,47.25,17.421875
2021-04-18 10:00:00,18.950000000000006,47.25,15.09375
2021-04-18 11:00:00,18.950000000000006,47.25,14.640625
2021-04-18 12:00:00,18.950000000000006,47.25,13.6796875
2021-04-18 13:00:00,18.950000000000006,47.25,14.089844
2021-04-18 14:00:00,18.950000000000006,47.25,13.6171875
2021-04-18 15:00:00,18.950000000000006,47.25,13.7109375
2021-04-18 16:00:00,18.950000000000006,47.25,14.125
2021-04-18 17:00:00,18.950000000000006,47.25,16.03125
2021-04-18 18:00:00,18.950000000000006,47.25,16.375
2021-04-18 19:00:00,18.950000000000006,47.25,17.78125
2021-04-18 20:00:00,18.950000000000006,47.25,21.742188
2021-04-18 21:00:00,18.950000000000006,47.25,21.3125
2021-04-18 22:00:00,18.950000000000006,47.25,21.3125
2021-04-18 23:00:00,18.950000000000006,47.25,21.25
2021-04-19 00:00:00,18.950000000000006,47.25,22.125
2021-04-19 01:00:00,18.950000000000006,47.25,22.4375
2021-04-19 02:00:00,18.950000000000006,47.25,21.609375
2021-04-19 03:00:00,18.950000000000006,47.25,22.1875
2021-04-19 04:00:00,18.950000000000006,47.25,20.976562
2021-04-19 05:00:00,18.950000000000006,47.25,16.8125
2021-04-19 06:00:00,18.950000000000006,47.25,16.6875
2021-04-19 07:00:00,18.950000000000006,47.25,15.941406
2021-04-19 08:00:00,18.950000000000006,47.25,13.566406
2021-04-19 09:00:00,18.950000000000006,47.25,13.671875
2021-04-19 10:00:00,18.950000000000006,47.25,12.683594
2021-04-19 11:00:00,18.950000000000006,47.25,11.988281
2021-04-19 12:00:00,18.950000000000006,47.25,12.1015625
2021-04-19 13:00:00,18.950000000000006,47.25,11.9921875
2021-04-19 14:00:00,18.950000000000006,47.25,12.371094
2021-04-19 15:00:00,18.950000000000006,47.25,12.4296875
2021-04-19 16:00:00,18.950000000000006,47.25,12.003906
2021-04-19 17:00:00,18.950000000000006,47.25,15.347656
2021-04-19 18:00:00,18.950000000000006,47.25,17.554688
2021-04-19 19:00:00,18.950000000000006,47.25,20.976562
2021-04-19 20:00:00,18.950000000000006,47.25,24.992188
2021-04-19 21:00:00,18.950000000000006,47.25,25.0625
2021-04-19 22:00:00,18.950000000000006,47.25,26.09375
2021-04-19 23:00:00,18.950000000000006,47.25,25.59375
2021-04-20 00:00:00,18.950000000000006,47.25,23.3125
2021-04-20 01:00:00,18.950000000000006,47.25,20.695312
2021-04-20 02:00:00,18.950000000000006,47.25,20.273438
2021-04-20 03:00:00,18.950000000000006,47.25,18.664062
2021-04-20 04:00:00,18.950000000000006,47.25,17.242188
2021-04-20 05:00:00,18.950000000000006,47.25,16.859375
2021-04-20 06:00:00,18.950000000000006,47.25,17.484375
2021-04-20 07:00:00,18.950000000000006,47.25,19.304688
2021-04-20 08:00:00,18.950000000000006,47.25,19.921875
2021-04-20 09:00:00,18.950000000000006,47.25,19.445312
2021-04-20 10:00:00,18.950000000000006,47.25,17.242188
2021-04-20 11:00:00,18.950000000000006,47.25,16.71875
2021-04-20 12:00:00,18.950000000000006,47.25,16.703125
2021-04-20 13:00:00,18.950000000000006,47.25,13.621094
2021-04-20 14:00:00,18.950000000000006,47.25,12.1875
2021-04-20 15:00:00,18.950000000000006,47.25,11.519531
2021-04-20 16:00:00,18.950000000000006,47.25,11.71875
2021-04-20 17:00:00,18.950000000000006,47.25,13.96875
2021-04-20 18:00:00,18.950000000000006,47.25,16.8125
2021-04-20 19:00:00,18.950000000000006,47.25,19.3125
2021-04-20 20:00:00,18.950000000000006,47.25,22.671875
2021-04-20 21:00:00,18.950000000000006,47.25,25.15625
2021-04-20 22:00:00,18.950000000000006,47.25,24.796875
2021-04-20 23:00:00,18.950000000000006,47.25,23.539062
2021-04-21 00:00:00,18.950000000000006,47.25,22.625
2021-04-21 01:00:00,18.950000000000006,47.25,20.0625
2021-04-21 02:00:00,18.950000000000006,47.25,19.03125
2021-04-21 03:00:00,18.950000000000006,47.25,16.710938
2021-04-21 04:00:00,18.950000000000006,47.25,17.398438
2021-04-21 05:00:00,18.950000000000006,47.25,17.429688
2021-04-21 06:00:00,18.950000000000006,47.25,16.578125
2021-04-21 07:00:00,18.950000000000006,47.25,17.53125
2021-04-21 08:00:00,18.950000000000006,47.25,18.59375
2021-04-21 09:00:00,18.950000000000006,47.25,18.929688
2021-04-21 10:00:00,18.950000000000006,47.25,18.835938
2021-04-21 11:00:00,18.950000000000006,47.25,18.195312
2021-04-21 12:00:00,18.950000000000006,47.25,15.359375
2021-04-21 13:00:00,18.950000000000006,47.25,13.265625
2021-04-21 14:00:00,18.950000000000006,47.25,12.363281
2021-04-21 15:00:00,18.950000000000006,47.25,12.6875
2021-04-21 16:00:00,18.950000000000006,47.25,12.2265625
2021-04-21 17:00:00,18.950000000000006,47.25,13.546875
2021-04-21 18:00:00,18.950000000000006,47.25,15.152344
2021-04-21 19:00:00,18.950000000000006,47.25,16.398438
2021-04-21 20:00:00,18.950000000000006,47.25,17.734375
2021-04-21 21:00:00,18.950000000000006,47.25,18.9375
2021-04-21 22:00:00,18.950000000000006,47.25,18.4375
2021-04-21 23:00:00,18.950000000000006,47.25,17.375
2021-04-22 00:00:00,18.950000000000006,47.25,15.9453125
2021-04-22 01:00:00,18.950000000000006,47.25,15.832031
2021-04-22 02:00:00,18.950000000000006,47.25,14.957031
2021-04-22 03:00:00,18.950000000000006,47.25,13.8125
2021-04-22 04:00:00,18.950000000000006,47.25,15.121094
2021-04-22 05:00:00,18.950000000000006,47.25,16.625
2021-04-22 06:00:00,18.950000000000006,47.25,16.742188
2021-04-22 07:00:00,18.950000000000006,47.25,16.6875
2021-04-22 08:00:00,18.950000000000006,47.25,17.664062
2021-04-22 09:00:00,18.950000000000006,47.25,17.023438
2021-04-22 10:00:00,18.950000000000006,47.25,15.089844
2021-04-22 11:00:00,18.950000000000006,47.25,12.921875
2021-04-22 12:00:00,18.950000000000006,47.25,12.761719
2021-04-22 13:00:00,18.950000000000006,47.25,12.6796875
2021-04-22 14:00:00,18.950000000000006,47.25,12.683594
2021-04-22 15:00:00,18.950000000000006,47.25,14.964844
2021-04-22 16:00:00,18.950000000000006,47.25,15.207031
2021-04-22 17:00:00,18.950000000000006,47.25,15.574219
2021-04-22 18:00:00,18.950000000000006,47.25,15.488281
2021-04-22 19:00:00,18.950000000000006,47.25,14.410156
2021-04-22 20:00:00,18.950000000000006,47.25,13.550781
2021-04-22 21:00:00,18.950000000000006,47.25,10.5859375
2021-04-22 22:00:00,18.950000000000006,47.25,8.964844
2021-04-22 23:00:00,18.950000000000006,47.25,10.144531
2021-04-23 00:00:00,18.950000000000006,47.25,9.34375
2021-04-23 01:00:00,18.950000000000006,47.25,9.2265625
2021-04-23 02:00:00,18.950000000000006,47.25,9.3125
2021-04-23 03:00:00,18.950000000000006,47.25,10.953125
2021-04-23 04:00:00,18.950000000000006,47.25,11.0625
2021-04-23 05:00:00,18.950000000000006,47.25,12.300781
2021-04-23 06:00:00,18.950000000000006,47.25,11.058594
2021-04-23 07:00:00,18.950000000000006,47.25,9.949219
2021-04-23 08:00:00,18.950000000000006,47.25,8.871094
2021-04-23 09:00:00,18.950000000000006,47.25,8.953125
2021-04-23 10:00:00,18.950000000000006,47.25,8.8125
2021-04-23 11:00:00,18.950000000000006,47.25,8.222656
2021-04-23 12:00:00,18.950000000000006,47.25,7.2285156
2021-04-23 13:00:00,18.950000000000006,47.25,6.8964844
2021-04-23 14:00:00,18.950000000000006,47.25,7.3203125
2021-04-23 15:00:00,18.950000000000006,47.25,7.3125
2021-04-23 16:00:00,18.950000000000006,47.25,7.9921875
2021-04-23 17:00:00,18.950000000000006,47.25,8.6015625
2021-04-23 18:00:00,18.950000000000006,47.25,10.917969
2021-04-23 19:00:00,18.950000000000006,47.25,14.339844
2021-04-23 20:00:00,18.950000000000006,47.25,15.949219
2021-04-23 21:00:00,18.950000000000006,47.25,15.019531
2021-04-23 22:00:00,18.950000000000006,47.25,11.8515625
2021-04-23 23:00:00,18.950000000000006,47.25,11.421875
2021-04-24 00:00:00,18.950000000000006,47.25,12.402344
2021-04-24 01:00:00,18.950000000000006,47.25,13.203125
2021-04-24 02:00:00,18.950000000000006,47.25,12.746094
2021-04-24 03:00:00,18.950000000000006,47.25,12.613281
2021-04-24 04:00:00,18.950000000000006,47.25,12.113281
2021-04-24 05:00:00,18.950000000000006,47.25,12.265625
2021-04-24 06:00:00,18.950000000000006,47.25,13.34375
2021-04-24 07:00:00,18.950000000000006,47.25,12.910156
2021-04-24 08:00:00,18.950000000000006,47.25,10.964844
2021-04-24 09:00:00,18.950000000000006,47.25,9.605469
2021-04-24 10:00:00,18.950000000000006,47.25,9.730469
2021-04-24 11:00:00,18.950000000000006,47.25,9.3984375
2021-04-24 12:00:00,18.950000000000006,47.25,8.28125
2021-04-24 13:00:00,18.950000000000006,47.25,7.9765625
2021-04-24 14:00:00,18.950000000000006,47.25,7.59375
2021-04-24 15:00:00,18.950000000000006,47.25,7.6503906
2021-04-24 16:00:00,18.950000000000006,47.25,8.097656
2021-04-24 17:00:00,18.950000000000006,47.25,10.6640625
2021-04-24 18:00:00,18.950000000000006,47.25,11.90625
2021-04-24 19:00:00,18.950000000000006,47.25,16.125
2021-04-24 20:00:00,18.950000000000006,47.25,20.1875
2021-04-24 21:00:00,18.950000000000006,47.25,21.890625
2021-04-24 22:00:00,18.950000000000006,47.25,22.796875
2021-04-24 23:00:00,18.950000000000006,47.25,22.742188
2021-04-25 00:00:00,18.950000000000006,47.25,22.585938
2021-04-25 01:00:00,18.950000000000006,47.25,20.09375
2021-04-25 02:00:00,18.950000000000006,47.25,17.3125
2021-04-25 03:00:00,18.950000000000006,47.25,16.765625
2021-04-25 04:00:00,18.950000000000006,47.25,17.367188
2021-04-25 05:00:00,18.950000000000006,47.25,17.601562
2021-04-25 06:00:00,18.950000000000006,47.25,16.015625
2021-04-25 07:00:00,18.950000000000006,47.25,15.9375
2021-04-25 08:00:00,18.950000000000006,47.25,14.2890625
2021-04-25 09:00:00,18.950000000000006,47.25,14.0
2021-04-25 10:00:00,18.950000000000006,47.25,15.2890625
2021-04-25 11:00:00,18.950000000000006,47.25,15.839844
2021-04-25 12:00:00,18.950000000000006,47.25,12.953125
2021-04-25 13:00:00,18.950000000000006,47.25,16.070312
2021-04-25 14:00:00,18.950000000000006,47.25,15.2421875
2021-04-25 15:00:00,18.950000000000006,47.25,14.871094
2021-04-25 16:00:00,18.950000000000006,47.25,13.421875
2021-04-25 17:00:00,18.950000000000006,47.25,14.066406
2021-04-25 18:00:00,18.950000000000006,47.25,12.453125
2021-04-25 19:00:00,18.950000000000006,47.25,13.160156
2021-04-25 20:00:00,18.950000000000006,47.25,12.9140625
2021-04-25 21:00:00,18.950000000000006,47.25,13.6015625
2021-04-25 22:00:00,18.950000000000006,47.25,12.949219
2021-04-25 23:00:00,18.950000000000006,47.25,12.125
2021-04-26 00:00:00,18.950000000000006,47.25,11.0625
2021-04-26 01:00:00,18.950000000000006,47.25,10.261719
2021-04-26 02:00:00,18.950000000000006,47.25,10.355469
2021-04-26 03:00:00,18.950000000000006,47.25,11.152344
2021-04-26 04:00:00,18.950000000000006,47.25,12.25
2021-04-26 05:00:00,18.950000000000006,47.25,14.625
2021-04-26 06:00:00,18.950000000000006,47.25,15.6875
2021-04-26 07:00:00,18.950000000000006,47.25,13.078125
2021-04-26 08:00:00,18.950000000000006,47.25,10.8203125
2021-04-26 09:00:00,18.950000000000006,47.25,9.2734375
2021-04-26 10:00:00,18.950000000000006,47.25,9.0
2021-04-26 11:00:00,18.950000000000006,47.25,8.777344
2021-04-26 12:00:00,18.950000000000006,47.25,9.171875
2021-04-26 13:00:00,18.950000000000006,47.25,10.15625
2021-04-26 14:00:00,18.950000000000006,47.25,10.199219
2021-04-26 15:00:00,18.950000000000006,47.25,10.386719
2021-04-26 16:00:00,18.950000000000006,47.25,10.839844
2021-04-26 17:00:00,18.950000000000006,47.25,11.917969
2021-04-26 18:00:00,18.950000000000006,47.25,14.2265625
2021-04-26 19:00:00,18.950000000000006,47.25,16.789062
2021-04-26 20:00:00,18.950000000000006,47.25,18.4375
2021-04-26 21:00:00,18.950000000000006,47.25,20.953125
2021-04-26 22:00:00,18.950000000000006,47.25,22.171875
2021-04-26 23:00:00,18.950000000000006,47.25,23.53125
2021-04-27 00:00:00,18.950000000000006,47.25,25.234375
2021-04-27 01:00:00,18.950000000000006,47.25,26.085938
2021-04-27 02:00:00,18.950000000000006,47.25,27.390625
2021-04-27 03:00:00,18.950000000000006,47.25,29.296875
2021-04-27 04:00:00,18.950000000000006,47.25,29.398438
2021-04-27 05:00:00,18.950000000000006,47.25,26.09375
2021-04-27 06:00:00,18.950000000000006,47.25,21.578125
2021-04-27 07:00:00,18.950000000000006,47.25,20.703125
2021-04-27 08:00:00,18.950000000000006,47.25,17.1875
2021-04-27 09:00:00,18.950000000000006,47.25,16.742188
2021-04-27 10:00:00,18.950000000000006,47.25,15.246094
2021-04-27 11:00:00,18.950000000000006,47.25,15.722656
2021-04-27 12:00:00,18.950000000000006,47.25,15.097656
2021-04-27 13:00:00,18.950000000000006,47.25,12.472656
2021-04-27 14:00:00,18.950000000000006,47.25,12.3828125
2021-04-27 15:00:00,18.950000000000006,47.25,12.3125
2021-04-27 16:00:00,18.950000000000006,47.25,11.425781
2021-04-27 17:00:00,18.950000000000006,47.25,13.796875
2021-04-27 18:00:00,18.950000000000006,47.25,14.574219
2021-04-27 19:00:00,18.950000000000006,47.25,14.7578125
2021-04-27 20:00:00,18.950000000000006,47.25,15.59375
2021-04-27 21:00:00,18.950000000000006,47.25,15.636719
2021-04-27 22:00:00,18.950000000000006,47.25,16.726562
2021-04-27 23:00:00,18.950000000000006,47.25,16.375
2021-04-28 00:00:00,18.950000000000006,47.25,15.046875
2021-04-28 01:00:00,18.950000000000006,47.25,14.542969
2021-04-28 02:00:00,18.950000000000006,47.25,14.324219
2021-04-28 03:00:00,18.950000000000006,47.25,14.3515625
2021-04-28 04:00:00,18.950000000000006,47.25,14.296875
2021-04-28 05:00:00,18.950000000000006,47.25,14.097656
2021-04-28 06:00:00,18.950000000000006,47.25,14.2421875
2021-04-28 07:00:00,18.950000000000006,47.25,13.40625
2021-04-28 08:00:00,18.950000000000006,47.25,12.96875
2021-04-28 09:00:00,18.950000000000006,47.25,11.7109375
2021-04-28 10:00:00,18.950000000000006,47.25,12.203125
2021-04-28 11:00:00,18.950000000000006,47.25,12.3203125
2021-04-28 12:00:00,18.950000000000006,47.25,11.1953125
2021-04-28 13:00:00,18.950000000000006,47.25,10.5703125
2021-04-28 14:00:00,18.950000000000006,47.25,11.207031
2021-04-28 15:00:00,18.950000000000006,47.25,14.765625
2021-04-28 16:00:00,18.950000000000006,47.25,15.839844
2021-04-28 17:00:00,18.950000000000006,47.25,17.960938
2021-04-28 18:00:00,18.950000000000006,47.25,21.617188
2021-04-28 19:00:00,18.950000000000006,47.25,23.0625
2021-04-28 20:00:00,18.950000000000006,47.25,23.773438
2021-04-28 21:00:00,18.950000000000006,47.25,22.1875
2021-04-28 22:00:00,18.950000000000006,47.25,20.921875
2021-04-28 23:00:00,18.950000000000006,47.25,20.601562
2021-04-29 00:00:00,18.950000000000006,47.25,21.273438
2021-04-29 01:00:00,18.950000000000006,47.25,22.109375
2021-04-29 02:00:00,18.950000000000006,47.25,24.773438
2021-04-29 03:00:00,18.950000000000006,47.25,24.195312
2021-04-29 04:00:00,18.950000000000006,47.25,26.21875
2021-04-29 05:00:00,18.950000000000006,47.25,30.296875
2021-04-29 06:00:00,18.950000000000006,47.25,29.25
2021-04-29 07:00:00,18.950000000000006,47.25,28.46875
2021-04-29 08:00:00,18.950000000000006,47.25,21.835938
2021-04-29 09:00:00,18.950000000000006,47.25,18.164062
2021-04-29 10:00:00,18.950000000000006,47.25,16.328125
2021-04-29 11:00:00,18.950000000000006,47.25,15.785156
2021-04-29 12:00:00,18.950000000000006,47.25,12.675781
2021-04-29 13:00:00,18.950000000000006,47.25,12.269531
2021-04-29 14:00:00,18.950000000000006,47.25,12.839844
2021-04-29 15:00:00,18.950000000000006,47.25,11.855469
2021-04-29 16:00:00,18.950000000000006,47.25,11.246094
2021-04-29 17:00:00,18.950000000000006,47.25,11.3984375
2021-04-29 18:00:00,18.950000000000006,47.25,11.019531
2021-04-29 19:00:00,18.950000000000006,47.25,13.140625
2021-04-29 20:00:00,18.950000000000006,47.25,12.890625
2021-04-29 21:00:00,18.950000000000006,47.25,13.300781
2021-04-29 22:00:00,18.950000000000006,47.25,12.175781
2021-04-29 23:00:00,18.950000000000006,47.25,12.328125
2021-04-30 00:00:00,18.950000000000006,47.25,12.0625
2021-04-30 01:00:00,18.950000000000006,47.25,8.636719
2021-04-30 02:00:00,18.950000000000006,47.25,10.347656
2021-04-30 03:00:00,18.950000000000006,47.25,10.0390625
2021-04-30 04:00:00,18.950000000000006,47.25,9.96875
2021-04-30 05:00:00,18.950000000000006,47.25,11.0
2021-04-30 06:00:00,18.950000000000006,47.25,11.5625
2021-04-30 07:00:00,18.950000000000006,47.25,12.84375
2021-04-30 08:00:00,18.950000000000006,47.25,13.683594
2021-04-30 09:00:00,18.950000000000006,47.25,15.722656
2021-04-30 10:00:00,18.950000000000006,47.25,13.511719
2021-04-30 11:00:00,18.950000000000006,47.25,11.675781
2021-04-30 12:00:00,18.950000000000006,47.25,11.027344
2021-04-30 13:00:00,18.950000000000006,47.25,9.90625
2021-04-30 14:00:00,18.950000000000006,47.25,9.699219
2021-04-30 15:00:00,18.950000000000006,47.25,9.671875
2021-04-30 16:00:00,18.950000000000006,47.25,8.125
2021-04-30 17:00:00,18.950000000000006,47.25,9.171875
2021-04-30 18:00:00,18.950000000000006,47.25,11.1796875
2021-04-30 19:00:00,18.950000000000006,47.25,12.0
2021-04-30 20:00:00,18.950000000000006,47.25,12.8125
2021-04-30 21:00:00,18.950000000000006,47.25,13.21875
2021-04-30 22:00:00,18.950000000000006,47.25,12.1640625
2021-04-30 23:00:00,18.950000000000006,47.25,11.671875
2021-05-01 00:00:00,18.950000000000006,47.25,11.46875
2021-05-01 01:00:00,18.950000000000006,47.25,9.0
2021-05-01 02:00:00,18.950000000000006,47.25,8.3046875
2021-05-01 03:00:00,18.950000000000006,47.25,8.253906
2021-05-01 04:00:00,18.950000000000006,47.25,8.609375
2021-05-01 05:00:00,18.950000000000006,47.25,8.1328125
2021-05-01 06:00:00,18.950000000000006,47.25,7.09375
2021-05-01 07:00:00,18.950000000000006,47.25,7.1679688
2021-05-01 08:00:00,18.950000000000006,47.25,7.234375
2021-05-01 09:00:00,18.950000000000006,47.25,7.921875
2021-05-01 10:00:00,18.950000000000006,47.25,6.7246094
2021-05-01 11:00:00,18.950000000000006,47.25,8.1875
2021-05-01 12:00:00,18.950000000000006,47.25,8.609375
2021-05-01 13:00:00,18.950000000000006,47.25,8.871094
2021-05-01 14:00:00,18.950000000000006,47.25,8.71875
2021-05-01 15:00:00,18.950000000000006,47.25,9.078125
2021-05-01 16:00:00,18.950000000000006,47.25,9.96875
2021-05-01 17:00:00,18.950000000000006,47.25,12.261719
2021-05-01 18:00:00,18.950000000000006,47.25,13.453125
2021-05-01 19:00:00,18.950000000000006,47.25,15.9375
2021-05-01 20:00:00,18.950000000000006,47.25,15.972656
2021-05-01 21:00:00,18.950000000000006,47.25,15.734375
2021-05-01 22:00:00,18.950000000000006,47.25,15.8671875
2021-05-01 23:00:00,18.950000000000006,47.25,15.71875
2021-05-02 00:00:00,18.950000000000006,47.25,14.074219
2021-05-02 01:00:00,18.950000000000006,47.25,14.449219
2021-05-02 02:00:00,18.950000000000006,47.25,14.9921875
2021-05-02 03:00:00,18.950000000000006,47.25,19.742188
2021-05-02 04:00:00,18.950000000000006,47.25,21.359375
2021-05-02 05:00:00,18.950000000000006,47.25,20.820312
2021-05-02 06:00:00,18.950000000000006,47.25,15.53125
2021-05-02 07:00:00,18.950000000000006,47.25,10.5
2021-05-02 08:00:00,18.950000000000006,47.25,8.0625
2021-05-02 09:00:00,18.950000000000006,47.25,7.8867188
2021-05-02 10:00:00,18.950000000000006,47.25,4.3867188
2021-05-02 11:00:00,18.950000000000006,47.25,3.3388672
2021-05-02 12:00:00,18.950000000000006,47.25,3.0283203
2021-05-02 13:00:00,18.950000000000006,47.25,3.446289
2021-05-02 14:00:00,18.950000000000006,47.25,3.4628906
2021-05-02 15:00:00,18.950000000000006,47.25,3.1123047
2021-05-02 16:00:00,18.950000000000006,47.25,3.71875
2021-05-02 17:00:00,18.950000000000006,47.25,4.0859375
2021-05-02 18:00:00,18.950000000000006,47.25,4.3046875
2021-05-02 19:00:00,18.950000000000006,47.25,4.3046875
2021-05-02 20:00:00,18.950000000000006,47.25,4.6757812
2021-05-02 21:00:00,18.950000000000006,47.25,4.9023438
2021-05-02 22:00:00,18.950000000000006,47.25,5.3847656
2021-05-02 23:00:00,18.950000000000006,47.25,5.8183594
2021-05-03 00:00:00,18.950000000000006,47.25,5.9726562
2021-05-03 01:00:00,18.950000000000006,47.25,6.7265625
2021-05-03 02:00:00,18.950000000000006,47.25,6.8671875
2021-05-03 03:00:00,18.950000000000006,47.25,6.6953125
2021-05-03 04:00:00,18.950000000000006,47.25,7.033203
2021-05-03 05:00:00,18.950000000000006,47.25,7.0078125
2021-05-03 06:00:00,18.950000000000006,47.25,7.2753906
2021-05-03 07:00:00,18.950000000000006,47.25,6.953125
2021-05-03 08:00:00,18.950000000000006,47.25,6.5390625
2021-05-03 09:00:00,18.950000000000006,47.25,5.53125
2021-05-03 10:00:00,18.950000000000006,47.25,5.673828
2021-05-03 11:00:00,18.950000000000006,47.25,5.359375
2021-05-03 12:00:00,18.950000000000006,47.25,4.7753906
2021-05-03 13:00:00,18.950000000000006,47.25,5.6933594
2021-05-03 14:00:00,18.950000000000006,47.25,6.0058594
2021-05-03 15:00:00,18.950000000000006,47.25,5.783203
2021-05-03 16:00:00,18.950000000000006,47.25,6.0820312
2021-05-03 17:00:00,18.950000000000006,47.25,7.0546875
2021-05-03 18:00:00,18.950000000000006,47.25,8.144531
2021-05-03 19:00:00,18.950000000000006,47.25,10.1640625
2021-05-03 20:00:00,18.950000000000006,47.25,10.199219
2021-05-03 21:00:00,18.950000000000006,47.25,10.6640625
2021-05-03 22:00:00,18.950000000000006,47.25,11.8203125
2021-05-03 23:00:00,18.950000000000006,47.25,11.6875
2021-05-04 00:00:00,18.950000000000006,47.25,10.6953125
2021-05-04 01:00:00,18.950000000000006,47.25,12.574219
2021-05-04 02:00:00,18.950000000000006,47.25,12.53125
2021-05-04 03:00:00,18.950000000000006,47.25,12.71875
2021-05-04 04:00:00,18.950000000000006,47.25,12.125
2021-05-04 05:00:00,18.950000000000006,47.25,11.0703125
2021-05-04 06:00:00,18.950000000000006,47.25,11.40625
2021-05-04 07:00:00,18.950000000000006,47.25,10.71875
2021-05-04 08:00:00,18.950000000000006,47.25,9.2734375
2021-05-04 09:00:00,18.950000000000006,47.25,7.232422
2021-05-04 10:00:00,18.950000000000006,47.25,6.9375
2021-05-04 11:00:00,18.950000000000006,47.25,6.2578125
2021-05-04 12:00:00,18.950000000000006,47.25,6.3066406
2021-05-04 13:00:00,18.950000000000006,47.25,6.3828125
2021-05-04 14:00:00,18.950000000000006,47.25,6.388672
2021-05-04 15:00:00,18.950000000000006,47.25,6.8691406
2021-05-04 16:00:00,18.950000000000006,47.25,6.3222656
2021-05-04 17:00:00,18.950000000000006,47.25,8.566406
2021-05-04 18:00:00,18.950000000000006,47.25,7.3652344
2021-05-04 19:00:00,18.950000000000006,47.25,9.261719
2021-05-04 20:00:00,18.950000000000006,47.25,9.121094
2021-05-04 21:00:00,18.950000000000006,47.25,7.998047
2021-05-04 22:00:00,18.950000000000006,47.25,7.6972656
2021-05-04 23:00:00,18.950000000000006,47.25,6.609375
2021-05-05 00:00:00,18.950000000000006,47.25,5.28125
2021-05-05 01:00:00,18.950000000000006,47.25,5.3125
2021-05-05 02:00:00,18.950000000000006,47.25,5.6171875
2021-05-05 03:00:00,18.950000000000006,47.25,5.6875
2021-05-05 04:00:00,18.950000000000006,47.25,5.6308594
2021-05-05 05:00:00,18.950000000000006,47.25,6.861328
2021-05-05 06:00:00,18.950000000000006,47.25,7.515625
2021-05-05 07:00:00,18.950000000000006,47.25,7.654297
2021-05-05 08:00:00,18.950000000000006,47.25,7.173828
2021-05-05 09:00:00,18.950000000000006,47.25,6.7910156
2021-05-05 10:00:00,18.950000000000006,47.25,6.171875
2021-05-05 11:00:00,18.950000000000006,47.25,5.4746094
2021-05-05 12:00:00,18.950000000000006,47.25,5.9375
2021-05-05 13:00:00,18.950000000000006,47.25,5.4375
2021-05-05 14:00:00,18.950000000000006,47.25,5.859375
2021-05-05 15:00:00,18.950000000000006,47.25,5.9589844
2021-05-05 16:00:00,18.950000000000006,47.25,5.7109375
2021-05-05 17:00:00,18.950000000000006,47.25,4.3554688
2021-05-05 18:00:00,18.950000000000006,47.25,2.256836
2021-05-05 19:00:00,18.950000000000006,47.25,2.5273438
2021-05-05 20:00:00,18.950000000000006,47.25,2.421875
2021-05-05 21:00:00,18.950000000000006,47.25,3.0927734
2021-05-05 22:00:00,18.950000000000006,47.25,3.9365234
2021-05-05 23:00:00,18.950000000000006,47.25,4.34375
2021-05-06 00:00:00,18.950000000000006,47.25,4.1484375
2021-05-06 01:00:00,18.950000000000006,47.25,4.3789062
2021-05-06 02:00:00,18.950000000000006,47.25,3.3798828
2021-05-06 03:00:00,18.950000000000006,47.25,4.2890625
2021-05-06 04:00:00,18.950000000000006,47.25,4.8515625
2021-05-06 05:00:00,18.950000000000006,47.25,4.6503906
2021-05-06 06:00:00,18.950000000000006,47.25,4.5703125
2021-05-06 07:00:00,18.950000000000006,47.25,4.185547
2021-05-06 08:00:00,18.950000000000006,47.25,3.8535156
2021-05-06 09:00:00,18.950000000000006,47.25,3.7148438
2021-05-06 10:00:00,18.950000000000006,47.25,3.1796875
2021-05-06 11:00:00,18.950000000000006,47.25,3.2578125
2021-05-06 12:00:00,18.950000000000006,47.25,3.5732422
2021-05-06 13:00:00,18.950000000000006,47.25,3.5830078
2021-05-06 14:00:00,18.950000000000006,47.25,3.4296875
2021-05-06 15:00:00,18.950000000000006,47.25,3.397461
2021-05-06 16:00:00,18.950000000000006,47.25,3.5673828
2021-05-06 17:00:00,18.950000000000006,47.25,4.5234375
2021-05-06 18:00:00,18.950000000000006,47.25,4.828125
2021-05-06 19:00:00,18.950000000000006,47.25,6.375
2021-05-06 20:00:00,18.950000000000006,47.25,6.6953125
2021-05-06 21:00:00,18.950000000000006,47.25,5.564453
2021-05-06 22:00:00,18.950000000000006,47.25,5.4160156
2021-05-06 23:00:00,18.950000000000006,47.25,5.4765625
2021-05-07 00:00:00,18.950000000000006,47.25,6.2617188
2021-05-07 01:00:00,18.950000000000006,47.25,6.4433594
2021-05-07 02:00:00,18.950000000000006,47.25,7.048828
2021-05-07 03:00:00,18.950000000000006,47.25,8.2265625
2021-05-07 04:00:00,18.950000000000006,47.25,9.707031
2021-05-07 05:00:00,18.950000000000006,47.25,10.796875
2021-05-07 06:00:00,18.950000000000006,47.25,10.34375
2021-05-07 07:00:00,18.950000000000006,47.25,8.800781
2021-05-07 08:00:00,18.950000000000006,47.25,8.121094
2021-05-07 09:00:00,18.950000000000006,47.25,7.2871094
2021-05-07 10:00:00,18.950000000000006,47.25,5.904297
2021-05-07 11:00:00,18.950000000000006,47.25,4.091797
2021-05-07 12:00:00,18.950000000000006,47.25,4.3476562
2021-05-07 13:00:00,18.950000000000006,47.25,4.330078
2021-05-07 14:00:00,18.950000000000006,47.25,3.96875
2021-05-07 15:00:00,18.950000000000006,47.25,4.0214844
2021-05-07 16:00:00,18.950000000000006,47.25,4.734375
2021-05-07 17:00:00,18.950000000000006,47.25,5.5214844
2021-05-07 18:00:00,18.950000000000006,47.25,6.6015625
2021-05-07 19:00:00,18.950000000000006,47.25,7.0371094
2021-05-07 20:00:00,18.950000000000006,47.25,4.9589844
2021-05-07 21:00:00,18.950000000000006,47.25,6.357422
2021-05-07 22:00:00,18.950000000000006,47.25,5.5253906
2021-05-07 23:00:00,18.950000000000006,47.25,5.90625
2021-05-08 00:00:00,18.950000000000006,47.25,6.796875
2021-05-08 01:00:00,18.950000000000006,47.25,6.7460938
2021-05-08 02:00:00,18.950000000000006,47.25,6.421875
2021-05-08 03:00:00,18.950000000000006,47.25,6.1816406
2021-05-08 04:00:00,18.950000000000006,47.25,5.9453125
2021-05-08 05:00:00,18.950000000000006,47.25,6.2890625
2021-05-08 06:00:00,18.950000000000006,47.25,6.4003906
2021-05-08 07:00:00,18.950000000000006,47.25,6.6152344
2021-05-08 08:00:00,18.950000000000006,47.25,6.580078
2021-05-08 09:00:00,18.950000000000006,47.25,5.3554688
2021-05-08 10:00:00,18.950000000000006,47.25,5.0546875
2021-05-08 11:00:00,18.950000000000006,47.25,4.4257812
2021-05-08 12:00:00,18.950000000000006,47.25,4.783203
2021-05-08 13:00:00,18.950000000000006,47.25,4.5976562
2021-05-08 14:00:00,18.950000000000006,47.25,5.263672
2021-05-08 15:00:00,18.950000000000006,47.25,4.984375
2021-05-08 16:00:00,18.950000000000006,47.25,5.125
2021-05-08 17:00:00,18.950000000000006,47.25,6.158203
2021-05-08 18:00:00,18.950000000000006,47.25,6.1132812
2021-05-08 19:00:00,18.950000000000006,47.25,8.3125
2021-05-08 20:00:00,18.950000000000006,47.25,11.03125
2021-05-08 21:00:00,18.950000000000006,47.25,12.050781
2021-05-08 22:00:00,18.950000000000006,47.25,13.1640625
2021-05-08 23:00:00,18.950000000000006,47.25,13.480469
2021-05-09 00:00:00,18.950000000000006,47.25,11.496094
2021-05-09 01:00:00,18.950000000000006,47.25,11.332031
2021-05-09 02:00:00,18.950000000000006,47.25,11.78125
2021-05-09 03:00:00,18.950000000000006,47.25,11.160156
2021-05-09 04:00:00,18.950000000000006,47.25,11.203125
2021-05-09 05:00:00,18.950000000000006,47.25,9.6484375
2021-05-09 06:00:00,18.950000000000006,47.25,8.292969
2021-05-09 07:00:00,18.950000000000006,47.25,6.7617188
2021-05-09 08:00:00,18.950000000000006,47.25,5.4375
2021-05-09 09:00:00,18.950000000000006,47.25,4.8378906
2021-05-09 10:00:00,18.950000000000006,47.25,4.736328
2021-05-09 11:00:00,18.950000000000006,47.25,5.2773438
2021-05-09 12:00:00,18.950000000000006,47.25,6.2246094
2021-05-09 13:00:00,18.950000000000006,47.25,6.3066406
2021-05-09 14:00:00,18.950000000000006,47.25,6.5664062
2021-05-09 15:00:00,18.950000000000006,47.25,6.794922
2021-05-09 16:00:00,18.950000000000006,47.25,7.0839844
2021-05-09 17:00:00,18.950000000000006,47.25,6.2597656
2021-05-09 18:00:00,18.950000000000006,47.25,7.095703
2021-05-09 19:00:00,18.950000000000006,47.25,7.8339844
2021-05-09 20:00:00,18.950000000000006,47.25,8.21875
2021-05-09 21:00:00,18.950000000000006,47.25,7.9121094
2021-05-09 22:00:00,18.950000000000006,47.25,7.234375
2021-05-09 23:00:00,18.950000000000006,47.25,6.8789062
2021-05-10 00:00:00,18.950000000000006,47.25,6.3085938
2021-05-10 01:00:00,18.950000000000006,47.25,5.9160156
2021-05-10 02:00:00,18.950000000000006,47.25,6.0039062
2021-05-10 03:00:00,18.950000000000006,47.25,6.498047
2021-05-10 04:00:00,18.950000000000006,47.25,6.419922
2021-05-10 05:00:00,18.950000000000006,47.25,7.283203
2021-05-10 06:00:00,18.950000000000006,47.25,7.611328
2021-05-10 07:00:00,18.950000000000006,47.25,7.720703
2021-05-10 08:00:00,18.950000000000006,47.25,7.7558594
2021-05-10 09:00:00,18.950000000000006,47.25,7.580078
2021-05-10 10:00:00,18.950000000000006,47.25,9.238281
2021-05-10 11:00:00,18.950000000000006,47.25,8.625
2021-05-10 12:00:00,18.950000000000006,47.25,8.7265625
2021-05-10 13:00:00,18.950000000000006,47.25,7.767578
2021-05-10 14:00:00,18.950000000000006,47.25,7.642578
2021-05-10 15:00:00,18.950000000000006,47.25,7.21875
2021-05-10 16:00:00,18.950000000000006,47.25,7.1347656
2021-05-10 17:00:00,18.950000000000006,47.25,7.65625
2021-05-10 18:00:00,18.950000000000006,47.25,8.21875
2021-05-10 19:00:00,18.950000000000006,47.25,9.09375
2021-05-10 20:00:00,18.950000000000006,47.25,11.855469
2021-05-10 21:00:00,18.950000000000006,47.25,11.84375
2021-05-10 22:00:00,18.950000000000006,47.25,10.722656
2021-05-10 23:00:00,18.950000000000006,47.25,11.25
2021-05-11 00:00:00,18.950000000000006,47.25,12.144531
2021-05-11 01:00:00,18.950000000000006,47.25,12.1875
2021-05-11 02:00:00,18.950000000000006,47.25,12.894531
2021-05-11 03:00:00,18.950000000000006,47.25,12.503906
2021-05-11 04:00:00,18.950000000000006,47.25,9.90625
2021-05-11 05:00:00,18.950000000000006,47.25,9.511719
2021-05-11 06:00:00,18.950000000000006,47.25,10.2421875
2021-05-11 07:00:00,18.950000000000006,47.25,9.902344
2021-05-11 08:00:00,18.950000000000006,47.25,10.207031
2021-05-11 09:00:00,18.950000000000006,47.25,10.910156
2021-05-11 10:00:00,18.950000000000006,47.25,10.609375
2021-05-11 11:00:00,18.950000000000006,47.25,12.1171875
2021-05-11 12:00:00,18.950000000000006,47.25,11.3984375
2021-05-11 13:00:00,18.950000000000006,47.25,9.515625
2021-05-11 14:00:00,18.950000000000006,47.25,11.464844
2021-05-11 15:00:00,18.950000000000006,47.25,13.1796875
2021-05-11 16:00:00,18.950000000000006,47.25,10.7578125
2021-05-11 17:00:00,18.950000000000006,47.25,10.542969
2021-05-11 18:00:00,18.950000000000006,47.25,13.2890625
2021-05-11 19:00:00,18.950000000000006,47.25,12.875
2021-05-11 20:00:00,18.950000000000006,47.25,11.347656
2021-05-11 21:00:00,18.950000000000006,47.25,10.5703125
2021-05-11 22:00:00,18.950000000000006,47.25,8.375
2021-05-11 23:00:00,18.950000000000006,47.25,8.082031
2021-05-12 00:00:00,18.950000000000006,47.25,7.6445312
2021-05-12 01:00:00,18.950000000000006,47.25,7.6210938
2021-05-12 02:00:00,18.950000000000006,47.25,7.9746094
2021-05-12 03:00:00,18.950000000000006,47.25,7.046875
2021-05-12 04:00:00,18.950000000000006,47.25,6.2695312
2021-05-12 05:00:00,18.950000000000006,47.25,6.2558594
2021-05-12 06:00:00,18.950000000000006,47.25,5.8632812
2021-05-12 07:00:00,18.950000000000006,47.25,8.125
2021-05-12 08:00:00,18.950000000000006,47.25,8.890625
2021-05-12 09:00:00,18.950000000000006,47.25,8.5546875
2021-05-12 10:00:00,18.950000000000006,47.25,9.292969
2021-05-12 11:00:00,18.950000000000006,47.25,9.6796875
2021-05-12 12:00:00,18.950000000000006,47.25,9.980469
2021-05-12 13:00:00,18.950000000000006,47.25,10.3515625
2021-05-12 14:00:00,18.950000000000006,47.25,9.6796875
2021-05-12 15:00:00,18.950000000000006,47.25,9.839844
2021-05-12 16:00:00,18.950000000000006,47.25,9.4609375
2021-05-12 17:00:00,18.950000000000006,47.25,8.625
2021-05-12 18:00:00,18.950000000000006,47.25,8.078125
2021-05-12 19:00:00,18.950000000000006,47.25,7.9316406
2021-05-12 20:00:00,18.950000000000006,47.25,8.4140625
2021-05-12 21:00:00,18.950000000000006,47.25,8.316406
2021-05-12 22:00:00,18.950000000000006,47.25,6.28125
2021-05-12 23:00:00,18.950000000000006,47.25,6.205078
2021-05-13 00:00:00,18.950000000000006,47.25,4.953125
2021-05-13 01:00:00,18.950000000000006,47.25,4.875
2021-05-13 02:00:00,18.950000000000006,47.25,5.0390625
2021-05-13 03:00:00,18.950000000000006,47.25,5.486328
2021-05-13 04:00:00,18.950000000000006,47.25,5.5703125
2021-05-13 05:00:00,18.950000000000006,47.25,5.0625
2021-05-13 06:00:00,18.950000000000006,47.25,5.0625
2021-05-13 07:00:00,18.950000000000006,47.25,4.65625
2021-05-13 08:00:00,18.950000000000006,47.25,3.875
2021-05-13 09:00:00,18.950000000000006,47.25,3.805664
2021-05-13 10:00:00,18.950000000000006,47.25,2.828125
2021-05-13 11:00:00,18.950000000000006,47.25,2.4384766
2021-05-13 12:00:00,18.950000000000006,47.25,3.0107422
2021-05-13 13:00:00,18.950000000000006,47.25,3.3935547
2021-05-13 14:00:00,18.950000000000006,47.25,3.086914
2021-05-13 15:00:00,18.950000000000006,47.25,3.2832031
2021-05-13 16:00:00,18.950000000000006,47.25,3.3115234
2021-05-13 17:00:00,18.950000000000006,47.25,3.2197266
2021-05-13 18:00:00,18.950000000000006,47.25,3.4003906
2021-05-13 19:00:00,18.950000000000006,47.25,3.6816406
2021-05-13 20:00:00,18.950000000000006,47.25,3.8496094
2021-05-13 21:00:00,18.950000000000006,47.25,3.2441406
2021-05-13 22:00:00,18.950000000000006,47.25,2.6914062
2021-05-13 23:00:00,18.950000000000006,47.25,2.4238281
2021-05-14 00:00:00,18.950000000000006,47.25,2.4296875
2021-05-14 01:00:00,18.950000000000006,47.25,2.7421875
2021-05-14 02:00:00,18.950000000000006,47.25,2.9765625
2021-05-14 03:00:00,18.950000000000006,47.25,3.0546875
2021-05-14 04:00:00,18.950000000000006,47.25,3.038086
2021-05-14 05:00:00,18.950000000000006,47.25,2.8554688
2021-05-14 06:00:00,18.950000000000006,47.25,2.4804688
2021-05-14 07:00:00,18.950000000000006,47.25,3.0117188
2021-05-14 08:00:00,18.950000000000006,47.25,1.96875
2021-05-14 09:00:00,18.950000000000006,47.25,1.6210938
2021-05-14 10:00:00,18.950000000000006,47.25,2.5908203
2021-05-14 11:00:00,18.950000000000006,47.25,1.7045898
2021-05-14 12:00:00,18.950000000000006,47.25,2.3300781
2021-05-14 13:00:00,18.950000000000006,47.25,2.5703125
2021-05-14 14:00:00,18.950000000000006,47.25,3.2734375
2021-05-14 15:00:00,18.950000000000006,47.25,3.234375
2021-05-14 16:00:00,18.950000000000006,47.25,3.03125
2021-05-14 17:00:00,18.950000000000006,47.25,3.6640625
2021-05-14 18:00:00,18.950000000000006,47.25,4.7246094
2021-05-14 19:00:00,18.950000000000006,47.25,5.5214844
2021-05-14 20:00:00,18.950000000000006,47.25,6.998047
2021-05-14 21:00:00,18.950000000000006,47.25,7.5039062
2021-05-14 22:00:00,18.950000000000006,47.25,7.7285156
2021-05-14 23:00:00,18.950000000000006,47.25,8.167969
2021-05-15 00:00:00,18.950000000000006,47.25,8.121094
2021-05-15 01:00:00,18.950000000000006,47.25,8.078125
2021-05-15 02:00:00,18.950000000000006,47.25,8.1796875
2021-05-15 03:00:00,18.950000000000006,47.25,8.3359375
2021-05-15 04:00:00,18.950000000000006,47.25,8.6015625
2021-05-15 05:00:00,18.950000000000006,47.25,8.855469
2021-05-15 06:00:00,18.950000000000006,47.25,7.5859375
2021-05-15 07:00:00,18.950000000000006,47.25,8.015625
2021-05-15 08:00:00,18.950000000000006,47.25,7.375
2021-05-15 09:00:00,18.950000000000006,47.25,5.919922
2021-05-15 10:00:00,18.950000000000006,47.25,5.171875
2021-05-15 11:00:00,18.950000000000006,47.25,5.2089844
2021-05-15 12:00:00,18.950000000000006,47.25,4.984375
2021-05-15 13:00:00,18.950000000000006,47.25,4.798828
2021-05-15 14:00:00,18.950000000000006,47.25,4.7617188
2021-05-15 15:00:00,18.950000000000006,47.25,4.810547
2021-05-15 16:00:00,18.950000000000006,47.25,4.6660156
2021-05-15 17:00:00,18.950000000000006,47.25,4.4492188
2021-05-15 18:00:00,18.950000000000006,47.25,5.9589844
2021-05-15 19:00:00,18.950000000000006,47.25,7.4296875
2021-05-15 20:00:00,18.950000000000006,47.25,8.574219
2021-05-15 21:00:00,18.950000000000006,47.25,8.6015625
2021-05-15 22:00:00,18.950000000000006,47.25,9.316406
2021-05-15 23:00:00,18.950000000000006,47.25,9.644531
2021-05-16 00:00:00,18.950000000000006,47.25,9.808594
2021-05-16 01:00:00,18.950000000000006,47.25,9.449219
2021-05-16 02:00:00,18.950000000000006,47.25,8.222656
2021-05-16 03:00:00,18.950000000000006,47.25,7.453125
2021-05-16 04:00:00,18.950000000000006,47.25,7.515625
2021-05-16 05:00:00,18.950000000000006,47.25,7.2851562
2021-05-16 06:00:00,18.950000000000006,47.25,6.298828
2021-05-16 07:00:00,18.950000000000006,47.25,5.578125
2021-05-16 08:00:00,18.950000000000006,47.25,5.2382812
2021-05-16 09:00:00,18.950000000000006,47.25,4.7246094
2021-05-16 10:00:00,18.950000000000006,47.25,4.5839844
2021-05-16 11:00:00,18.950000000000006,47.25,3.453125
2021-05-16 12:00:00,18.950000000000006,47.25,2.4199219
2021-05-16 13:00:00,18.950000000000006,47.25,2.7197266
2021-05-16 14:00:00,18.950000000000006,47.25,3.1289062
2021-05-16 15:00:00,18.950000000000006,47.25,2.9638672
2021-05-16 16:00:00,18.950000000000006,47.25,3.618164
2021-05-16 17:00:00,18.950000000000006,47.25,3.9736328
2021-05-16 18:00:00,18.950000000000006,47.25,5.841797
2021-05-16 19:00:00,18.950000000000006,47.25,6.044922
2021-05-16 20:00:00,18.950000000000006,47.25,6.1367188
2021-05-16 21:00:00,18.950000000000006,47.25,6.28125
2021-05-16 22:00:00,18.950000000000006,47.25,5.3339844
2021-05-16 23:00:00,18.950000000000006,47.25,4.7753906
2021-05-17 00:00:00,18.950000000000006,47.25,4.9101562
2021-05-17 01:00:00,18.950000000000006,47.25,5.044922
2021-05-17 02:00:00,18.950000000000006,47.25,5.154297
2021-05-17 03:00:00,18.950000000000006,47.25,4.8359375
2021-05-17 04:00:00,18.950000000000006,47.25,5.0703125
2021-05-17 05:00:00,18.950000000000006,47.25,4.9375
2021-05-17 06:00:00,18.950000000000006,47.25,4.7558594
2021-05-17 07:00:00,18.950000000000006,47.25,4.9785156
2021-05-17 08:00:00,18.950000000000006,47.25,5.5371094
2021-05-17 09:00:00,18.950000000000006,47.25,5.0351562
2021-05-17 10:00:00,18.950000000000006,47.25,4.517578
2021-05-17 11:00:00,18.950000000000006,47.25,4.421875
2021-05-17 12:00:00,18.950000000000006,47.25,3.9267578
2021-05-17 13:00:00,18.950000000000006,47.25,2.5214844
2021-05-17 14:00:00,18.950000000000006,47.25,2.6347656
2021-05-17 15:00:00,18.950000000000006,47.25,2.4033203
2021-05-17 16:00:00,18.950000000000006,47.25,3.4296875
2021-05-17 17:00:00,18.950000000000006,47.25,3.4921875
2021-05-17 18:00:00,18.950000000000006,47.25,3.7207031
2021-05-17 19:00:00,18.950000000000006,47.25,3.7666016
2021-05-17 20:00:00,18.950000000000006,47.25,3.7480469
2021-05-17 21:00:00,18.950000000000006,47.25,3.6582031
2021-05-17 22:00:00,18.950000000000006,47.25,3.8017578
2021-05-17 23:00:00,18.950000000000006,47.25,3.6923828
2021-05-18 00:00:00,18.950000000000006,47.25,3.428711
2021-05-18 01:00:00,18.950000000000006,47.25,2.7226562
2021-05-18 02:00:00,18.950000000000006,47.25,2.1328125
2021-05-18 03:00:00,18.950000000000006,47.25,2.1132812
2021-05-18 04:00:00,18.950000000000006,47.25,2.0576172
2021-05-18 05:00:00,18.950000000000006,47.25,2.118164
2021-05-18 06:00:00,18.950000000000006,47.25,2.3261719
2021-05-18 07:00:00,18.950000000000006,47.25,2.6123047
2021-05-18 08:00:00,18.950000000000006,47.25,3.7636719
2021-05-18 09:00:00,18.950000000000006,47.25,3.1103516
2021-05-18 10:00:00,18.950000000000006,47.25,2.9980469
2021-05-18 11:00:00,18.950000000000006,47.25,3.4814453
2021-05-18 12:00:00,18.950000000000006,47.25,3.6064453
2021-05-18 13:00:00,18.950000000000006,47.25,3.8310547
2021-05-18 14:00:00,18.950000000000006,47.25,3.9667969
2021-05-18 15:00:00,18.950000000000006,47.25,3.828125
2021-05-18 16:00:00,18.950000000000006,47.25,4.091797
2021-05-18 17:00:00,18.950000000000006,47.25,4.59375
2021-05-18 18:00:00,18.950000000000006,47.25,5.013672
2021-05-18 19:00:00,18.950000000000006,47.25,4.9882812
2021-05-18 20:00:00,18.950000000000006,47.25,5.3632812
2021-05-18 21:00:00,18.950000000000006,47.25,5.4003906
2021-05-18 22:00:00,18.950000000000006,47.25,5.3378906
2021-05-18 23:00:00,18.950000000000006,47.25,5.4023438
2021-05-19 00:00:00,18.950000000000006,47.25,5.484375
2021-05-19 01:00:00,18.950000000000006,47.25,5.701172
2021-05-19 02:00:00,18.950000000000006,47.25,5.7304688
2021-05-19 03:00:00,18.950000000000006,47.25,5.716797
2021-05-19 04:00:00,18.950000000000006,47.25,6.34375
2021-05-19 05:00:00,18.950000000000006,47.25,6.75
2021-05-19 06:00:00,18.950000000000006,47.25,7.1054688
2021-05-19 07:00:00,18.950000000000006,47.25,7.654297
2021-05-19 08:00:00,18.950000000000006,47.25,8.015625
2021-05-19 09:00:00,18.950000000000006,47.25,7.8632812
2021-05-19 10:00:00,18.950000000000006,47.25,8.25
2021-05-19 11:00:00,18.950000000000006,47.25,7.2929688
2021-05-19 12:00:00,18.950000000000006,47.25,7.1054688
2021-05-19 13:00:00,18.950000000000006,47.25,7.40625
2021-05-19 14:00:00,18.950000000000006,47.25,7.84375
2021-05-19 15:00:00,18.950000000000006,47.25,7.75
2021-05-19 16:00:00,18.950000000000006,47.25,7.0234375
2021-05-19 17:00:00,18.950000000000006,47.25,7.8515625
2021-05-19 18:00:00,18.950000000000006,47.25,7.7773438
2021-05-19 19:00:00,18.950000000000006,47.25,7.828125
2021-05-19 20:00:00,18.950000000000006,47.25,7.8085938
2021-05-19 21:00:00,18.950000000000006,47.25,8.792969
2021-05-19 22:00:00,18.950000000000006,47.25,7.2226562
2021-05-19 23:00:00,18.950000000000006,47.25,6.310547
2021-05-20 00:00:00,18.950000000000006,47.25,5.7285156
2021-05-20 01:00:00,18.950000000000006,47.25,5.0253906
2021-05-20 02:00:00,18.950000000000006,47.25,5.203125
2021-05-20 03:00:00,18.950000000000006,47.25,4.7910156
2021-05-20 04:00:00,18.950000000000006,47.25,5.7109375
2021-05-20 05:00:00,18.950000000000006,47.25,6.7753906
2021-05-20 06:00:00,18.950000000000006,47.25,7.0
2021-05-20 07:00:00,18.950000000000006,47.25,7.40625
2021-05-20 08:00:00,18.950000000000006,47.25,8.722656
2021-05-20 09:00:00,18.950000000000006,47.25,8.2421875
2021-05-20 10:00:00,18.950000000000006,47.25,7.4003906
2021-05-20 11:00:00,18.950000000000006,47.25,7.328125
2021-05-20 12:00:00,18.950000000000006,47.25,6.6152344
2021-05-20 13:00:00,18.950000000000006,47.25,7.111328
2021-05-20 14:00:00,18.950000000000006,47.25,7.0195312
2021-05-20 15:00:00,18.950000000000006,47.25,6.546875
2021-05-20 16:00:00,18.950000000000006,47.25,6.986328
2021-05-20 17:00:00,18.950000000000006,47.25,6.890625
2021-05-20 18:00:00,18.950000000000006,47.25,6.3183594
2021-05-20 19:00:00,18.950000000000006,47.25,5.8066406
2021-05-20 20:00:00,18.950000000000006,47.25,6.1992188
2021-05-20 21:00:00,18.950000000000006,47.25,7.2265625
2021-05-20 22:00:00,18.950000000000006,47.25,7.5625
2021-05-20 23:00:00,18.950000000000006,47.25,7.6347656
2021-05-21 00:00:00,18.950000000000006,47.25,8.3046875
2021-05-21 01:00:00,18.950000000000006,47.25,8.152344
2021-05-21 02:00:00,18.950000000000006,47.25,8.9296875
2021-05-21 03:00:00,18.950000000000006,47.25,9.199219
2021-05-21 04:00:00,18.950000000000006,47.25,8.265625
2021-05-21 05:00:00,18.950000000000006,47.25,8.574219
2021-05-21 06:00:00,18.950000000000006,47.25,9.546875
2021-05-21 07:00:00,18.950000000000006,47.25,9.3125
2021-05-21 08:00:00,18.950000000000006,47.25,8.875
2021-05-21 09:00:00,18.950000000000006,47.25,6.5722656
2021-05-21 10:00:00,18.950000000000006,47.25,4.4570312
2021-05-21 11:00:00,18.950000000000006,47.25,3.9882812
2021-05-21 12:00:00,18.950000000000006,47.25,3.8095703
2021-05-21 13:00:00,18.950000000000006,47.25,3.5234375
2021-05-21 14:00:00,18.950000000000006,47.25,3.8261719
2021-05-21 15:00:00,18.950000000000006,47.25,4.2421875
2021-05-21 16:00:00,18.950000000000006,47.25,4.4335938
2021-05-21 17:00:00,18.950000000000006,47.25,4.5742188
2021-05-21 18:00:00,18.950000000000006,47.25,5.0234375
2021-05-21 19:00:00,18.950000000000006,47.25,5.6464844
2021-05-21 20:00:00,18.950000000000006,47.25,5.685547
2021-05-21 21:00:00,18.950000000000006,47.25,5.4628906
2021-05-21 22:00:00,18.950000000000006,47.25,4.9882812
2021-05-21 23:00:00,18.950000000000006,47.25,5.0410156
2021-05-22 00:00:00,18.950000000000006,47.25,5.2617188
2021-05-22 01:00:00,18.950000000000006,47.25,5.5664062
2021-05-22 02:00:00,18.950000000000006,47.25,5.0566406
2021-05-22 03:00:00,18.950000000000006,47.25,5.0195312
2021-05-22 04:00:00,18.950000000000006,47.25,5.1660156
2021-05-22 05:00:00,18.950000000000006,47.25,4.3691406
2021-05-22 06:00:00,18.950000000000006,47.25,4.453125
2021-05-22 07:00:00,18.950000000000006,47.25,4.4648438
2021-05-22 08:00:00,18.950000000000006,47.25,4.423828
2021-05-22 09:00:00,18.950000000000006,47.25,4.736328
2021-05-22 10:00:00,18.950000000000006,47.25,4.4492188
2021-05-22 11:00:00,18.950000000000006,47.25,4.3339844
2021-05-22 12:00:00,18.950000000000006,47.25,4.296875
2021-05-22 13:00:00,18.950000000000006,47.25,4.095703
2021-05-22 14:00:00,18.950000000000006,47.25,3.9248047
2021-05-22 15:00:00,18.950000000000006,47.25,4.671875
2021-05-22 16:00:00,18.950000000000006,47.25,5.359375
2021-05-22 17:00:00,18.950000000000006,47.25,4.998047
2021-05-22 18:00:00,18.950000000000006,47.25,6.232422
2021-05-22 19:00:00,18.950000000000006,47.25,6.7441406
2021-05-22 20:00:00,18.950000000000006,47.25,7.1953125
2021-05-22 21:00:00,18.950000000000006,47.25,7.8945312
2021-05-22 22:00:00,18.950000000000006,47.25,8.078125
2021-05-22 23:00:00,18.950000000000006,47.25,7.017578
2021-05-23 00:00:00,18.950000000000006,47.25,6.576172
2021-05-23 01:00:00,18.950000000000006,47.25,6.310547
2021-05-23 02:00:00,18.950000000000006,47.25,6.0
2021-05-23 03:00:00,18.950000000000006,47.25,6.75
2021-05-23 04:00:00,18.950000000000006,47.25,6.671875
2021-05-23 05:00:00,18.950000000000006,47.25,7.703125
2021-05-23 06:00:00,18.950000000000006,47.25,8.0625
2021-05-23 07:00:00,18.950000000000006,47.25,8.1484375
2021-05-23 08:00:00,18.950000000000006,47.25,7.689453
2021-05-23 09:00:00,18.950000000000006,47.25,6.421875
2021-05-23 10:00:00,18.950000000000006,47.25,5.75
2021-05-23 11:00:00,18.950000000000006,47.25,5.408203
2021-05-23 12:00:00,18.950000000000006,47.25,5.8828125
2021-05-23 13:00:00,18.950000000000006,47.25,6.734375
2021-05-23 14:00:00,18.950000000000006,47.25,4.986328
2021-05-23 15:00:00,18.950000000000006,47.25,3.9501953
2021-05-23 16:00:00,18.950000000000006,47.25,3.165039
2021-05-23 17:00:00,18.950000000000006,47.25,3.3769531
2021-05-23 18:00:00,18.950000000000006,47.25,3.5292969
2021-05-23 19:00:00,18.950000000000006,47.25,4.2246094
2021-05-23 20:00:00,18.950000000000006,47.25,4.578125
2021-05-23 21:00:00,18.950000000000006,47.25,4.8203125
2021-05-23 22:00:00,18.950000000000006,47.25,4.6152344
2021-05-23 23:00:00,18.950000000000006,47.25,4.4570312
2021-05-24 00:00:00,18.950000000000006,47.25,4.53125
2021-05-24 01:00:00,18.950000000000006,47.25,4.173828
2021-05-24 02:00:00,18.950000000000006,47.25,4.2851562
2021-05-24 03:00:00,18.950000000000006,47.25,4.3652344
2021-05-24 04:00:00,18.950000000000006,47.25,4.6777344
2021-05-24 05:00:00,18.950000000000006,47.25,5.4433594
2021-05-24 06:00:00,18.950000000000006,47.25,6.283203
2021-05-24 07:00:00,18.950000000000006,47.25,7.154297
2021-05-24 08:00:00,18.950000000000006,47.25,6.671875
2021-05-24 09:00:00,18.950000000000006,47.25,6.0214844
2021-05-24 10:00:00,18.950000000000006,47.25,5.435547
2021-05-24 11:00:00,18.950000000000006,47.25,5.0429688
2021-05-24 12:00:00,18.950000000000006,47.25,3.7226562
2021-05-24 13:00:00,18.950000000000006,47.25,3.8613281
2021-05-24 14:00:00,18.950000000000006,47.25,4.171875
2021-05-24 15:00:00,18.950000000000006,47.25,3.9550781
2021-05-24 16:00:00,18.950000000000006,47.25,3.9052734
2021-05-24 17:00:00,18.950000000000006,47.25,4.4160156
2021-05-24 18:00:00,18.950000000000006,47.25,5.0410156
2021-05-24 19:00:00,18.950000000000006,47.25,5.1289062
2021-05-24 20:00:00,18.950000000000006,47.25,5.0996094
2021-05-24 21:00:00,18.950000000000006,47.25,4.9609375
2021-05-24 22:00:00,18.950000000000006,47.25,4.998047
2021-05-24 23:00:00,18.950000000000006,47.25,5.3046875
2021-05-25 00:00:00,18.950000000000006,47.25,4.8867188
2021-05-25 01:00:00,18.950000000000006,47.25,5.595703
2021-05-25 02:00:00,18.950000000000006,47.25,5.7109375
2021-05-25 03:00:00,18.950000000000006,47.25,5.638672
2021-05-25 04:00:00,18.950000000000006,47.25,6.7128906
2021-05-25 05:00:00,18.950000000000006,47.25,7.279297
2021-05-25 06:00:00,18.950000000000006,47.25,9.921875
2021-05-25 07:00:00,18.950000000000006,47.25,10.6875
2021-05-25 08:00:00,18.950000000000006,47.25,9.6640625
2021-05-25 09:00:00,18.950000000000006,47.25,7.892578
2021-05-25 10:00:00,18.950000000000006,47.25,5.2753906
2021-05-25 11:00:00,18.950000000000006,47.25,4.3828125
2021-05-25 12:00:00,18.950000000000006,47.25,4.8984375
2021-05-25 13:00:00,18.950000000000006,47.25,4.107422
2021-05-25 14:00:00,18.950000000000006,47.25,3.9296875
2021-05-25 15:00:00,18.950000000000006,47.25,3.6123047
2021-05-25 16:00:00,18.950000000000006,47.25,4.0390625
2021-05-25 17:00:00,18.950000000000006,47.25,4.126953
2021-05-25 18:00:00,18.950000000000006,47.25,4.1347656
2021-05-25 19:00:00,18.950000000000006,47.25,4.216797
2021-05-25 20:00:00,18.950000000000006,47.25,4.3828125
2021-05-25 21:00:00,18.950000000000006,47.25,4.6191406
2021-05-25 22:00:00,18.950000000000006,47.25,4.4785156
2021-05-25 23:00:00,18.950000000000006,47.25,4.6445312
2021-05-26 00:00:00,18.950000000000006,47.25,4.6289062
2021-05-26 01:00:00,18.950000000000006,47.25,4.841797
2021-05-26 02:00:00,18.950000000000006,47.25,5.1835938
2021-05-26 03:00:00,18.950000000000006,47.25,5.3710938
2021-05-26 04:00:00,18.950000000000006,47.25,5.6601562
2021-05-26 05:00:00,18.950000000000006,47.25,5.2714844
2021-05-26 06:00:00,18.950000000000006,47.25,5.6914062
2021-05-26 07:00:00,18.950000000000006,47.25,6.5429688
2021-05-26 08:00:00,18.950000000000006,47.25,6.328125
2021-05-26 09:00:00,18.950000000000006,47.25,5.671875
2021-05-26 10:00:00,18.950000000000006,47.25,5.203125
2021-05-26 11:00:00,18.950000000000006,47.25,5.0390625
2021-05-26 12:00:00,18.950000000000006,47.25,4.3867188
2021-05-26 13:00:00,18.950000000000006,47.25,4.794922
2021-05-26 14:00:00,18.950000000000006,47.25,4.8554688
2021-05-26 15:00:00,18.950000000000006,47.25,5.2910156
2021-05-26 16:00:00,18.950000000000006,47.25,5.6328125
2021-05-26 17:00:00,18.950000000000006,47.25,6.234375
2021-05-26 18:00:00,18.950000000000006,47.25,7.0703125
2021-05-26 19:00:00,18.950000000000006,47.25,7.640625
2021-05-26 20:00:00,18.950000000000006,47.25,8.28125
2021-05-26 21:00:00,18.950000000000006,47.25,10.0703125
2021-05-26 22:00:00,18.950000000000006,47.25,9.886719
2021-05-26 23:00:00,18.950000000000006,47.25,8.910156
2021-05-27 00:00:00,18.950000000000006,47.25,9.453125
2021-05-27 01:00:00,18.950000000000006,47.25,9.121094
2021-05-27 02:00:00,18.950000000000006,47.25,8.359375
2021-05-27 03:00:00,18.950000000000006,47.25,9.359375
2021-05-27 04:00:00,18.950000000000006,47.25,8.84375
2021-05-27 05:00:00,18.950000000000006,47.25,9.03125
2021-05-27 06:00:00,18.950000000000006,47.25,8.4375
2021-05-27 07:00:00,18.950000000000006,47.25,8.214844
2021-05-27 08:00:00,18.950000000000006,47.25,8.3359375
2021-05-27 09:00:00,18.950000000000006,47.25,6.388672
2021-05-27 10:00:00,18.950000000000006,47.25,5.8828125
2021-05-27 11:00:00,18.950000000000006,47.25,5.017578
2021-05-27 12:00:00,18.950000000000006,47.25,4.498047
2021-05-27 13:00:00,18.950000000000006,47.25,4.529297
2021-05-27 14:00:00,18.950000000000006,47.25,5.1621094
2021-05-27 15:00:00,18.950000000000006,47.25,4.705078
2021-05-27 16:00:00,18.950000000000006,47.25,4.546875
2021-05-27 17:00:00,18.950000000000006,47.25,5.326172
2021-05-27 18:00:00,18.950000000000006,47.25,5.34375
2021-05-27 19:00:00,18.950000000000006,47.25,5.7382812
2021-05-27 20:00:00,18.950000000000006,47.25,5.453125
2021-05-27 21:00:00,18.950000000000006,47.25,4.966797
2021-05-27 22:00:00,18.950000000000006,47.25,3.5
2021-05-27 23:00:00,18.950000000000006,47.25,2.9902344
2021-05-28 00:00:00,18.950000000000006,47.25,3.578125
2021-05-28 01:00:00,18.950000000000006,47.25,3.4492188
2021-05-28 02:00:00,18.950000000000006,47.25,3.6015625
2021-05-28 03:00:00,18.950000000000006,47.25,4.375
2021-05-28 04:00:00,18.950000000000006,47.25,4.923828
2021-05-28 05:00:00,18.950000000000006,47.25,5.142578
2021-05-28 06:00:00,18.950000000000006,47.25,5.060547
2021-05-28 07:00:00,18.950000000000006,47.25,4.9414062
2021-05-28 08:00:00,18.950000000000006,47.25,4.783203
2021-05-28 09:00:00,18.950000000000006,47.25,4.6640625
2021-05-28 10:00:00,18.950000000000006,47.25,4.595703
2021-05-28 11:00:00,18.950000000000006,47.25,4.267578
2021-05-28 12:00:00,18.950000000000006,47.25,4.2714844
2021-05-28 13:00:00,18.950000000000006,47.25,4.171875
2021-05-28 14:00:00,18.950000000000006,47.25,4.5742188
2021-05-28 15:00:00,18.950000000000006,47.25,4.0996094
2021-05-28 16:00:00,18.950000000000006,47.25,4.4335938
2021-05-28 17:00:00,18.950000000000006,47.25,4.7070312
2021-05-28 18:00:00,18.950000000000006,47.25,4.873047
2021-05-28 19:00:00,18.950000000000006,47.25,6.0839844
2021-05-28 20:00:00,18.950000000000006,47.25,6.859375
2021-05-28 21:00:00,18.950000000000006,47.25,7.6875
2021-05-28 22:00:00,18.950000000000006,47.25,7.0214844
2021-05-28 23:00:00,18.950000000000006,47.25,6.6367188
2021-05-29 00:00:00,18.950000000000006,47.25,6.3808594
2021-05-29 01:00:00,18.950000000000006,47.25,6.908203
2021-05-29 02:00:00,18.950000000000006,47.25,6.609375
2021-05-29 03:00:00,18.950000000000006,47.25,6.658203
2021-05-29 04:00:00,18.950000000000006,47.25,6.888672
2021-05-29 05:00:00,18.950000000000006,47.25,7.40625
2021-05-29 06:00:00,18.950000000000006,47.25,7.6328125
2021-05-29 07:00:00,18.950000000000006,47.25,7.376953
2021-05-29 08:00:00,18.950000000000006,47.25,6.4902344
2021-05-29 09:00:00,18.950000000000006,47.25,5.482422
2021-05-29 10:00:00,18.950000000000006,47.25,5.123047
2021-05-29 11:00:00,18.950000000000006,47.25,4.2871094
2021-05-29 12:00:00,18.950000000000006,47.25,4.5527344
2021-05-29 13:00:00,18.950000000000006,47.25,4.8242188
2021-05-29 14:00:00,18.950000000000006,47.25,5.279297
2021-05-29 15:00:00,18.950000000000006,47.25,5.2070312
2021-05-29 16:00:00,18.950000000000006,47.25,4.7871094
2021-05-29 17:00:00,18.950000000000006,47.25,5.171875
2021-05-29 18:00:00,18.950000000000006,47.25,5.21875
2021-05-29 19:00:00,18.950000000000006,47.25,5.8125
2021-05-29 20:00:00,18.950000000000006,47.25,5.9648438
2021-05-29 21:00:00,18.950000000000006,47.25,5.453125
2021-05-29 22:00:00,18.950000000000006,47.25,5.4628906
2021-05-29 23:00:00,18.950000000000006,47.25,5.484375
2021-05-30 00:00:00,18.950000000000006,47.25,5.2597656
2021-05-30 01:00:00,18.950000000000006,47.25,4.951172
2021-05-30 02:00:00,18.950000000000006,47.25,4.890625
2021-05-30 03:00:00,18.950000000000006,47.25,4.9101562
2021-05-30 04:00:00,18.950000000000006,47.25,5.2226562
2021-05-30 05:00:00,18.950000000000006,47.25,5.4785156
2021-05-30 06:00:00,18.950000000000006,47.25,5.748047
2021-05-30 07:00:00,18.950000000000006,47.25,5.845703
2021-05-30 08:00:00,18.950000000000006,47.25,5.3183594
2021-05-30 09:00:00,18.950000000000006,47.25,5.232422
2021-05-30 10:00:00,18.950000000000006,47.25,4.84375
2021-05-30 11:00:00,18.950000000000006,47.25,5.3691406
2021-05-30 12:00:00,18.950000000000006,47.25,5.611328
2021-05-30 13:00:00,18.950000000000006,47.25,5.2910156
2021-05-30 14:00:00,18.950000000000006,47.25,4.9609375
2021-05-30 15:00:00,18.950000000000006,47.25,5.126953
2021-05-30 16:00:00,18.950000000000006,47.25,5.013672
2021-05-30 17:00:00,18.950000000000006,47.25,5.6132812
2021-05-30 18:00:00,18.950000000000006,47.25,6.5625
2021-05-30 19:00:00,18.950000000000006,47.25,7.1132812
2021-05-30 20:00:00,18.950000000000006,47.25,8.40625
2021-05-30 21:00:00,18.950000000000006,47.25,7.625
2021-05-30 22:00:00,18.950000000000006,47.25,7.642578
2021-05-30 23:00:00,18.950000000000006,47.25,7.466797
2021-05-31 00:00:00,18.950000000000006,47.25,7.638672
2021-05-31 01:00:00,18.950000000000006,47.25,8.28125
2021-05-31 02:00:00,18.950000000000006,47.25,8.0625
2021-05-31 03:00:00,18.950000000000006,47.25,7.8847656
2021-05-31 04:00:00,18.950000000000006,47.25,8.125
2021-05-31 05:00:00,18.950000000000006,47.25,9.125
2021-05-31 06:00:00,18.950000000000006,47.25,9.449219
2021-05-31 07:00:00,18.950000000000006,47.25,8.6328125
2021-05-31 08:00:00,18.950000000000006,47.25,7.826172
2021-05-31 09:00:00,18.950000000000006,47.25,7.1171875
2021-05-31 10:00:00,18.950000000000006,47.25,7.0664062
2021-05-31 11:00:00,18.950000000000006,47.25,5.609375
2021-05-31 12:00:00,18.950000000000006,47.25,5.2148438
2021-05-31 13:00:00,18.950000000000006,47.25,5.5429688
2021-05-31 14:00:00,18.950000000000006,47.25,5.314453
2021-05-31 15:00:00,18.950000000000006,47.25,4.5273438
2021-05-31 16:00:00,18.950000000000006,47.25,5.201172
2021-05-31 17:00:00,18.950000000000006,47.25,5.326172
2021-05-31 18:00:00,18.950000000000006,47.25,6.375
2021-05-31 19:00:00,18.950000000000006,47.25,8.015625
2021-05-31 20:00:00,18.950000000000006,47.25,10.03125
2021-05-31 21:00:00,18.950000000000006,47.25,10.261719
2021-05-31 22:00:00,18.950000000000006,47.25,9.121094
2021-05-31 23:00:00,18.950000000000006,47.25,9.1875
2021-06-01 00:00:00,18.950000000000006,47.25,8.746094
2021-06-01 01:00:00,18.950000000000006,47.25,8.855469
2021-06-01 02:00:00,18.950000000000006,47.25,9.214844
2021-06-01 03:00:00,18.950000000000006,47.25,9.214844
2021-06-01 04:00:00,18.950000000000006,47.25,9.53125
2021-06-01 05:00:00,18.950000000000006,47.25,10.003906
2021-06-01 06:00:00,18.950000000000006,47.25,10.417969
2021-06-01 07:00:00,18.950000000000006,47.25,8.785156
2021-06-01 08:00:00,18.950000000000006,47.25,7.0625
2021-06-01 09:00:00,18.950000000000006,47.25,6.4296875
2021-06-01 10:00:00,18.950000000000006,47.25,6.3945312
2021-06-01 11:00:00,18.950000000000006,47.25,6.4941406
2021-06-01 12:00:00,18.950000000000006,47.25,6.4433594
2021-06-01 13:00:00,18.950000000000006,47.25,5.7714844
2021-06-01 14:00:00,18.950000000000006,47.25,5.919922
2021-06-01 15:00:00,18.950000000000006,47.25,5.919922
2021-06-01 16:00:00,18.950000000000006,47.25,6.017578
2021-06-01 17:00:00,18.950000000000006,47.25,6.734375
2021-06-01 18:00:00,18.950000000000006,47.25,7.845703
2021-06-01 19:00:00,18.950000000000006,47.25,9.996094
2021-06-01 20:00:00,18.950000000000006,47.25,11.667969
2021-06-01 21:00:00,18.950000000000006,47.25,12.9921875
2021-06-01 22:00:00,18.950000000000006,47.25,12.824219
2021-06-01 23:00:00,18.950000000000006,47.25,11.1484375
2021-06-02 00:00:00,18.950000000000006,47.25,9.859375
2021-06-02 01:00:00,18.950000000000006,47.25,9.761719
2021-06-02 02:00:00,18.950000000000006,47.25,9.472656
2021-06-02 03:00:00,18.950000000000006,47.25,9.394531
2021-06-02 04:00:00,18.950000000000006,47.25,9.753906
2021-06-02 05:00:00,18.950000000000006,47.25,10.8125
2021-06-02 06:00:00,18.950000000000006,47.25,10.75
2021-06-02 07:00:00,18.950000000000006,47.25,10.582031
2021-06-02 08:00:00,18.950000000000006,47.25,8.910156
2021-06-02 09:00:00,18.950000000000006,47.25,7.9375
2021-06-02 10:00:00,18.950000000000006,47.25,8.1875
2021-06-02 11:00:00,18.950000000000006,47.25,7.6992188
2021-06-02 12:00:00,18.950000000000006,47.25,7.982422
2021-06-02 13:00:00,18.950000000000006,47.25,8.5234375
2021-06-02 14:00:00,18.950000000000006,47.25,8.464844
2021-06-02 15:00:00,18.950000000000006,47.25,9.136719
2021-06-02 16:00:00,18.950000000000006,47.25,9.027344
2021-06-02 17:00:00,18.950000000000006,47.25,8.933594
2021-06-02 18:00:00,18.950000000000006,47.25,10.042969
2021-06-02 19:00:00,18.950000000000006,47.25,11.03125
2021-06-02 20:00:00,18.950000000000006,47.25,12.453125
2021-06-02 21:00:00,18.950000000000006,47.25,13.1875
2021-06-02 22:00:00,18.950000000000006,47.25,10.8671875
2021-06-02 23:00:00,18.950000000000006,47.25,10.1875
2021-06-03 00:00:00,18.950000000000006,47.25,9.292969
2021-06-03 01:00:00,18.950000000000006,47.25,7.5820312
2021-06-03 02:00:00,18.950000000000006,47.25,8.8125
2021-06-03 03:00:00,18.950000000000006,47.25,9.347656
2021-06-03 04:00:00,18.950000000000006,47.25,11.019531
2021-06-03 05:00:00,18.950000000000006,47.25,10.875
2021-06-03 06:00:00,18.950000000000006,47.25,11.371094
2021-06-03 07:00:00,18.950000000000006,47.25,11.4921875
2021-06-03 08:00:00,18.950000000000006,47.25,10.1953125
2021-06-03 09:00:00,18.950000000000006,47.25,8.917969
2021-06-03 10:00:00,18.950000000000006,47.25,9.125
2021-06-03 11:00:00,18.950000000000006,47.25,9.6015625
2021-06-03 12:00:00,18.950000000000006,47.25,9.878906
2021-06-03 13:00:00,18.950000000000006,47.25,10.40625
2021-06-03 14:00:00,18.950000000000006,47.25,9.8515625
2021-06-03 15:00:00,18.950000000000006,47.25,9.5625
2021-06-03 16:00:00,18.950000000000006,47.25,8.90625
2021-06-03 17:00:00,18.950000000000006,47.25,9.34375
2021-06-03 18:00:00,18.950000000000006,47.25,10.03125
2021-06-03 19:00:00,18.950000000000006,47.25,12.1875
2021-06-03 20:00:00,18.950000000000006,47.25,14.796875
2021-06-03 21:00:00,18.950000000000006,47.25,16.757812
2021-06-03 22:00:00,18.950000000000006,47.25,17.335938
2021-06-03 23:00:00,18.950000000000006,47.25,17.304688
2021-06-04 00:00:00,18.950000000000006,47.25,18.65625
2021-06-04 01:00:00,18.950000000000006,47.25,17.015625
2021-06-04 02:00:00,18.950000000000006,47.25,17.820312
2021-06-04 03:00:00,18.950000000000006,47.25,17.40625
2021-06-04 04:00:00,18.950000000000006,47.25,16.59375
2021-06-04 05:00:00,18.950000000000006,47.25,18.1875
2021-06-04 06:00:00,18.950000000000006,47.25,16.40625
2021-06-04 07:00:00,18.950000000000006,47.25,15.253906
2021-06-04 08:00:00,18.950000000000006,47.25,14.5859375
2021-06-04 09:00:00,18.950000000000006,47.25,12.28125
2021-06-04 10:00:00,18.950000000000006,47.25,12.527344
2021-06-04 11:00:00,18.950000000000006,47.25,11.964844
2021-06-04 12:00:00,18.950000000000006,47.25,10.984375
2021-06-04 13:00:00,18.950000000000006,47.25,10.4296875
2021-06-04 14:00:00,18.950000000000006,47.25,10.457031
2021-06-04 15:00:00,18.950000000000006,47.25,10.613281
2021-06-04 16:00:00,18.950000000000006,47.25,10.875
2021-06-04 17:00:00,18.950000000000006,47.25,11.238281
2021-06-04 18:00:00,18.950000000000006,47.25,11.75
2021-06-04 19:00:00,18.950000000000006,47.25,13.4296875
2021-06-04 20:00:00,18.950000000000006,47.25,14.28125
2021-06-04 21:00:00,18.950000000000006,47.25,14.7421875
2021-06-04 22:00:00,18.950000000000006,47.25,14.6640625
2021-06-04 23:00:00,18.950000000000006,47.25,13.140625
2021-06-05 00:00:00,18.950000000000006,47.25,12.3125
2021-06-05 01:00:00,18.950000000000006,47.25,12.1171875
2021-06-05 02:00:00,18.950000000000006,47.25,12.035156
2021-06-05 03:00:00,18.950000000000006,47.25,12.46875
2021-06-05 04:00:00,18.950000000000006,47.25,11.675781
2021-06-05 05:00:00,18.950000000000006,47.25,9.097656
2021-06-05 06:00:00,18.950000000000006,47.25,10.175781
2021-06-05 07:00:00,18.950000000000006,47.25,10.949219
2021-06-05 08:00:00,18.950000000000006,47.25,9.566406
2021-06-05 09:00:00,18.950000000000006,47.25,8.621094
2021-06-05 10:00:00,18.950000000000006,47.25,9.667969
2021-06-05 11:00:00,18.950000000000006,47.25,9.949219
2021-06-05 12:00:00,18.950000000000006,47.25,9.207031
2021-06-05 13:00:00,18.950000000000006,47.25,9.074219
2021-06-05 14:00:00,18.950000000000006,47.25,9.113281
2021-06-05 15:00:00,18.950000000000006,47.25,10.175781
2021-06-05 16:00:00,18.950000000000006,47.25,11.1171875
2021-06-05 17:00:00,18.950000000000006,47.25,13.5
2021-06-05 18:00:00,18.950000000000006,47.25,13.3984375
2021-06-05 19:00:00,18.950000000000006,47.25,14.71875
2021-06-05 20:00:00,18.950000000000006,47.25,15.3125
2021-06-05 21:00:00,18.950000000000006,47.25,14.738281
2021-06-05 22:00:00,18.950000000000006,47.25,14.261719
2021-06-05 23:00:00,18.950000000000006,47.25,11.652344
2021-06-06 00:00:00,18.950000000000006,47.25,12.8359375
2021-06-06 01:00:00,18.950000000000006,47.25,10.4296875
2021-06-06 02:00:00,18.950000000000006,47.25,9.082031
2021-06-06 03:00:00,18.950000000000006,47.25,8.386719
2021-06-06 04:00:00,18.950000000000006,47.25,9.3046875
2021-06-06 05:00:00,18.950000000000006,47.25,10.921875
2021-06-06 06:00:00,18.950000000000006,47.25,10.691406
2021-06-06 07:00:00,18.950000000000006,47.25,9.3984375
2021-06-06 08:00:00,18.950000000000006,47.25,9.84375
2021-06-06 09:00:00,18.950000000000006,47.25,9.105469
2021-06-06 10:00:00,18.950000000000006,47.25,9.941406
2021-06-06 11:00:00,18.950000000000006,47.25,11.2265625
2021-06-06 12:00:00,18.950000000000006,47.25,12.417969
2021-06-06 13:00:00,18.950000000000006,47.25,12.0625
2021-06-06 14:00:00,18.950000000000006,47.25,12.4609375
2021-06-06 15:00:00,18.950000000000006,47.25,12.082031
2021-06-06 16:00:00,18.950000000000006,47.25,12.605469
2021-06-06 17:00:00,18.950000000000006,47.25,12.34375
2021-06-06 18:00:00,18.950000000000006,47.25,11.503906
2021-06-06 19:00:00,18.950000000000006,47.25,13.1953125
2021-06-06 20:00:00,18.950000000000006,47.25,13.238281
2021-06-06 21:00:00,18.950000000000006,47.25,14.128906
2021-06-06 22:00:00,18.950000000000006,47.25,17.484375
2021-06-06 23:00:00,18.950000000000006,47.25,15.425781
2021-06-07 00:00:00,18.950000000000006,47.25,14.7109375
2021-06-07 01:00:00,18.950000000000006,47.25,16.257812
2021-06-07 02:00:00,18.950000000000006,47.25,16.335938
2021-06-07 03:00:00,18.950000000000006,47.25,14.59375
2021-06-07 04:00:00,18.950000000000006,47.25,14.21875
2021-06-07 05:00:00,18.950000000000006,47.25,14.46875
2021-06-07 06:00:00,18.950000000000006,47.25,13.375
2021-06-07 07:00:00,18.950000000000006,47.25,12.894531
2021-06-07 08:00:00,18.950000000000006,47.25,12.625
2021-06-07 09:00:00,18.950000000000006,47.25,12.199219
2021-06-07 10:00:00,18.950000000000006,47.25,11.546875
2021-06-07 11:00:00,18.950000000000006,47.25,12.511719
2021-06-07 12:00:00,18.950000000000006,47.25,11.5078125
2021-06-07 13:00:00,18.950000000000006,47.25,11.441406
2021-06-07 14:00:00,18.950000000000006,47.25,11.636719
2021-06-07 15:00:00,18.950000000000006,47.25,12.558594
2021-06-07 16:00:00,18.950000000000006,47.25,12.933594
2021-06-07 17:00:00,18.950000000000006,47.25,13.3046875
2021-06-07 18:00:00,18.950000000000006,47.25,14.675781
2021-06-07 19:00:00,18.950000000000006,47.25,15.222656
2021-06-07 20:00:00,18.950000000000006,47.25,15.4453125
2021-06-07 21:00:00,18.950000000000006,47.25,16.5
2021-06-07 22:00:00,18.950000000000006,47.25,17.15625
2021-06-07 23:00:00,18.950000000000006,47.25,17.039062
2021-06-08 00:00:00,18.950000000000006,47.25,19.210938
2021-06-08 01:00:00,18.950000000000006,47.25,16.804688
2021-06-08 02:00:00,18.950000000000006,47.25,16.375
2021-06-08 03:00:00,18.950000000000006,47.25,15.6953125
2021-06-08 04:00:00,18.950000000000006,47.25,13.605469
2021-06-08 05:00:00,18.950000000000006,47.25,13.128906
2021-06-08 06:00:00,18.950000000000006,47.25,14.2890625
2021-06-08 07:00:00,18.950000000000006,47.25,13.800781
2021-06-08 08:00:00,18.950000000000006,47.25,12.84375
2021-06-08 09:00:00,18.950000000000006,47.25,12.90625
2021-06-08 10:00:00,18.950000000000006,47.25,12.144531
2021-06-08 11:00:00,18.950000000000006,47.25,11.503906
2021-06-08 12:00:00,18.950000000000006,47.25,10.9453125
2021-06-08 13:00:00,18.950000000000006,47.25,10.363281
2021-06-08 14:00:00,18.950000000000006,47.25,10.9140625
2021-06-08 15:00:00,18.950000000000006,47.25,10.863281
2021-06-08 16:00:00,18.950000000000006,47.25,10.832031
2021-06-08 17:00:00,18.950000000000006,47.25,11.9765625
2021-06-08 18:00:00,18.950000000000006,47.25,12.128906
2021-06-08 19:00:00,18.950000000000006,47.25,14.1484375
2021-06-08 20:00:00,18.950000000000006,47.25,15.027344
2021-06-08 21:00:00,18.950000000000006,47.25,15.46875
2021-06-08 22:00:00,18.950000000000006,47.25,15.097656
2021-06-08 23:00:00,18.950000000000006,47.25,15.203125
2021-06-09 00:00:00,18.950000000000006,47.25,16.25
2021-06-09 01:00:00,18.950000000000006,47.25,15.515625
2021-06-09 02:00:00,18.950000000000006,47.25,16.578125
2021-06-09 03:00:00,18.950000000000006,47.25,17.1875
2021-06-09 04:00:00,18.950000000000006,47.25,15.589844
2021-06-09 05:00:00,18.950000000000006,47.25,16.9375
2021-06-09 06:00:00,18.950000000000006,47.25,17.914062
2021-06-09 07:00:00,18.950000000000006,47.25,19.117188
2021-06-09 08:00:00,18.950000000000006,47.25,16.070312
2021-06-09 09:00:00,18.950000000000006,47.25,15.3203125
2021-06-09 10:00:00,18.950000000000006,47.25,13.5625
2021-06-09 11:00:00,18.950000000000006,47.25,14.53125
2021-06-09 12:00:00,18.950000000000006,47.25,14.4921875
2021-06-09 13:00:00,18.950000000000006,47.25,15.464844
2021-06-09 14:00:00,18.950000000000006,47.25,15.542969
2021-06-09 15:00:00,18.950000000000006,47.25,15.21875
2021-06-09 16:00:00,18.950000000000006,47.25,14.6875
2021-06-09 17:00:00,18.950000000000006,47.25,14.828125
2021-06-09 18:00:00,18.950000000000006,47.25,15.2421875
2021-06-09 19:00:00,18.950000000000006,47.25,16.445312
2021-06-09 20:00:00,18.950000000000006,47.25,17.929688
2021-06-09 21:00:00,18.950000000000006,47.25,17.328125
2021-06-09 22:00:00,18.950000000000006,47.25,16.617188
2021-06-09 23:00:00,18.950000000000006,47.25,14.75
2021-06-10 00:00:00,18.950000000000006,47.25,15.222656
2021-06-10 01:00:00,18.950000000000006,47.25,15.238281
2021-06-10 02:00:00,18.950000000000006,47.25,16.601562
2021-06-10 03:00:00,18.950000000000006,47.25,15.65625
2021-06-10 04:00:00,18.950000000000006,47.25,13.6015625
2021-06-10 05:00:00,18.950000000000006,47.25,12.9453125
2021-06-10 06:00:00,18.950000000000006,47.25,14.0
2021-06-10 07:00:00,18.950000000000006,47.25,13.171875
2021-06-10 08:00:00,18.950000000000006,47.25,12.8125
2021-06-10 09:00:00,18.950000000000006,47.25,11.5859375
2021-06-10 10:00:00,18.950000000000006,47.25,11.09375
2021-06-10 11:00:00,18.950000000000006,47.25,11.1875
2021-06-10 12:00:00,18.950000000000006,47.25,11.71875
2021-06-10 13:00:00,18.950000000000006,47.25,11.609375
2021-06-10 14:00:00,18.950000000000006,47.25,10.328125
2021-06-10 15:00:00,18.950000000000006,47.25,9.371094
2021-06-10 16:00:00,18.950000000000006,47.25,10.4375
2021-06-10 17:00:00,18.950000000000006,47.25,9.878906
2021-06-10 18:00:00,18.950000000000006,47.25,10.953125
2021-06-10 19:00:00,18.950000000000006,47.25,10.542969
2021-06-10 20:00:00,18.950000000000006,47.25,14.828125
2021-06-10 21:00:00,18.950000000000006,47.25,15.652344
2021-06-10 22:00:00,18.950000000000006,47.25,14.238281
2021-06-10 23:00:00,18.950000000000006,47.25,13.875
2021-06-11 00:00:00,18.950000000000006,47.25,13.78125
2021-06-11 01:00:00,18.950000000000006,47.25,13.71875
2021-06-11 02:00:00,18.950000000000006,47.25,12.40625
2021-06-11 03:00:00,18.950000000000006,47.25,12.296875
2021-06-11 04:00:00,18.950000000000006,47.25,12.9453125
2021-06-11 05:00:00,18.950000000000006,47.25,13.1875
2021-06-11 06:00:00,18.950000000000006,47.25,13.402344
2021-06-11 07:00:00,18.950000000000006,47.25,11.730469
2021-06-11 08:00:00,18.950000000000006,47.25,12.2734375
2021-06-11 09:00:00,18.950000000000006,47.25,11.546875
2021-06-11 10:00:00,18.950000000000006,47.25,10.777344
2021-06-11 11:00:00,18.950000000000006,47.25,10.582031
2021-06-11 12:00:00,18.950000000000006,47.25,9.847656
2021-06-11 13:00:00,18.950000000000006,47.25,9.378906
2021-06-11 14:00:00,18.950000000000006,47.25,9.328125
2021-06-11 15:00:00,18.950000000000006,47.25,9.410156
2021-06-11 16:00:00,18.950000000000006,47.25,9.171875
2021-06-11 17:00:00,18.950000000000006,47.25,9.832031
2021-06-11 18:00:00,18.950000000000006,47.25,10.707031
2021-06-11 19:00:00,18.950000000000006,47.25,10.949219
2021-06-11 20:00:00,18.950000000000006,47.25,11.292969
2021-06-11 21:00:00,18.950000000000006,47.25,11.015625
2021-06-11 22:00:00,18.950000000000006,47.25,9.78125
2021-06-11 23:00:00,18.950000000000006,47.25,10.042969
2021-06-12 00:00:00,18.950000000000006,47.25,9.730469
2021-06-12 01:00:00,18.950000000000006,47.25,9.1015625
2021-06-12 02:00:00,18.950000000000006,47.25,8.6328125
2021-06-12 03:00:00,18.950000000000006,47.25,8.996094
2021-06-12 04:00:00,18.950000000000006,47.25,9.558594
2021-06-12 05:00:00,18.950000000000006,47.25,10.097656
2021-06-12 06:00:00,18.950000000000006,47.25,10.238281
2021-06-12 07:00:00,18.950000000000006,47.25,10.667969
2021-06-12 08:00:00,18.950000000000006,47.25,10.21875
2021-06-12 09:00:00,18.950000000000006,47.25,8.84375
2021-06-12 10:00:00,18.950000000000006,47.25,9.1484375
2021-06-12 11:00:00,18.950000000000006,47.25,9.753906
2021-06-12 12:00:00,18.950000000000006,47.25,10.597656
2021-06-12 13:00:00,18.950000000000006,47.25,10.878906
2021-06-12 14:00:00,18.950000000000006,47.25,10.953125
2021-06-12 15:00:00,18.950000000000006,47.25,10.8515625
2021-06-12 16:00:00,18.950000000000006,47.25,10.597656
2021-06-12 17:00:00,18.950000000000006,47.25,11.207031
2021-06-12 18:00:00,18.950000000000006,47.25,10.1015625
2021-06-12 19:00:00,18.950000000000006,47.25,10.269531
2021-06-12 20:00:00,18.950000000000006,47.25,10.0625
2021-06-12 21:00:00,18.950000000000006,47.25,9.144531
2021-06-12 22:00:00,18.950000000000006,47.25,10.1171875
2021-06-12 23:00:00,18.950000000000006,47.25,9.4375
2021-06-13 00:00:00,18.950000000000006,47.25,8.421875
2021-06-13 01:00:00,18.950000000000006,47.25,8.050781
2021-06-13 02:00:00,18.950000000000006,47.25,7.828125
2021-06-13 03:00:00,18.950000000000006,47.25,6.6757812
2021-06-13 04:00:00,18.950000000000006,47.25,6.0
2021-06-13 05:00:00,18.950000000000006,47.25,6.251953
2021-06-13 06:00:00,18.950000000000006,47.25,5.7421875
2021-06-13 07:00:00,18.950000000000006,47.25,6.046875
2021-06-13 08:00:00,18.950000000000006,47.25,6.154297
2021-06-13 09:00:00,18.950000000000006,47.25,5.703125
2021-06-13 10:00:00,18.950000000000006,47.25,5.607422
2021-06-13 11:00:00,18.950000000000006,47.25,6.1484375
2021-06-13 12:00:00,18.950000000000006,47.25,6.2265625
2021-06-13 13:00:00,18.950000000000006,47.25,6.611328
2021-06-13 14:00:00,18.950000000000006,47.25,6.796875
2021-06-13 15:00:00,18.950000000000006,47.25,6.3066406
2021-06-13 16:00:00,18.950000000000006,47.25,6.3867188
2021-06-13 17:00:00,18.950000000000006,47.25,5.826172
2021-06-13 18:00:00,18.950000000000006,47.25,5.859375
2021-06-13 19:00:00,18.950000000000006,47.25,5.5097656
2021-06-13 20:00:00,18.950000000000006,47.25,5.3359375
2021-06-13 21:00:00,18.950000000000006,47.25,5.470703
2021-06-13 22:00:00,18.950000000000006,47.25,5.0507812
2021-06-13 23:00:00,18.950000000000006,47.25,5.033203
2021-06-14 00:00:00,18.950000000000006,47.25,5.341797
2021-06-14 01:00:00,18.950000000000006,47.25,5.2558594
2021-06-14 02:00:00,18.950000000000006,47.25,5.1835938
2021-06-14 03:00:00,18.950000000000006,47.25,5.3125
2021-06-14 04:00:00,18.950000000000006,47.25,5.6367188
2021-06-14 05:00:00,18.950000000000006,47.25,6.142578
2021-06-14 06:00:00,18.950000000000006,47.25,6.4316406
2021-06-14 07:00:00,18.950000000000006,47.25,6.9414062
2021-06-14 08:00:00,18.950000000000006,47.25,6.814453
2021-06-14 09:00:00,18.950000000000006,47.25,6.2089844
2021-06-14 10:00:00,18.950000000000006,47.25,6.203125
2021-06-14 11:00:00,18.950000000000006,47.25,6.5683594
2021-06-14 12:00:00,18.950000000000006,47.25,6.4726562
2021-06-14 13:00:00,18.950000000000006,47.25,6.4003906
2021-06-14 14:00:00,18.950000000000006,47.25,6.4023438
2021-06-14 15:00:00,18.950000000000006,47.25,6.6289062
2021-06-14 16:00:00,18.950000000000006,47.25,6.888672
2021-06-14 17:00:00,18.950000000000006,47.25,7.4960938
2021-06-14 18:00:00,18.950000000000006,47.25,8.40625
2021-06-14 19:00:00,18.950000000000006,47.25,9.8046875
2021-06-14 20:00:00,18.950000000000006,47.25,10.75
2021-06-14 21:00:00,18.950000000000006,47.25,11.1015625
2021-06-14 22:00:00,18.950000000000006,47.25,11.0859375
2021-06-14 23:00:00,18.950000000000006,47.25,11.1875
2021-06-15 00:00:00,18.950000000000006,47.25,10.707031
2021-06-15 01:00:00,18.950000000000006,47.25,11.183594
2021-06-15 02:00:00,18.950000000000006,47.25,10.734375
2021-06-15 03:00:00,18.950000000000006,47.25,9.953125
2021-06-15 04:00:00,18.950000000000006,47.25,10.3046875
2021-06-15 05:00:00,18.950000000000006,47.25,10.765625
2021-06-15 06:00:00,18.950000000000006,47.25,10.136719
2021-06-15 07:00:00,18.950000000000006,47.25,9.671875
2021-06-15 08:00:00,18.950000000000006,47.25,9.433594
2021-06-15 09:00:00,18.950000000000006,47.25,8.730469
2021-06-15 10:00:00,18.950000000000006,47.25,8.3125
2021-06-15 11:00:00,18.950000000000006,47.25,8.691406
2021-06-15 12:00:00,18.950000000000006,47.25,8.9765625
2021-06-15 13:00:00,18.950000000000006,47.25,9.253906
2021-06-15 14:00:00,18.950000000000006,47.25,9.378906
2021-06-15 15:00:00,18.950000000000006,47.25,9.40625
2021-06-15 16:00:00,18.950000000000006,47.25,9.5234375
2021-06-15 17:00:00,18.950000000000006,47.25,9.574219
2021-06-15 18:00:00,18.950000000000006,47.25,10.566406
2021-06-15 19:00:00,18.950000000000006,47.25,11.015625
2021-06-15 20:00:00,18.950000000000006,47.25,11.34375
2021-06-15 21:00:00,18.950000000000006,47.25,13.699219
2021-06-15 22:00:00,18.950000000000006,47.25,14.902344
2021-06-15 23:00:00,18.950000000000006,47.25,16.367188
2021-06-16 00:00:00,18.950000000000006,47.25,14.574219
2021-06-16 01:00:00,18.950000000000006,47.25,14.675781
2021-06-16 02:00:00,18.950000000000006,47.25,13.015625
2021-06-16 03:00:00,18.950000000000006,47.25,11.1875
2021-06-16 04:00:00,18.950000000000006,47.25,10.753906
2021-06-16 05:00:00,18.950000000000006,47.25,11.2578125
2021-06-16 06:00:00,18.950000000000006,47.25,10.921875
2021-06-16 07:00:00,18.950000000000006,47.25,10.578125
2021-06-16 08:00:00,18.950000000000006,47.25,10.5859375
2021-06-16 09:00:00,18.950000000000006,47.25,10.203125
2021-06-16 10:00:00,18.950000000000006,47.25,9.21875
2021-06-16 11:00:00,18.950000000000006,47.25,9.292969
2021-06-16 12:00:00,18.950000000000006,47.25,9.066406
2021-06-16 13:00:00,18.950000000000006,47.25,8.5546875
2021-06-16 14:00:00,18.950000000000006,47.25,8.261719
2021-06-16 15:00:00,18.950000000000006,47.25,8.4765625
2021-06-16 16:00:00,18.950000000000006,47.25,8.9296875
2021-06-16 17:00:00,18.950000000000006,47.25,9.527344
2021-06-16 18:00:00,18.950000000000006,47.25,10.808594
2021-06-16 19:00:00,18.950000000000006,47.25,11.191406
2021-06-16 20:00:00,18.950000000000006,47.25,12.28125
2021-06-16 21:00:00,18.950000000000006,47.25,12.621094
2021-06-16 22:00:00,18.950000000000006,47.25,12.6953125
2021-06-16 23:00:00,18.950000000000006,47.25,13.925781
2021-06-17 00:00:00,18.950000000000006,47.25,12.246094
2021-06-17 01:00:00,18.950000000000006,47.25,11.5
2021-06-17 02:00:00,18.950000000000006,47.25,12.109375
2021-06-17 03:00:00,18.950000000000006,47.25,11.6484375
2021-06-17 04:00:00,18.950000000000006,47.25,11.386719
2021-06-17 05:00:00,18.950000000000006,47.25,11.261719
2021-06-17 06:00:00,18.950000000000006,47.25,10.957031
2021-06-17 07:00:00,18.950000000000006,47.25,10.714844
2021-06-17 08:00:00,18.950000000000006,47.25,11.183594
2021-06-17 09:00:00,18.950000000000006,47.25,10.902344
2021-06-17 10:00:00,18.950000000000006,47.25,10.125
2021-06-17 11:00:00,18.950000000000006,47.25,9.9765625
2021-06-17 12:00:00,18.950000000000006,47.25,9.2265625
2021-06-17 13:00:00,18.950000000000006,47.25,8.8515625
2021-06-17 14:00:00,18.950000000000006,47.25,8.75
2021-06-17 15:00:00,18.950000000000006,47.25,8.902344
2021-06-17 16:00:00,18.950000000000006,47.25,9.246094
2021-06-17 17:00:00,18.950000000000006,47.25,9.625
2021-06-17 18:00:00,18.950000000000006,47.25,10.199219
2021-06-17 19:00:00,18.950000000000006,47.25,11.5
2021-06-17 20:00:00,18.950000000000006,47.25,11.8984375
2021-06-17 21:00:00,18.950000000000006,47.25,12.3984375
2021-06-17 22:00:00,18.950000000000006,47.25,11.964844
2021-06-17 23:00:00,18.950000000000006,47.25,10.542969
2021-06-18 00:00:00,18.950000000000006,47.25,11.796875
2021-06-18 01:00:00,18.950000000000006,47.25,12.082031
2021-06-18 02:00:00,18.950000000000006,47.25,11.863281
2021-06-18 03:00:00,18.950000000000006,47.25,11.9375
2021-06-18 04:00:00,18.950000000000006,47.25,9.9375
2021-06-18 05:00:00,18.950000000000006,47.25,10.0625
2021-06-18 06:00:00,18.950000000000006,47.25,10.8828125
2021-06-18 07:00:00,18.950000000000006,47.25,11.207031
2021-06-18 08:00:00,18.950000000000006,47.25,10.8671875
2021-06-18 09:00:00,18.950000000000006,47.25,10.21875
2021-06-18 10:00:00,18.950000000000006,47.25,9.5
2021-06-18 11:00:00,18.950000000000006,47.25,8.707031
2021-06-18 12:00:00,18.950000000000006,47.25,8.609375
2021-06-18 13:00:00,18.950000000000006,47.25,8.2890625
2021-06-18 14:00:00,18.950000000000006,47.25,8.9609375
2021-06-18 15:00:00,18.950000000000006,47.25,9.1640625
2021-06-18 16:00:00,18.950000000000006,47.25,9.433594
2021-06-18 17:00:00,18.950000000000006,47.25,9.761719
2021-06-18 18:00:00,18.950000000000006,47.25,10.625
2021-06-18 19:00:00,18.950000000000006,47.25,12.394531
2021-06-18 20:00:00,18.950000000000006,47.25,13.171875
2021-06-18 21:00:00,18.950000000000006,47.25,13.6875
2021-06-18 22:00:00,18.950000000000006,47.25,13.796875
2021-06-18 23:00:00,18.950000000000006,47.25,14.292969
2021-06-19 00:00:00,18.950000000000006,47.25,15.3125
2021-06-19 01:00:00,18.950000000000006,47.25,15.46875
2021-06-19 02:00:00,18.950000000000006,47.25,15.9375
2021-06-19 03:00:00,18.950000000000006,47.25,13.84375
2021-06-19 04:00:00,18.950000000000006,47.25,13.0625
2021-06-19 05:00:00,18.950000000000006,47.25,13.671875
2021-06-19 06:00:00,18.950000000000006,47.25,13.6796875
2021-06-19 07:00:00,18.950000000000006,47.25,11.902344
2021-06-19 08:00:00,18.950000000000006,47.25,11.558594
2021-06-19 09:00:00,18.950000000000006,47.25,11.6953125
2021-06-19 10:00:00,18.950000000000006,47.25,12.707031
2021-06-19 11:00:00,18.950000000000006,47.25,13.214844
2021-06-19 12:00:00,18.950000000000006,47.25,11.964844
2021-06-19 13:00:00,18.950000000000006,47.25,11.847656
2021-06-19 14:00:00,18.950000000000006,47.25,10.859375
2021-06-19 15:00:00,18.950000000000006,47.25,9.652344
2021-06-19 16:00:00,18.950000000000006,47.25,11.019531
2021-06-19 17:00:00,18.950000000000006,47.25,11.402344
2021-06-19 18:00:00,18.950000000000006,47.25,10.8125
2021-06-19 19:00:00,18.950000000000006,47.25,11.8828125
2021-06-19 20:00:00,18.950000000000006,47.25,13.011719
2021-06-19 21:00:00,18.950000000000006,47.25,12.515625
2021-06-19 22:00:00,18.950000000000006,47.25,11.980469
2021-06-19 23:00:00,18.950000000000006,47.25,11.824219
2021-06-20 00:00:00,18.950000000000006,47.25,11.863281
2021-06-20 01:00:00,18.950000000000006,47.25,11.800781
2021-06-20 02:00:00,18.950000000000006,47.25,11.5546875
2021-06-20 03:00:00,18.950000000000006,47.25,10.3125
2021-06-20 04:00:00,18.950000000000006,47.25,9.621094
2021-06-20 05:00:00,18.950000000000006,47.25,9.828125
2021-06-20 06:00:00,18.950000000000006,47.25,9.7578125
2021-06-20 07:00:00,18.950000000000006,47.25,8.234375
2021-06-20 08:00:00,18.950000000000006,47.25,8.558594
2021-06-20 09:00:00,18.950000000000006,47.25,8.667969
2021-06-20 10:00:00,18.950000000000006,47.25,9.324219
2021-06-20 11:00:00,18.950000000000006,47.25,9.34375
2021-06-20 12:00:00,18.950000000000006,47.25,9.691406
2021-06-20 13:00:00,18.950000000000006,47.25,10.457031
2021-06-20 14:00:00,18.950000000000006,47.25,11.015625
2021-06-20 15:00:00,18.950000000000006,47.25,11.621094
2021-06-20 16:00:00,18.950000000000006,47.25,12.375
2021-06-20 17:00:00,18.950000000000006,47.25,11.9140625
2021-06-20 18:00:00,18.950000000000006,47.25,12.5
2021-06-20 19:00:00,18.950000000000006,47.25,13.058594
2021-06-20 20:00:00,18.950000000000006,47.25,12.46875
2021-06-20 21:00:00,18.950000000000006,47.25,10.7578125
2021-06-20 22:00:00,18.950000000000006,47.25,9.6875
2021-06-20 23:00:00,18.950000000000006,47.25,9.8515625
2021-06-21 00:00:00,18.950000000000006,47.25,10.613281
2021-06-21 01:00:00,18.950000000000006,47.25,11.1875
2021-06-21 02:00:00,18.950000000000006,47.25,11.332031
2021-06-21 03:00:00,18.950000000000006,47.25,11.5234375
2021-06-21 04:00:00,18.950000000000006,47.25,11.6015625
2021-06-21 05:00:00,18.950000000000006,47.25,10.1484375
2021-06-21 06:00:00,18.950000000000006,47.25,12.082031
2021-06-21 07:00:00,18.950000000000006,47.25,11.4453125
2021-06-21 08:00:00,18.950000000000006,47.25,10.96875
2021-06-21 09:00:00,18.950000000000006,47.25,10.546875
2021-06-21 10:00:00,18.950000000000006,47.25,11.625
2021-06-21 11:00:00,18.950000000000006,47.25,13.363281
2021-06-21 12:00:00,18.950000000000006,47.25,15.683594
2021-06-21 13:00:00,18.950000000000006,47.25,18.898438
2021-06-21 14:00:00,18.950000000000006,47.25,20.984375
2021-06-21 15:00:00,18.950000000000006,47.25,21.15625
2021-06-21 16:00:00,18.950000000000006,47.25,20.609375
2021-06-21 17:00:00,18.950000000000006,47.25,21.945312
2021-06-21 18:00:00,18.950000000000006,47.25,21.734375
2021-06-21 19:00:00,18.950000000000006,47.25,19.015625
2021-06-21 20:00:00,18.950000000000006,47.25,17.375
2021-06-21 21:00:00,18.950000000000006,47.25,16.757812
2021-06-21 22:00:00,18.950000000000006,47.25,16.289062
2021-06-21 23:00:00,18.950000000000006,47.25,17.171875
2021-06-22 00:00:00,18.950000000000006,47.25,17.78125
2021-06-22 01:00:00,18.950000000000006,47.25,16.867188
2021-06-22 02:00:00,18.950000000000006,47.25,17.265625
2021-06-22 03:00:00,18.950000000000006,47.25,20.625
2021-06-22 04:00:00,18.950000000000006,47.25,23.4375
2021-06-22 05:00:00,18.950000000000006,47.25,24.5625
2021-06-22 06:00:00,18.950000000000006,47.25,24.242188
2021-06-22 07:00:00,18.950000000000006,47.25,25.359375
2021-06-22 08:00:00,18.950000000000006,47.25,24.257812
2021-06-22 09:00:00,18.950000000000006,47.25,23.03125
2021-06-22 10:00:00,18.950000000000006,47.25,22.273438
2021-06-22 11:00:00,18.950000000000006,47.25,19.335938
2021-06-22 12:00:00,18.950000000000006,47.25,19.414062
2021-06-22 13:00:00,18.950000000000006,47.25,18.625
2021-06-22 14:00:00,18.950000000000006,47.25,18.5625
2021-06-22 15:00:00,18.950000000000006,47.25,18.429688
2021-06-22 16:00:00,18.950000000000006,47.25,19.234375
2021-06-22 17:00:00,18.950000000000006,47.25,19.382812
2021-06-22 18:00:00,18.950000000000006,47.25,19.242188
2021-06-22 19:00:00,18.950000000000006,47.25,19.726562
2021-06-22 20:00:00,18.950000000000006,47.25,20.914062
2021-06-22 21:00:00,18.950000000000006,47.25,23.085938
2021-06-22 22:00:00,18.950000000000006,47.25,21.398438
2021-06-22 23:00:00,18.950000000000006,47.25,20.757812
2021-06-23 00:00:00,18.950000000000006,47.25,20.210938
2021-06-23 01:00:00,18.950000000000006,47.25,18.664062
2021-06-23 02:00:00,18.950000000000006,47.25,18.601562
2021-06-23 03:00:00,18.950000000000006,47.25,19.734375
2021-06-23 04:00:00,18.950000000000006,47.25,21.25
2021-06-23 05:00:00,18.950000000000006,47.25,21.75
2021-06-23 06:00:00,18.950000000000006,47.25,22.625
2021-06-23 07:00:00,18.950000000000006,47.25,25.296875
2021-06-23 08:00:00,18.950000000000006,47.25,25.15625
2021-06-23 09:00:00,18.950000000000006,47.25,22.929688
2021-06-23 10:00:00,18.950000000000006,47.25,22.4375
2021-06-23 11:00:00,18.950000000000006,47.25,19.53125
2021-06-23 12:00:00,18.950000000000006,47.25,16.40625
2021-06-23 13:00:00,18.950000000000006,47.25,14.8515625
2021-06-23 14:00:00,18.950000000000006,47.25,13.261719
2021-06-23 15:00:00,18.950000000000006,47.25,13.4453125
2021-06-23 16:00:00,18.950000000000006,47.25,14.796875
2021-06-23 17:00:00,18.950000000000006,47.25,15.925781
2021-06-23 18:00:00,18.950000000000006,47.25,17.289062
2021-06-23 19:00:00,18.950000000000006,47.25,17.414062
2021-06-23 20:00:00,18.950000000000006,47.25,16.945312
2021-06-23 21:00:00,18.950000000000006,47.25,19.039062
2021-06-23 22:00:00,18.950000000000006,47.25,19.570312
2021-06-23 23:00:00,18.950000000000006,47.25,18.914062
2021-06-24 00:00:00,18.950000000000006,47.25,21.5
2021-06-24 01:00:00,18.950000000000006,47.25,25.148438
2021-06-24 02:00:00,18.950000000000006,47.25,25.382812
2021-06-24 03:00:00,18.950000000000006,47.25,22.507812
2021-06-24 04:00:00,18.950000000000006,47.25,22.25
2021-06-24 05:00:00,18.950000000000006,47.25,21.085938
2021-06-24 06:00:00,18.950000000000006,47.25,21.273438
2021-06-24 07:00:00,18.950000000000006,47.25,18.40625
2021-06-24 08:00:00,18.950000000000006,47.25,16.695312
2021-06-24 09:00:00,18.950000000000006,47.25,16.617188
2021-06-24 10:00:00,18.950000000000006,47.25,18.132812
2021-06-24 11:00:00,18.950000000000006,47.25,20.757812
2021-06-24 12:00:00,18.950000000000006,47.25,24.390625
2021-06-24 13:00:00,18.950000000000006,47.25,24.898438
2021-06-24 14:00:00,18.950000000000006,47.25,24.289062
2021-06-24 15:00:00,18.950000000000006,47.25,26.3125
2021-06-24 16:00:00,18.950000000000006,47.25,28.882812
2021-06-24 17:00:00,18.950000000000006,47.25,29.0
2021-06-24 18:00:00,18.950000000000006,47.25,29.34375
2021-06-24 19:00:00,18.950000000000006,47.25,29.351562
2021-06-24 20:00:00,18.950000000000006,47.25,30.304688
2021-06-24 21:00:00,18.950000000000006,47.25,29.4375
2021-06-24 22:00:00,18.950000000000006,47.25,29.03125
2021-06-24 23:00:00,18.950000000000006,47.25,28.671875
2021-06-25 00:00:00,18.950000000000006,47.25,28.210938
2021-06-25 01:00:00,18.950000000000006,47.25,27.71875
2021-06-25 02:00:00,18.950000000000006,47.25,26.148438
2021-06-25 03:00:00,18.950000000000006,47.25,23.5625
2021-06-25 04:00:00,18.950000000000006,47.25,22.476562
2021-06-25 05:00:00,18.950000000000006,47.25,20.109375
2021-06-25 06:00:00,18.950000000000006,47.25,17.40625
2021-06-25 07:00:00,18.950000000000006,47.25,14.449219
2021-06-25 08:00:00,18.950000000000006,47.25,14.832031
2021-06-25 09:00:00,18.950000000000006,47.25,15.847656
2021-06-25 10:00:00,18.950000000000006,47.25,15.2109375
2021-06-25 11:00:00,18.950000000000006,47.25,13.980469
2021-06-25 12:00:00,18.950000000000006,47.25,12.917969
2021-06-25 13:00:00,18.950000000000006,47.25,11.785156
2021-06-25 14:00:00,18.950000000000006,47.25,11.15625
2021-06-25 15:00:00,18.950000000000006,47.25,11.1875
2021-06-25 16:00:00,18.950000000000006,47.25,10.40625
2021-06-25 17:00:00,18.950000000000006,47.25,10.71875
2021-06-25 18:00:00,18.950000000000006,47.25,8.8984375
2021-06-25 19:00:00,18.950000000000006,47.25,8.917969
2021-06-25 20:00:00,18.950000000000006,47.25,9.34375
2021-06-25 21:00:00,18.950000000000006,47.25,9.214844
2021-06-25 22:00:00,18.950000000000006,47.25,8.582031
2021-06-25 23:00:00,18.950000000000006,47.25,9.0078125
2021-06-26 00:00:00,18.950000000000006,47.25,8.8359375
2021-06-26 01:00:00,18.950000000000006,47.25,9.1953125
2021-06-26 02:00:00,18.950000000000006,47.25,10.1484375
2021-06-26 03:00:00,18.950000000000006,47.25,10.5
2021-06-26 04:00:00,18.950000000000006,47.25,10.84375
2021-06-26 05:00:00,18.950000000000006,47.25,10.390625
2021-06-26 06:00:00,18.950000000000006,47.25,10.5625
2021-06-26 07:00:00,18.950000000000006,47.25,11.578125
2021-06-26 08:00:00,18.950000000000006,47.25,10.027344
2021-06-26 09:00:00,18.950000000000006,47.25,10.3203125
2021-06-26 10:00:00,18.950000000000006,47.25,9.5
2021-06-26 11:00:00,18.950000000000006,47.25,9.65625
2021-06-26 12:00:00,18.950000000000006,47.25,8.832031
2021-06-26 13:00:00,18.950000000000006,47.25,8.433594
2021-06-26 14:00:00,18.950000000000006,47.25,8.339844
2021-06-26 15:00:00,18.950000000000006,47.25,8.597656
2021-06-26 16:00:00,18.950000000000006,47.25,8.4921875
2021-06-26 17:00:00,18.950000000000006,47.25,7.4296875
2021-06-26 18:00:00,18.950000000000006,47.25,8.5234375
2021-06-26 19:00:00,18.950000000000006,47.25,9.3203125
2021-06-26 20:00:00,18.950000000000006,47.25,9.6328125
2021-06-26 21:00:00,18.950000000000006,47.25,9.792969
2021-06-26 22:00:00,18.950000000000006,47.25,10.203125
2021-06-26 23:00:00,18.950000000000006,47.25,10.855469
2021-06-27 00:00:00,18.950000000000006,47.25,11.363281
2021-06-27 01:00:00,18.950000000000006,47.25,12.644531
2021-06-27 02:00:00,18.950000000000006,47.25,15.2265625
2021-06-27 03:00:00,18.950000000000006,47.25,18.84375
2021-06-27 04:00:00,18.950000000000006,47.25,15.3515625
2021-06-27 05:00:00,18.950000000000006,47.25,12.2578125
2021-06-27 06:00:00,18.950000000000006,47.25,10.824219
2021-06-27 07:00:00,18.950000000000006,47.25,12.511719
2021-06-27 08:00:00,18.950000000000006,47.25,11.597656
2021-06-27 09:00:00,18.950000000000006,47.25,11.230469
2021-06-27 10:00:00,18.950000000000006,47.25,11.1484375
2021-06-27 11:00:00,18.950000000000006,47.25,10.667969
2021-06-27 12:00:00,18.950000000000006,47.25,10.449219
2021-06-27 13:00:00,18.950000000000006,47.25,9.972656
2021-06-27 14:00:00,18.950000000000006,47.25,9.746094
2021-06-27 15:00:00,18.950000000000006,47.25,9.640625
2021-06-27 16:00:00,18.950000000000006,47.25,9.84375
2021-06-27 17:00:00,18.950000000000006,47.25,9.78125
2021-06-27 18:00:00,18.950000000000006,47.25,9.390625
2021-06-27 19:00:00,18.950000000000006,47.25,9.3359375
2021-06-27 20:00:00,18.950000000000006,47.25,10.171875
2021-06-27 21:00:00,18.950000000000006,47.25,11.3125
2021-06-27 22:00:00,18.950000000000006,47.25,11.0
2021-06-27 23:00:00,18.950000000000006,47.25,11.324219
2021-06-28 00:00:00,18.950000000000006,47.25,12.0
2021-06-28 01:00:00,18.950000000000006,47.25,12.59375
2021-06-28 02:00:00,18.950000000000006,47.25,13.7109375
2021-06-28 03:00:00,18.950000000000006,47.25,13.191406
2021-06-28 04:00:00,18.950000000000006,47.25,12.917969
2021-06-28 05:00:00,18.950000000000006,47.25,11.8828125
2021-06-28 06:00:00,18.950000000000006,47.25,10.988281
2021-06-28 07:00:00,18.950000000000006,47.25,10.1953125
2021-06-28 08:00:00,18.950000000000006,47.25,10.671875
2021-06-28 09:00:00,18.950000000000006,47.25,10.0859375
2021-06-28 10:00:00,18.950000000000006,47.25,9.734375
2021-06-28 11:00:00,18.950000000000006,47.25,9.375
2021-06-28 12:00:00,18.950000000000006,47.25,8.9609375
2021-06-28 13:00:00,18.950000000000006,47.25,9.246094
2021-06-28 14:00:00,18.950000000000006,47.25,9.0234375
2021-06-28 15:00:00,18.950000000000006,47.25,8.753906
2021-06-28 16:00:00,18.950000000000006,47.25,8.214844
2021-06-28 17:00:00,18.950000000000006,47.25,8.515625
2021-06-28 18:00:00,18.950000000000006,47.25,9.4140625
2021-06-28 19:00:00,18.950000000000006,47.25,10.207031
2021-06-28 20:00:00,18.950000000000006,47.25,10.046875
2021-06-28 21:00:00,18.950000000000006,47.25,10.546875
2021-06-28 22:00:00,18.950000000000006,47.25,10.667969
2021-06-28 23:00:00,18.950000000000006,47.25,10.375
2021-06-29 00:00:00,18.950000000000006,47.25,10.300781
2021-06-29 01:00:00,18.950000000000006,47.25,10.1875
2021-06-29 02:00:00,18.950000000000006,47.25,11.1953125
2021-06-29 03:00:00,18.950000000000006,47.25,11.6015625
2021-06-29 04:00:00,18.950000000000006,47.25,11.3984375
2021-06-29 05:00:00,18.950000000000006,47.25,10.25
2021-06-29 06:00:00,18.950000000000006,47.25,10.691406
2021-06-29 07:00:00,18.950000000000006,47.25,11.035156
2021-06-29 08:00:00,18.950000000000006,47.25,13.316406
2021-06-29 09:00:00,18.950000000000006,47.25,12.535156
2021-06-29 10:00:00,18.950000000000006,47.25,13.488281
2021-06-29 11:00:00,18.950000000000006,47.25,19.179688
2021-06-29 12:00:00,18.950000000000006,47.25,19.992188
2021-06-29 13:00:00,18.950000000000006,47.25,15.527344
2021-06-29 14:00:00,18.950000000000006,47.25,14.9765625
2021-06-29 15:00:00,18.950000000000006,47.25,14.96875
2021-06-29 16:00:00,18.950000000000006,47.25,14.96875
2021-06-29 17:00:00,18.950000000000006,47.25,16.523438
2021-06-29 18:00:00,18.950000000000006,47.25,17.46875
2021-06-29 19:00:00,18.950000000000006,47.25,18.0
2021-06-29 20:00:00,18.950000000000006,47.25,18.554688
2021-06-29 21:00:00,18.950000000000006,47.25,17.335938
2021-06-29 22:00:00,18.950000000000006,47.25,16.8125
2021-06-29 23:00:00,18.950000000000006,47.25,16.828125
2021-06-30 00:00:00,18.950000000000006,47.25,17.625
2021-06-30 01:00:00,18.950000000000006,47.25,17.3125
2021-06-30 02:00:00,18.950000000000006,47.25,15.9296875
2021-06-30 03:00:00,18.950000000000006,47.25,13.4921875
2021-06-30 04:00:00,18.950000000000006,47.25,12.433594
2021-06-30 05:00:00,18.950000000000006,47.25,10.082031
2021-06-30 06:00:00,18.950000000000006,47.25,9.296875
2021-06-30 07:00:00,18.950000000000006,47.25,8.042969
2021-06-30 08:00:00,18.950000000000006,47.25,7.8554688
2021-06-30 09:00:00,18.950000000000006,47.25,8.566406
2021-06-30 10:00:00,18.950000000000006,47.25,8.171875
2021-06-30 11:00:00,18.950000000000006,47.25,8.996094
2021-06-30 12:00:00,18.950000000000006,47.25,9.738281
2021-06-30 13:00:00,18.950000000000006,47.25,9.183594
2021-06-30 14:00:00,18.950000000000006,47.25,10.191406
2021-06-30 15:00:00,18.950000000000006,47.25,9.871094
2021-06-30 16:00:00,18.950000000000006,47.25,8.296875
2021-06-30 17:00:00,18.950000000000006,47.25,7.8652344
2021-06-30 18:00:00,18.950000000000006,47.25,8.855469
2021-06-30 19:00:00,18.950000000000006,47.25,9.261719
2021-06-30 20:00:00,18.950000000000006,47.25,9.332031
2021-06-30 21:00:00,18.950000000000006,47.25,9.527344
2021-06-30 22:00:00,18.950000000000006,47.25,8.238281
2021-06-30 23:00:00,18.950000000000006,47.25,6.220703
2021-07-01 00:00:00,18.950000000000006,47.25,5.517578
2021-07-01 01:00:00,18.950000000000006,47.25,3.9814453
2021-07-01 02:00:00,18.950000000000006,47.25,3.9248047
2021-07-01 03:00:00,18.950000000000006,47.25,3.774414
2021-07-01 04:00:00,18.950000000000006,47.25,3.9970703
2021-07-01 05:00:00,18.950000000000006,47.25,3.9521484
2021-07-01 06:00:00,18.950000000000006,47.25,3.9082031
2021-07-01 07:00:00,18.950000000000006,47.25,4.4902344
2021-07-01 08:00:00,18.950000000000006,47.25,4.75
2021-07-01 09:00:00,18.950000000000006,47.25,5.189453
2021-07-01 10:00:00,18.950000000000006,47.25,4.296875
2021-07-01 11:00:00,18.950000000000006,47.25,3.4072266
2021-07-01 12:00:00,18.950000000000006,47.25,4.0214844
2021-07-01 13:00:00,18.950000000000006,47.25,4.78125
2021-07-01 14:00:00,18.950000000000006,47.25,4.7285156
2021-07-01 15:00:00,18.950000000000006,47.25,4.529297
2021-07-01 16:00:00,18.950000000000006,47.25,4.2226562
2021-07-01 17:00:00,18.950000000000006,47.25,3.8388672
2021-07-01 18:00:00,18.950000000000006,47.25,3.6777344
2021-07-01 19:00:00,18.950000000000006,47.25,3.5263672
2021-07-01 20:00:00,18.950000000000006,47.25,3.5605469
2021-07-01 21:00:00,18.950000000000006,47.25,3.8203125
2021-07-01 22:00:00,18.950000000000006,47.25,3.4404297
2021-07-01 23:00:00,18.950000000000006,47.25,3.1054688
2021-07-02 00:00:00,18.950000000000006,47.25,2.946289
2021-07-02 01:00:00,18.950000000000006,47.25,3.0439453
2021-07-02 02:00:00,18.950000000000006,47.25,3.446289
2021-07-02 03:00:00,18.950000000000006,47.25,3.2773438
2021-07-02 04:00:00,18.950000000000006,47.25,3.5429688
2021-07-02 05:00:00,18.950000000000006,47.25,3.7705078
2021-07-02 06:00:00,18.950000000000006,47.25,4.34375
2021-07-02 07:00:00,18.950000000000006,47.25,4.6035156
2021-07-02 08:00:00,18.950000000000006,47.25,5.279297
2021-07-02 09:00:00,18.950000000000006,47.25,4.517578
2021-07-02 10:00:00,18.950000000000006,47.25,5.046875
2021-07-02 11:00:00,18.950000000000006,47.25,5.220703
2021-07-02 12:00:00,18.950000000000006,47.25,5.125
2021-07-02 13:00:00,18.950000000000006,47.25,4.7617188
2021-07-02 14:00:00,18.950000000000006,47.25,4.6796875
2021-07-02 15:00:00,18.950000000000006,47.25,4.298828
2021-07-02 16:00:00,18.950000000000006,47.25,4.6835938
2021-07-02 17:00:00,18.950000000000006,47.25,5.4375
2021-07-02 18:00:00,18.950000000000006,47.25,5.158203
2021-07-02 19:00:00,18.950000000000006,47.25,5.859375
2021-07-02 20:00:00,18.950000000000006,47.25,5.7578125
2021-07-02 21:00:00,18.950000000000006,47.25,5.6367188
2021-07-02 22:00:00,18.950000000000006,47.25,5.4765625
2021-07-02 23:00:00,18.950000000000006,47.25,4.3867188
2021-07-03 00:00:00,18.950000000000006,47.25,4.0703125
2021-07-03 01:00:00,18.950000000000006,47.25,4.201172
2021-07-03 02:00:00,18.950000000000006,47.25,4.1210938
2021-07-03 03:00:00,18.950000000000006,47.25,4.3476562
2021-07-03 04:00:00,18.950000000000006,47.25,4.3496094
2021-07-03 05:00:00,18.950000000000006,47.25,4.8222656
2021-07-03 06:00:00,18.950000000000006,47.25,5.984375
2021-07-03 07:00:00,18.950000000000006,47.25,6.5371094
2021-07-03 08:00:00,18.950000000000006,47.25,6.765625
2021-07-03 09:00:00,18.950000000000006,47.25,7.09375
2021-07-03 10:00:00,18.950000000000006,47.25,6.6191406
2021-07-03 11:00:00,18.950000000000006,47.25,7.515625
2021-07-03 12:00:00,18.950000000000006,47.25,7.4453125
2021-07-03 13:00:00,18.950000000000006,47.25,8.40625
2021-07-03 14:00:00,18.950000000000006,47.25,8.074219
2021-07-03 15:00:00,18.950000000000006,47.25,8.277344
2021-07-03 16:00:00,18.950000000000006,47.25,8.40625
2021-07-03 17:00:00,18.950000000000006,47.25,9.25
2021-07-03 18:00:00,18.950000000000006,47.25,9.5
2021-07-03 19:00:00,18.950000000000006,47.25,9.3515625
2021-07-03 20:00:00,18.950000000000006,47.25,9.636719
2021-07-03 21:00:00,18.950000000000006,47.25,9.84375
2021-07-03 22:00:00,18.950000000000006,47.25,9.527344
2021-07-03 23:00:00,18.950000000000006,47.25,8.691406
2021-07-04 00:00:00,18.950000000000006,47.25,9.5625
2021-07-04 01:00:00,18.950000000000006,47.25,8.8359375
2021-07-04 02:00:00,18.950000000000006,47.25,9.921875
2021-07-04 03:00:00,18.950000000000006,47.25,10.25
2021-07-04 04:00:00,18.950000000000006,47.25,8.722656
2021-07-04 05:00:00,18.950000000000006,47.25,8.980469
2021-07-04 06:00:00,18.950000000000006,47.25,8.207031
2021-07-04 07:00:00,18.950000000000006,47.25,7.484375
2021-07-04 08:00:00,18.950000000000006,47.25,7.3359375
2021-07-04 09:00:00,18.950000000000006,47.25,6.810547
2021-07-04 10:00:00,18.950000000000006,47.25,7.015625
2021-07-04 11:00:00,18.950000000000006,47.25,7.0566406
2021-07-04 12:00:00,18.950000000000006,47.25,7.0117188
2021-07-04 13:00:00,18.950000000000006,47.25,6.9101562
2021-07-04 14:00:00,18.950000000000006,47.25,6.8710938
2021-07-04 15:00:00,18.950000000000006,47.25,6.5
2021-07-04 16:00:00,18.950000000000006,47.25,6.6367188
2021-07-04 17:00:00,18.950000000000006,47.25,7.2285156
2021-07-04 18:00:00,18.950000000000006,47.25,7.310547
2021-07-04 19:00:00,18.950000000000006,47.25,8.2734375
2021-07-04 20:00:00,18.950000000000006,47.25,9.808594
2021-07-04 21:00:00,18.950000000000006,47.25,11.128906
2021-07-04 22:00:00,18.950000000000006,47.25,10.1328125
2021-07-04 23:00:00,18.950000000000006,47.25,10.375
2021-07-05 00:00:00,18.950000000000006,47.25,11.09375
2021-07-05 01:00:00,18.950000000000006,47.25,11.265625
2021-07-05 02:00:00,18.950000000000006,47.25,12.125
2021-07-05 03:00:00,18.950000000000006,47.25,13.03125
2021-07-05 04:00:00,18.950000000000006,47.25,11.824219
2021-07-05 05:00:00,18.950000000000006,47.25,12.113281
2021-07-05 06:00:00,18.950000000000006,47.25,11.984375
2021-07-05 07:00:00,18.950000000000006,47.25,12.5625
2021-07-05 08:00:00,18.950000000000006,47.25,12.925781
2021-07-05 09:00:00,18.950000000000006,47.25,12.265625
2021-07-05 10:00:00,18.950000000000006,47.25,11.9140625
2021-07-05 11:00:00,18.950000000000006,47.25,10.46875
2021-07-05 12:00:00,18.950000000000006,47.25,9.9140625
2021-07-05 13:00:00,18.950000000000006,47.25,9.7265625
2021-07-05 14:00:00,18.950000000000006,47.25,10.0703125
2021-07-05 15:00:00,18.950000000000006,47.25,10.8203125
2021-07-05 16:00:00,18.950000000000006,47.25,11.3203125
2021-07-05 17:00:00,18.950000000000006,47.25,11.1015625
2021-07-05 18:00:00,18.950000000000006,47.25,10.949219
2021-07-05 19:00:00,18.950000000000006,47.25,9.378906
2021-07-05 20:00:00,18.950000000000006,47.25,10.0703125
2021-07-05 21:00:00,18.950000000000006,47.25,10.6875
2021-07-05 22:00:00,18.950000000000006,47.25,10.347656
2021-07-05 23:00:00,18.950000000000006,47.25,9.484375
2021-07-06 00:00:00,18.950000000000006,47.25,9.019531
2021-07-06 01:00:00,18.950000000000006,47.25,8.3125
2021-07-06 02:00:00,18.950000000000006,47.25,8.058594
2021-07-06 03:00:00,18.950000000000006,47.25,8.089844
2021-07-06 04:00:00,18.950000000000006,47.25,7.7109375
2021-07-06 05:00:00,18.950000000000006,47.25,6.861328
2021-07-06 06:00:00,18.950000000000006,47.25,7.9140625
2021-07-06 07:00:00,18.950000000000006,47.25,7.361328
2021-07-06 08:00:00,18.950000000000006,47.25,6.484375
2021-07-06 09:00:00,18.950000000000006,47.25,5.623047
2021-07-06 10:00:00,18.950000000000006,47.25,5.6914062
2021-07-06 11:00:00,18.950000000000006,47.25,5.361328
2021-07-06 12:00:00,18.950000000000006,47.25,5.0
2021-07-06 13:00:00,18.950000000000006,47.25,4.9882812
2021-07-06 14:00:00,18.950000000000006,47.25,5.140625
2021-07-06 15:00:00,18.950000000000006,47.25,5.359375
2021-07-06 16:00:00,18.950000000000006,47.25,5.919922
2021-07-06 17:00:00,18.950000000000006,47.25,6.5039062
2021-07-06 18:00:00,18.950000000000006,47.25,7.5898438
2021-07-06 19:00:00,18.950000000000006,47.25,9.339844
2021-07-06 20:00:00,18.950000000000006,47.25,9.910156
2021-07-06 21:00:00,18.950000000000006,47.25,10.8125
2021-07-06 22:00:00,18.950000000000006,47.25,11.546875
2021-07-06 23:00:00,18.950000000000006,47.25,11.980469
2021-07-07 00:00:00,18.950000000000006,47.25,11.675781
2021-07-07 01:00:00,18.950000000000006,47.25,10.46875
2021-07-07 02:00:00,18.950000000000006,47.25,10.1171875
2021-07-07 03:00:00,18.950000000000006,47.25,10.7421875
2021-07-07 04:00:00,18.950000000000006,47.25,9.453125
2021-07-07 05:00:00,18.950000000000006,47.25,9.691406
2021-07-07 06:00:00,18.950000000000006,47.25,9.441406
2021-07-07 07:00:00,18.950000000000006,47.25,8.917969
2021-07-07 08:00:00,18.950000000000006,47.25,9.578125
2021-07-07 09:00:00,18.950000000000006,47.25,10.402344
2021-07-07 10:00:00,18.950000000000006,47.25,11.511719
2021-07-07 11:00:00,18.950000000000006,47.25,11.453125
2021-07-07 12:00:00,18.950000000000006,47.25,11.46875
2021-07-07 13:00:00,18.950000000000006,47.25,13.621094
2021-07-07 14:00:00,18.950000000000006,47.25,13.261719
2021-07-07 15:00:00,18.950000000000006,47.25,12.582031
2021-07-07 16:00:00,18.950000000000006,47.25,13.734375
2021-07-07 17:00:00,18.950000000000006,47.25,14.191406
2021-07-07 18:00:00,18.950000000000006,47.25,13.246094
2021-07-07 19:00:00,18.950000000000006,47.25,14.589844
2021-07-07 20:00:00,18.950000000000006,47.25,14.207031
2021-07-07 21:00:00,18.950000000000006,47.25,12.2890625
2021-07-07 22:00:00,18.950000000000006,47.25,11.988281
2021-07-07 23:00:00,18.950000000000006,47.25,10.7265625
2021-07-08 00:00:00,18.950000000000006,47.25,11.5625
2021-07-08 01:00:00,18.950000000000006,47.25,11.328125
2021-07-08 02:00:00,18.950000000000006,47.25,11.0390625
2021-07-08 03:00:00,18.950000000000006,47.25,11.949219
2021-07-08 04:00:00,18.950000000000006,47.25,11.4296875
2021-07-08 05:00:00,18.950000000000006,47.25,10.824219
2021-07-08 06:00:00,18.950000000000006,47.25,11.9296875
2021-07-08 07:00:00,18.950000000000006,47.25,14.46875
2021-07-08 08:00:00,18.950000000000006,47.25,13.722656
2021-07-08 09:00:00,18.950000000000006,47.25,12.34375
2021-07-08 10:00:00,18.950000000000006,47.25,11.988281
2021-07-08 11:00:00,18.950000000000006,47.25,12.097656
2021-07-08 12:00:00,18.950000000000006,47.25,12.6875
2021-07-08 13:00:00,18.950000000000006,47.25,12.5234375
2021-07-08 14:00:00,18.950000000000006,47.25,12.765625
2021-07-08 15:00:00,18.950000000000006,47.25,13.386719
2021-07-08 16:00:00,18.950000000000006,47.25,13.2421875
2021-07-08 17:00:00,18.950000000000006,47.25,11.75
2021-07-08 18:00:00,18.950000000000006,47.25,12.707031
2021-07-08 19:00:00,18.950000000000006,47.25,15.6875
2021-07-08 20:00:00,18.950000000000006,47.25,14.730469
2021-07-08 21:00:00,18.950000000000006,47.25,15.386719
2021-07-08 22:00:00,18.950000000000006,47.25,14.410156
2021-07-08 23:00:00,18.950000000000006,47.25,13.5625
2021-07-09 00:00:00,18.950000000000006,47.25,14.65625
2021-07-09 01:00:00,18.950000000000006,47.25,13.316406
2021-07-09 02:00:00,18.950000000000006,47.25,13.9375
2021-07-09 03:00:00,18.950000000000006,47.25,14.371094
2021-07-09 04:00:00,18.950000000000006,47.25,15.847656
2021-07-09 05:00:00,18.950000000000006,47.25,14.953125
2021-07-09 06:00:00,18.950000000000006,47.25,14.246094
2021-07-09 07:00:00,18.950000000000006,47.25,14.761719
2021-07-09 08:00:00,18.950000000000006,47.25,14.78125
2021-07-09 09:00:00,18.950000000000006,47.25,15.222656
2021-07-09 10:00:00,18.950000000000006,47.25,15.9375
2021-07-09 11:00:00,18.950000000000006,47.25,15.144531
2021-07-09 12:00:00,18.950000000000006,47.25,15.3984375
2021-07-09 13:00:00,18.950000000000006,47.25,15.292969
2021-07-09 14:00:00,18.950000000000006,47.25,16.328125
2021-07-09 15:00:00,18.950000000000006,47.25,14.7265625
2021-07-09 16:00:00,18.950000000000006,47.25,14.9296875
2021-07-09 17:00:00,18.950000000000006,47.25,14.375
2021-07-09 18:00:00,18.950000000000006,47.25,12.6953125
2021-07-09 19:00:00,18.950000000000006,47.25,9.730469
2021-07-09 20:00:00,18.950000000000006,47.25,8.144531
2021-07-09 21:00:00,18.950000000000006,47.25,6.5273438
2021-07-09 22:00:00,18.950000000000006,47.25,5.3164062
2021-07-09 23:00:00,18.950000000000006,47.25,4.4570312
2021-07-10 00:00:00,18.950000000000006,47.25,3.5039062
2021-07-10 01:00:00,18.950000000000006,47.25,2.7802734
2021-07-10 02:00:00,18.950000000000006,47.25,2.7529297
2021-07-10 03:00:00,18.950000000000006,47.25,2.2441406
2021-07-10 04:00:00,18.950000000000006,47.25,2.40625
2021-07-10 05:00:00,18.950000000000006,47.25,3.0410156
2021-07-10 06:00:00,18.950000000000006,47.25,3.6435547
2021-07-10 07:00:00,18.950000000000006,47.25,3.7011719
2021-07-10 08:00:00,18.950000000000006,47.25,3.9228516
2021-07-10 09:00:00,18.950000000000006,47.25,4.060547
2021-07-10 10:00:00,18.950000000000006,47.25,4.296875
2021-07-10 11:00:00,18.950000000000006,47.25,4.201172
2021-07-10 12:00:00,18.950000000000006,47.25,4.126953
2021-07-10 13:00:00,18.950000000000006,47.25,4.251953
2021-07-10 14:00:00,18.950000000000006,47.25,4.779297
2021-07-10 15:00:00,18.950000000000006,47.25,4.859375
2021-07-10 16:00:00,18.950000000000006,47.25,4.923828
2021-07-10 17:00:00,18.950000000000006,47.25,5.404297
2021-07-10 18:00:00,18.950000000000006,47.25,6.0253906
2021-07-10 19:00:00,18.950000000000006,47.25,6.9648438
2021-07-10 20:00:00,18.950000000000006,47.25,7.080078
2021-07-10 21:00:00,18.950000000000006,47.25,8.457031
2021-07-10 22:00:00,18.950000000000006,47.25,9.5078125
2021-07-10 23:00:00,18.950000000000006,47.25,7.375
2021-07-11 00:00:00,18.950000000000006,47.25,7.9902344
2021-07-11 01:00:00,18.950000000000006,47.25,9.3359375
2021-07-11 02:00:00,18.950000000000006,47.25,9.597656
2021-07-11 03:00:00,18.950000000000006,47.25,10.65625
2021-07-11 04:00:00,18.950000000000006,47.25,11.957031
2021-07-11 05:00:00,18.950000000000006,47.25,12.5234375
2021-07-11 06:00:00,18.950000000000006,47.25,12.019531
2021-07-11 07:00:00,18.950000000000006,47.25,10.6171875
2021-07-11 08:00:00,18.950000000000006,47.25,9.753906
2021-07-11 09:00:00,18.950000000000006,47.25,9.449219
2021-07-11 10:00:00,18.950000000000006,47.25,10.457031
2021-07-11 11:00:00,18.950000000000006,47.25,9.535156
2021-07-11 12:00:00,18.950000000000006,47.25,9.402344
2021-07-11 13:00:00,18.950000000000006,47.25,9.453125
2021-07-11 14:00:00,18.950000000000006,47.25,9.15625
2021-07-11 15:00:00,18.950000000000006,47.25,9.578125
2021-07-11 16:00:00,18.950000000000006,47.25,10.421875
2021-07-11 17:00:00,18.950000000000006,47.25,10.75
2021-07-11 18:00:00,18.950000000000006,47.25,11.503906
2021-07-11 19:00:00,18.950000000000006,47.25,11.21875
2021-07-11 20:00:00,18.950000000000006,47.25,11.75
2021-07-11 21:00:00,18.950000000000006,47.25,11.21875
2021-07-11 22:00:00,18.950000000000006,47.25,12.363281
2021-07-11 23:00:00,18.950000000000006,47.25,12.140625
2021-07-12 00:00:00,18.950000000000006,47.25,11.910156
2021-07-12 01:00:00,18.950000000000006,47.25,10.78125
2021-07-12 02:00:00,18.950000000000006,47.25,10.53125
2021-07-12 03:00:00,18.950000000000006,47.25,9.5625
2021-07-12 04:00:00,18.950000000000006,47.25,8.953125
2021-07-12 05:00:00,18.950000000000006,47.25,9.761719
2021-07-12 06:00:00,18.950000000000006,47.25,10.40625
2021-07-12 07:00:00,18.950000000000006,47.25,11.105469
2021-07-12 08:00:00,18.950000000000006,47.25,11.6171875
2021-07-12 09:00:00,18.950000000000006,47.25,11.328125
2021-07-12 10:00:00,18.950000000000006,47.25,12.175781
2021-07-12 11:00:00,18.950000000000006,47.25,12.671875
2021-07-12 12:00:00,18.950000000000006,47.25,12.636719
2021-07-12 13:00:00,18.950000000000006,47.25,13.128906
2021-07-12 14:00:00,18.950000000000006,47.25,11.269531
2021-07-12 15:00:00,18.950000000000006,47.25,11.828125
2021-07-12 16:00:00,18.950000000000006,47.25,11.769531
2021-07-12 17:00:00,18.950000000000006,47.25,11.7265625
2021-07-12 18:00:00,18.950000000000006,47.25,13.4140625
2021-07-12 19:00:00,18.950000000000006,47.25,14.667969
2021-07-12 20:00:00,18.950000000000006,47.25,17.5625
2021-07-12 21:00:00,18.950000000000006,47.25,18.3125
2021-07-12 22:00:00,18.950000000000006,47.25,18.484375
2021-07-12 23:00:00,18.950000000000006,47.25,18.054688
2021-07-13 00:00:00,18.950000000000006,47.25,18.96875
2021-07-13 01:00:00,18.950000000000006,47.25,19.6875
2021-07-13 02:00:00,18.950000000000006,47.25,20.476562
2021-07-13 03:00:00,18.950000000000006,47.25,21.640625
2021-07-13 04:00:00,18.950000000000006,47.25,21.835938
2021-07-13 05:00:00,18.950000000000006,47.25,21.171875
2021-07-13 06:00:00,18.950000000000006,47.25,17.921875
2021-07-13 07:00:00,18.950000000000006,47.25,16.242188
2021-07-13 08:00:00,18.950000000000006,47.25,16.773438
2021-07-13 09:00:00,18.950000000000006,47.25,16.125
2021-07-13 10:00:00,18.950000000000006,47.25,16.085938
2021-07-13 11:00:00,18.950000000000006,47.25,16.414062
2021-07-13 12:00:00,18.950000000000006,47.25,17.679688
2021-07-13 13:00:00,18.950000000000006,47.25,17.882812
2021-07-13 14:00:00,18.950000000000006,47.25,17.84375
2021-07-13 15:00:00,18.950000000000006,47.25,18.804688
2021-07-13 16:00:00,18.950000000000006,47.25,19.367188
2021-07-13 17:00:00,18.950000000000006,47.25,20.382812
2021-07-13 18:00:00,18.950000000000006,47.25,21.859375
2021-07-13 19:00:00,18.950000000000006,47.25,23.5
2021-07-13 20:00:00,18.950000000000006,47.25,24.867188
2021-07-13 21:00:00,18.950000000000006,47.25,25.054688
2021-07-13 22:00:00,18.950000000000006,47.25,24.6875
2021-07-13 23:00:00,18.950000000000006,47.25,22.023438
2021-07-14 00:00:00,18.950000000000006,47.25,21.632812
2021-07-14 01:00:00,18.950000000000006,47.25,19.546875
2021-07-14 02:00:00,18.950000000000006,47.25,20.71875
2021-07-14 03:00:00,18.950000000000006,47.25,17.90625
2021-07-14 04:00:00,18.950000000000006,47.25,17.179688
2021-07-14 05:00:00,18.950000000000006,47.25,17.3125
2021-07-14 06:00:00,18.950000000000006,47.25,16.773438
2021-07-14 07:00:00,18.950000000000006,47.25,16.398438
2021-07-14 08:00:00,18.950000000000006,47.25,18.960938
2021-07-14 09:00:00,18.950000000000006,47.25,19.53125
2021-07-14 10:00:00,18.950000000000006,47.25,19.179688
2021-07-14 11:00:00,18.950000000000006,47.25,18.820312
2021-07-14 12:00:00,18.950000000000006,47.25,19.78125
2021-07-14 13:00:00,18.950000000000006,47.25,20.734375
2021-07-14 14:00:00,18.950000000000006,47.25,22.101562
2021-07-14 15:00:00,18.950000000000006,47.25,23.265625
2021-07-14 16:00:00,18.950000000000006,47.25,22.164062
2021-07-14 17:00:00,18.950000000000006,47.25,22.054688
2021-07-14 18:00:00,18.950000000000006,47.25,23.015625
2021-07-14 19:00:00,18.950000000000006,47.25,23.625
2021-07-14 20:00:00,18.950000000000006,47.25,23.09375
2021-07-14 21:00:00,18.950000000000006,47.25,20.8125
2021-07-14 22:00:00,18.950000000000006,47.25,19.351562
2021-07-14 23:00:00,18.950000000000006,47.25,17.984375
2021-07-15 00:00:00,18.950000000000006,47.25,17.671875
2021-07-15 01:00:00,18.950000000000006,47.25,17.320312
2021-07-15 02:00:00,18.950000000000006,47.25,16.101562
2021-07-15 03:00:00,18.950000000000006,47.25,14.941406
2021-07-15 04:00:00,18.950000000000006,47.25,16.570312
2021-07-15 05:00:00,18.950000000000006,47.25,12.7421875
2021-07-15 06:00:00,18.950000000000006,47.25,11.269531
2021-07-15 07:00:00,18.950000000000006,47.25,9.777344
2021-07-15 08:00:00,18.950000000000006,47.25,8.109375
2021-07-15 09:00:00,18.950000000000006,47.25,7.078125
2021-07-15 10:00:00,18.950000000000006,47.25,6.0
2021-07-15 11:00:00,18.950000000000006,47.25,6.111328
2021-07-15 12:00:00,18.950000000000006,47.25,6.1660156
2021-07-15 13:00:00,18.950000000000006,47.25,6.0507812
2021-07-15 14:00:00,18.950000000000006,47.25,6.0898438
2021-07-15 15:00:00,18.950000000000006,47.25,6.388672
2021-07-15 16:00:00,18.950000000000006,47.25,5.841797
2021-07-15 17:00:00,18.950000000000006,47.25,5.9179688
2021-07-15 18:00:00,18.950000000000006,47.25,5.732422
2021-07-15 19:00:00,18.950000000000006,47.25,6.8789062
2021-07-15 20:00:00,18.950000000000006,47.25,7.6132812
2021-07-15 21:00:00,18.950000000000006,47.25,8.46875
2021-07-15 22:00:00,18.950000000000006,47.25,8.847656
2021-07-15 23:00:00,18.950000000000006,47.25,9.105469
2021-07-16 00:00:00,18.950000000000006,47.25,9.75
2021-07-16 01:00:00,18.950000000000006,47.25,9.5234375
2021-07-16 02:00:00,18.950000000000006,47.25,9.59375
2021-07-16 03:00:00,18.950000000000006,47.25,10.0546875
2021-07-16 04:00:00,18.950000000000006,47.25,10.15625
2021-07-16 05:00:00,18.950000000000006,47.25,11.5625
2021-07-16 06:00:00,18.950000000000006,47.25,11.597656
2021-07-16 07:00:00,18.950000000000006,47.25,13.035156
2021-07-16 08:00:00,18.950000000000006,47.25,12.6640625
2021-07-16 09:00:00,18.950000000000006,47.25,11.652344
2021-07-16 10:00:00,18.950000000000006,47.25,11.207031
2021-07-16 11:00:00,18.950000000000006,47.25,12.089844
2021-07-16 12:00:00,18.950000000000006,47.25,11.472656
2021-07-16 13:00:00,18.950000000000006,47.25,10.609375
2021-07-16 14:00:00,18.950000000000006,47.25,11.855469
2021-07-16 15:00:00,18.950000000000006,47.25,12.234375
2021-07-16 16:00:00,18.950000000000006,47.25,11.78125
2021-07-16 17:00:00,18.950000000000006,47.25,10.769531
2021-07-16 18:00:00,18.950000000000006,47.25,10.816406
2021-07-16 19:00:00,18.950000000000006,47.25,11.285156
2021-07-16 20:00:00,18.950000000000006,47.25,12.121094
2021-07-16 21:00:00,18.950000000000006,47.25,13.761719
2021-07-16 22:00:00,18.950000000000006,47.25,12.90625
2021-07-16 23:00:00,18.950000000000006,47.25,11.402344
2021-07-17 00:00:00,18.950000000000006,47.25,12.7109375
2021-07-17 01:00:00,18.950000000000006,47.25,12.238281
2021-07-17 02:00:00,18.950000000000006,47.25,11.40625
2021-07-17 03:00:00,18.950000000000006,47.25,10.5859375
2021-07-17 04:00:00,18.950000000000006,47.25,10.503906
2021-07-17 05:00:00,18.950000000000006,47.25,10.449219
2021-07-17 06:00:00,18.950000000000006,47.25,11.140625
2021-07-17 07:00:00,18.950000000000006,47.25,12.277344
2021-07-17 08:00:00,18.950000000000006,47.25,11.957031
2021-07-17 09:00:00,18.950000000000006,47.25,11.8828125
2021-07-17 10:00:00,18.950000000000006,47.25,12.082031
2021-07-17 11:00:00,18.950000000000006,47.25,13.597656
2021-07-17 12:00:00,18.950000000000006,47.25,12.925781
2021-07-17 13:00:00,18.950000000000006,47.25,15.0625
2021-07-17 14:00:00,18.950000000000006,47.25,13.21875
2021-07-17 15:00:00,18.950000000000006,47.25,14.125
2021-07-17 16:00:00,18.950000000000006,47.25,13.8125
2021-07-17 17:00:00,18.950000000000006,47.25,13.253906
2021-07-17 18:00:00,18.950000000000006,47.25,13.128906
2021-07-17 19:00:00,18.950000000000006,47.25,13.546875
2021-07-17 20:00:00,18.950000000000006,47.25,15.21875
2021-07-17 21:00:00,18.950000000000006,47.25,15.15625
2021-07-17 22:00:00,18.950000000000006,47.25,15.546875
2021-07-17 23:00:00,18.950000000000006,47.25,15.722656
2021-07-18 00:00:00,18.950000000000006,47.25,15.265625
2021-07-18 01:00:00,18.950000000000006,47.25,13.25
2021-07-18 02:00:00,18.950000000000006,47.25,14.84375
2021-07-18 03:00:00,18.950000000000006,47.25,15.15625
2021-07-18 04:00:00,18.950000000000006,47.25,15.75
2021-07-18 05:00:00,18.950000000000006,47.25,17.101562
2021-07-18 06:00:00,18.950000000000006,47.25,18.9375
2021-07-18 07:00:00,18.950000000000006,47.25,20.273438
2021-07-18 08:00:00,18.950000000000006,47.25,21.382812
2021-07-18 09:00:00,18.950000000000006,47.25,17.828125
2021-07-18 10:00:00,18.950000000000006,47.25,18.195312
2021-07-18 11:00:00,18.950000000000006,47.25,18.15625
2021-07-18 12:00:00,18.950000000000006,47.25,16.5625
2021-07-18 13:00:00,18.950000000000006,47.25,15.71875
2021-07-18 14:00:00,18.950000000000006,47.25,15.609375
2021-07-18 15:00:00,18.950000000000006,47.25,13.542969
2021-07-18 16:00:00,18.950000000000006,47.25,11.984375
2021-07-18 17:00:00,18.950000000000006,47.25,11.0859375
2021-07-18 18:00:00,18.950000000000006,47.25,12.6171875
2021-07-18 19:00:00,18.950000000000006,47.25,12.5546875
2021-07-18 20:00:00,18.950000000000006,47.25,12.472656
2021-07-18 21:00:00,18.950000000000006,47.25,12.2734375
2021-07-18 22:00:00,18.950000000000006,47.25,10.636719
2021-07-18 23:00:00,18.950000000000006,47.25,10.472656
2021-07-19 00:00:00,18.950000000000006,47.25,10.761719
2021-07-19 01:00:00,18.950000000000006,47.25,9.871094
2021-07-19 02:00:00,18.950000000000006,47.25,10.0546875
2021-07-19 03:00:00,18.950000000000006,47.25,9.9375
2021-07-19 04:00:00,18.950000000000006,47.25,11.6640625
2021-07-19 05:00:00,18.950000000000006,47.25,11.9453125
2021-07-19 06:00:00,18.950000000000006,47.25,12.1953125
2021-07-19 07:00:00,18.950000000000006,47.25,12.078125
2021-07-19 08:00:00,18.950000000000006,47.25,12.140625
2021-07-19 09:00:00,18.950000000000006,47.25,11.484375
2021-07-19 10:00:00,18.950000000000006,47.25,11.785156
2021-07-19 11:00:00,18.950000000000006,47.25,11.78125
2021-07-19 12:00:00,18.950000000000006,47.25,10.8984375
2021-07-19 13:00:00,18.950000000000006,47.25,10.996094
2021-07-19 14:00:00,18.950000000000006,47.25,10.375
2021-07-19 15:00:00,18.950000000000006,47.25,9.6953125
2021-07-19 16:00:00,18.950000000000006,47.25,10.3125
2021-07-19 17:00:00,18.950000000000006,47.25,11.5625
2021-07-19 18:00:00,18.950000000000006,47.25,11.074219
2021-07-19 19:00:00,18.950000000000006,47.25,11.675781
2021-07-19 20:00:00,18.950000000000006,47.25,10.738281
2021-07-19 21:00:00,18.950000000000006,47.25,10.515625
2021-07-19 22:00:00,18.950000000000006,47.25,10.84375
2021-07-19 23:00:00,18.950000000000006,47.25,11.035156
2021-07-20 00:00:00,18.950000000000006,47.25,11.7109375
2021-07-20 01:00:00,18.950000000000006,47.25,12.96875
2021-07-20 02:00:00,18.950000000000006,47.25,13.957031
2021-07-20 03:00:00,18.950000000000006,47.25,12.582031
2021-07-20 04:00:00,18.950000000000006,47.25,13.332031
2021-07-20 05:00:00,18.950000000000006,47.25,15.4765625
2021-07-20 06:00:00,18.950000000000006,47.25,16.335938
2021-07-20 07:00:00,18.950000000000006,47.25,15.261719
2021-07-20 08:00:00,18.950000000000006,47.25,14.828125
2021-07-20 09:00:00,18.950000000000006,47.25,14.980469
2021-07-20 10:00:00,18.950000000000006,47.25,16.023438
2021-07-20 11:00:00,18.950000000000006,47.25,14.902344
2021-07-20 12:00:00,18.950000000000006,47.25,14.1953125
2021-07-20 13:00:00,18.950000000000006,47.25,14.3125
2021-07-20 14:00:00,18.950000000000006,47.25,14.503906
2021-07-20 15:00:00,18.950000000000006,47.25,13.5625
2021-07-20 16:00:00,18.950000000000006,47.25,13.1875
2021-07-20 17:00:00,18.950000000000006,47.25,12.890625
2021-07-20 18:00:00,18.950000000000006,47.25,12.964844
2021-07-20 19:00:00,18.950000000000006,47.25,13.480469
2021-07-20 20:00:00,18.950000000000006,47.25,13.25
2021-07-20 21:00:00,18.950000000000006,47.25,12.71875
2021-07-20 22:00:00,18.950000000000006,47.25,12.71875
2021-07-20 23:00:00,18.950000000000006,47.25,12.035156
2021-07-21 00:00:00,18.950000000000006,47.25,11.53125
2021-07-21 01:00:00,18.950000000000006,47.25,11.183594
2021-07-21 02:00:00,18.950000000000006,47.25,10.3671875
2021-07-21 03:00:00,18.950000000000006,47.25,10.535156
2021-07-21 04:00:00,18.950000000000006,47.25,10.871094
2021-07-21 05:00:00,18.950000000000006,47.25,10.40625
2021-07-21 06:00:00,18.950000000000006,47.25,10.46875
2021-07-21 07:00:00,18.950000000000006,47.25,10.871094
2021-07-21 08:00:00,18.950000000000006,47.25,11.0546875
2021-07-21 09:00:00,18.950000000000006,47.25,10.058594
2021-07-21 10:00:00,18.950000000000006,47.25,9.7265625
2021-07-21 11:00:00,18.950000000000006,47.25,10.4765625
2021-07-21 12:00:00,18.950000000000006,47.25,10.625
2021-07-21 13:00:00,18.950000000000006,47.25,9.4375
2021-07-21 14:00:00,18.950000000000006,47.25,10.7421875
2021-07-21 15:00:00,18.950000000000006,47.25,11.285156
2021-07-21 16:00:00,18.950000000000006,47.25,11.1171875
2021-07-21 17:00:00,18.950000000000006,47.25,11.0
2021-07-21 18:00:00,18.950000000000006,47.25,10.355469
2021-07-21 19:00:00,18.950000000000006,47.25,11.394531
2021-07-21 20:00:00,18.950000000000006,47.25,12.1640625
2021-07-21 21:00:00,18.950000000000006,47.25,12.589844
2021-07-21 22:00:00,18.950000000000006,47.25,11.25
2021-07-21 23:00:00,18.950000000000006,47.25,11.464844
2021-07-22 00:00:00,18.950000000000006,47.25,11.230469
2021-07-22 01:00:00,18.950000000000006,47.25,11.34375
2021-07-22 02:00:00,18.950000000000006,47.25,12.8984375
2021-07-22 03:00:00,18.950000000000006,47.25,14.0
2021-07-22 04:00:00,18.950000000000006,47.25,12.40625
2021-07-22 05:00:00,18.950000000000006,47.25,13.1875
2021-07-22 06:00:00,18.950000000000006,47.25,12.933594
2021-07-22 07:00:00,18.950000000000006,47.25,13.8203125
2021-07-22 08:00:00,18.950000000000006,47.25,13.4453125
2021-07-22 09:00:00,18.950000000000006,47.25,12.871094
2021-07-22 10:00:00,18.950000000000006,47.25,12.980469
2021-07-22 11:00:00,18.950000000000006,47.25,12.933594
2021-07-22 12:00:00,18.950000000000006,47.25,12.167969
2021-07-22 13:00:00,18.950000000000006,47.25,12.730469
2021-07-22 14:00:00,18.950000000000006,47.25,11.984375
2021-07-22 15:00:00,18.950000000000006,47.25,11.589844
2021-07-22 16:00:00,18.950000000000006,47.25,11.488281
2021-07-22 17:00:00,18.950000000000006,47.25,11.8828125
2021-07-22 18:00:00,18.950000000000006,47.25,14.6484375
2021-07-22 19:00:00,18.950000000000006,47.25,15.847656
2021-07-22 20:00:00,18.950000000000006,47.25,18.625
2021-07-22 21:00:00,18.950000000000006,47.25,21.6875
2021-07-22 22:00:00,18.950000000000006,47.25,21.25
2021-07-22 23:00:00,18.950000000000006,47.25,21.625
2021-07-23 00:00:00,18.950000000000006,47.25,22.75
2021-07-23 01:00:00,18.950000000000006,47.25,18.8125
2021-07-23 02:00:00,18.950000000000006,47.25,17.3125
2021-07-23 03:00:00,18.950000000000006,47.25,16.125
2021-07-23 04:00:00,18.950000000000006,47.25,15.386719
2021-07-23 05:00:00,18.950000000000006,47.25,13.238281
2021-07-23 06:00:00,18.950000000000006,47.25,13.480469
2021-07-23 07:00:00,18.950000000000006,47.25,13.167969
2021-07-23 08:00:00,18.950000000000006,47.25,13.8203125
2021-07-23 09:00:00,18.950000000000006,47.25,14.3046875
2021-07-23 10:00:00,18.950000000000006,47.25,13.4140625
2021-07-23 11:00:00,18.950000000000006,47.25,12.78125
2021-07-23 12:00:00,18.950000000000006,47.25,12.558594
2021-07-23 13:00:00,18.950000000000006,47.25,10.8125
2021-07-23 14:00:00,18.950000000000006,47.25,10.921875
2021-07-23 15:00:00,18.950000000000006,47.25,11.292969
2021-07-23 16:00:00,18.950000000000006,47.25,11.75
2021-07-23 17:00:00,18.950000000000006,47.25,12.8203125
2021-07-23 18:00:00,18.950000000000006,47.25,13.890625
2021-07-23 19:00:00,18.950000000000006,47.25,14.910156
2021-07-23 20:00:00,18.950000000000006,47.25,15.566406
2021-07-23 21:00:00,18.950000000000006,47.25,16.367188
2021-07-23 22:00:00,18.950000000000006,47.25,17.28125
2021-07-23 23:00:00,18.950000000000006,47.25,17.882812
2021-07-24 00:00:00,18.950000000000006,47.25,20.367188
2021-07-24 01:00:00,18.950000000000006,47.25,20.15625
2021-07-24 02:00:00,18.950000000000006,47.25,21.34375
2021-07-24 03:00:00,18.950000000000006,47.25,22.273438
2021-07-24 04:00:00,18.950000000000006,47.25,20.046875
2021-07-24 05:00:00,18.950000000000006,47.25,17.65625
2021-07-24 06:00:00,18.950000000000006,47.25,18.054688
2021-07-24 07:00:00,18.950000000000006,47.25,16.125
2021-07-24 08:00:00,18.950000000000006,47.25,15.2265625
2021-07-24 09:00:00,18.950000000000006,47.25,14.597656
2021-07-24 10:00:00,18.950000000000006,47.25,13.566406
2021-07-24 11:00:00,18.950000000000006,47.25,12.859375
2021-07-24 12:00:00,18.950000000000006,47.25,12.808594
2021-07-24 13:00:00,18.950000000000006,47.25,11.890625
2021-07-24 14:00:00,18.950000000000006,47.25,11.8125
2021-07-24 15:00:00,18.950000000000006,47.25,11.292969
2021-07-24 16:00:00,18.950000000000006,47.25,11.355469
2021-07-24 17:00:00,18.950000000000006,47.25,11.824219
2021-07-24 18:00:00,18.950000000000006,47.25,12.5859375
2021-07-24 19:00:00,18.950000000000006,47.25,13.8125
2021-07-24 20:00:00,18.950000000000006,47.25,14.160156
2021-07-24 21:00:00,18.950000000000006,47.25,15.8828125
2021-07-24 22:00:00,18.950000000000006,47.25,16.703125
2021-07-24 23:00:00,18.950000000000006,47.25,16.046875
2021-07-25 00:00:00,18.950000000000006,47.25,16.75
2021-07-25 01:00:00,18.950000000000006,47.25,17.390625
2021-07-25 02:00:00,18.950000000000006,47.25,17.351562
2021-07-25 03:00:00,18.950000000000006,47.25,18.0625
2021-07-25 04:00:00,18.950000000000006,47.25,19.375
2021-07-25 05:00:00,18.950000000000006,47.25,20.03125
2021-07-25 06:00:00,18.950000000000006,47.25,19.5625
2021-07-25 07:00:00,18.950000000000006,47.25,17.328125
2021-07-25 08:00:00,18.950000000000006,47.25,17.367188
2021-07-25 09:00:00,18.950000000000006,47.25,18.0
2021-07-25 10:00:00,18.950000000000006,47.25,17.164062
2021-07-25 11:00:00,18.950000000000006,47.25,17.164062
2021-07-25 12:00:00,18.950000000000006,47.25,16.945312
2021-07-25 13:00:00,18.950000000000006,47.25,17.109375
2021-07-25 14:00:00,18.950000000000006,47.25,16.960938
2021-07-25 15:00:00,18.950000000000006,47.25,17.8125
2021-07-25 16:00:00,18.950000000000006,47.25,18.335938
2021-07-25 17:00:00,18.950000000000006,47.25,17.835938
2021-07-25 18:00:00,18.950000000000006,47.25,18.03125
2021-07-25 19:00:00,18.950000000000006,47.25,16.359375
2021-07-25 20:00:00,18.950000000000006,47.25,17.375
2021-07-25 21:00:00,18.950000000000006,47.25,20.4375
2021-07-25 22:00:00,18.950000000000006,47.25,20.8125
2021-07-25 23:00:00,18.950000000000006,47.25,20.039062
2021-07-26 00:00:00,18.950000000000006,47.25,18.179688
2021-07-26 01:00:00,18.950000000000006,47.25,18.9375
2021-07-26 02:00:00,18.950000000000006,47.25,18.554688
2021-07-26 03:00:00,18.950000000000006,47.25,14.015625
2021-07-26 04:00:00,18.950000000000006,47.25,13.816406
2021-07-26 05:00:00,18.950000000000006,47.25,15.3203125
2021-07-26 06:00:00,18.950000000000006,47.25,15.7421875
2021-07-26 07:00:00,18.950000000000006,47.25,15.207031
2021-07-26 08:00:00,18.950000000000006,47.25,16.125
2021-07-26 09:00:00,18.950000000000006,47.25,17.046875
2021-07-26 10:00:00,18.950000000000006,47.25,19.4375
2021-07-26 11:00:00,18.950000000000006,47.25,18.03125
2021-07-26 12:00:00,18.950000000000006,47.25,17.609375
2021-07-26 13:00:00,18.950000000000006,47.25,15.6953125
2021-07-26 14:00:00,18.950000000000006,47.25,16.21875
2021-07-26 15:00:00,18.950000000000006,47.25,16.875
2021-07-26 16:00:00,18.950000000000006,47.25,17.328125
2021-07-26 17:00:00,18.950000000000006,47.25,19.15625
2021-07-26 18:00:00,18.950000000000006,47.25,20.460938
2021-07-26 19:00:00,18.950000000000006,47.25,21.359375
2021-07-26 20:00:00,18.950000000000006,47.25,20.3125
2021-07-26 21:00:00,18.950000000000006,47.25,20.273438
2021-07-26 22:00:00,18.950000000000006,47.25,19.59375
2021-07-26 23:00:00,18.950000000000006,47.25,18.859375
2021-07-27 00:00:00,18.950000000000006,47.25,19.414062
2021-07-27 01:00:00,18.950000000000006,47.25,19.75
2021-07-27 02:00:00,18.950000000000006,47.25,18.757812
2021-07-27 03:00:00,18.950000000000006,47.25,18.757812
2021-07-27 04:00:00,18.950000000000006,47.25,19.070312
2021-07-27 05:00:00,18.950000000000006,47.25,19.929688
2021-07-27 06:00:00,18.950000000000006,47.25,17.0
2021-07-27 07:00:00,18.950000000000006,47.25,15.5625
2021-07-27 08:00:00,18.950000000000006,47.25,14.21875
2021-07-27 09:00:00,18.950000000000006,47.25,14.6640625
2021-07-27 10:00:00,18.950000000000006,47.25,14.1328125
2021-07-27 11:00:00,18.950000000000006,47.25,14.605469
2021-07-27 12:00:00,18.950000000000006,47.25,15.4140625
2021-07-27 13:00:00,18.950000000000006,47.25,15.480469
2021-07-27 14:00:00,18.950000000000006,47.25,15.59375
2021-07-27 15:00:00,18.950000000000006,47.25,15.78125
2021-07-27 16:00:00,18.950000000000006,47.25,15.2734375
2021-07-27 17:00:00,18.950000000000006,47.25,16.015625
2021-07-27 18:00:00,18.950000000000006,47.25,16.148438
2021-07-27 19:00:00,18.950000000000006,47.25,16.585938
2021-07-27 20:00:00,18.950000000000006,47.25,16.6875
2021-07-27 21:00:00,18.950000000000006,47.25,16.265625
2021-07-27 22:00:00,18.950000000000006,47.25,16.578125
2021-07-27 23:00:00,18.950000000000006,47.25,16.601562
2021-07-28 00:00:00,18.950000000000006,47.25,15.71875
2021-07-28 01:00:00,18.950000000000006,47.25,15.1875
2021-07-28 02:00:00,18.950000000000006,47.25,15.183594
2021-07-28 03:00:00,18.950000000000006,47.25,15.769531
2021-07-28 04:00:00,18.950000000000006,47.25,16.625
2021-07-28 05:00:00,18.950000000000006,47.25,16.96875
2021-07-28 06:00:00,18.950000000000006,47.25,17.421875
2021-07-28 07:00:00,18.950000000000006,47.25,17.59375
2021-07-28 08:00:00,18.950000000000006,47.25,17.3125
2021-07-28 09:00:00,18.950000000000006,47.25,15.558594
2021-07-28 10:00:00,18.950000000000006,47.25,14.964844
2021-07-28 11:00:00,18.950000000000006,47.25,14.136719
2021-07-28 12:00:00,18.950000000000006,47.25,14.4453125
2021-07-28 13:00:00,18.950000000000006,47.25,13.984375
2021-07-28 14:00:00,18.950000000000006,47.25,13.765625
2021-07-28 15:00:00,18.950000000000006,47.25,14.082031
2021-07-28 16:00:00,18.950000000000006,47.25,15.109375
2021-07-28 17:00:00,18.950000000000006,47.25,17.0625
2021-07-28 18:00:00,18.950000000000006,47.25,16.132812
2021-07-28 19:00:00,18.950000000000006,47.25,15.1171875
2021-07-28 20:00:00,18.950000000000006,47.25,14.0
2021-07-28 21:00:00,18.950000000000006,47.25,14.1015625
2021-07-28 22:00:00,18.950000000000006,47.25,12.769531
2021-07-28 23:00:00,18.950000000000006,47.25,10.25
2021-07-29 00:00:00,18.950000000000006,47.25,9.9140625
2021-07-29 01:00:00,18.950000000000006,47.25,8.1015625
2021-07-29 02:00:00,18.950000000000006,47.25,6.5625
2021-07-29 03:00:00,18.950000000000006,47.25,6.0683594
2021-07-29 04:00:00,18.950000000000006,47.25,6.0585938
2021-07-29 05:00:00,18.950000000000006,47.25,6.767578
2021-07-29 06:00:00,18.950000000000006,47.25,6.7441406
2021-07-29 07:00:00,18.950000000000006,47.25,6.466797
2021-07-29 08:00:00,18.950000000000006,47.25,6.203125
2021-07-29 09:00:00,18.950000000000006,47.25,6.5
2021-07-29 10:00:00,18.950000000000006,47.25,6.5507812
2021-07-29 11:00:00,18.950000000000006,47.25,6.5742188
2021-07-29 12:00:00,18.950000000000006,47.25,6.732422
2021-07-29 13:00:00,18.950000000000006,47.25,6.265625
2021-07-29 14:00:00,18.950000000000006,47.25,6.0
2021-07-29 15:00:00,18.950000000000006,47.25,6.125
2021-07-29 16:00:00,18.950000000000006,47.25,6.203125
2021-07-29 17:00:00,18.950000000000006,47.25,5.84375
2021-07-29 18:00:00,18.950000000000006,47.25,7.390625
2021-07-29 19:00:00,18.950000000000006,47.25,8.09375
2021-07-29 20:00:00,18.950000000000006,47.25,9.4453125
2021-07-29 21:00:00,18.950000000000006,47.25,11.871094
2021-07-29 22:00:00,18.950000000000006,47.25,12.792969
2021-07-29 23:00:00,18.950000000000006,47.25,12.5859375
2021-07-30 00:00:00,18.950000000000006,47.25,11.46875
2021-07-30 01:00:00,18.950000000000006,47.25,11.4765625
2021-07-30 02:00:00,18.950000000000006,47.25,13.3046875
2021-07-30 03:00:00,18.950000000000006,47.25,16.3125
2021-07-30 04:00:00,18.950000000000006,47.25,14.125
2021-07-30 05:00:00,18.950000000000006,47.25,14.8125
2021-07-30 06:00:00,18.950000000000006,47.25,12.167969
2021-07-30 07:00:00,18.950000000000006,47.25,10.988281
2021-07-30 08:00:00,18.950000000000006,47.25,10.964844
2021-07-30 09:00:00,18.950000000000006,47.25,9.511719
2021-07-30 10:00:00,18.950000000000006,47.25,9.175781
2021-07-30 11:00:00,18.950000000000006,47.25,8.9375
2021-07-30 12:00:00,18.950000000000006,47.25,9.1640625
2021-07-30 13:00:00,18.950000000000006,47.25,9.417969
2021-07-30 14:00:00,18.950000000000006,47.25,9.5703125
2021-07-30 15:00:00,18.950000000000006,47.25,10.140625
2021-07-30 16:00:00,18.950000000000006,47.25,10.058594
2021-07-30 17:00:00,18.950000000000006,47.25,10.5078125
2021-07-30 18:00:00,18.950000000000006,47.25,12.871094
2021-07-30 19:00:00,18.950000000000006,47.25,14.503906
2021-07-30 20:00:00,18.950000000000006,47.25,16.171875
2021-07-30 21:00:00,18.950000000000006,47.25,15.6875
2021-07-30 22:00:00,18.950000000000006,47.25,16.4375
2021-07-30 23:00:00,18.950000000000006,47.25,15.5859375
2021-07-31 00:00:00,18.950000000000006,47.25,13.308594
2021-07-31 01:00:00,18.950000000000006,47.25,12.644531
2021-07-31 02:00:00,18.950000000000006,47.25,15.7890625
2021-07-31 03:00:00,18.950000000000006,47.25,13.449219
2021-07-31 04:00:00,18.950000000000006,47.25,11.21875
2021-07-31 05:00:00,18.950000000000006,47.25,10.53125
2021-07-31 06:00:00,18.950000000000006,47.25,9.34375
2021-07-31 07:00:00,18.950000000000006,47.25,9.019531
2021-07-31 08:00:00,18.950000000000006,47.25,9.472656
2021-07-31 09:00:00,18.950000000000006,47.25,9.125
2021-07-31 10:00:00,18.950000000000006,47.25,7.6953125
2021-07-31 11:00:00,18.950000000000006,47.25,8.4296875
2021-07-31 12:00:00,18.950000000000006,47.25,7.361328
2021-07-31 13:00:00,18.950000000000006,47.25,6.7109375
2021-07-31 14:00:00,18.950000000000006,47.25,5.921875
2021-07-31 15:00:00,18.950000000000006,47.25,6.0253906
2021-07-31 16:00:00,18.950000000000006,47.25,6.986328
2021-07-31 17:00:00,18.950000000000006,47.25,7.0703125
2021-07-31 18:00:00,18.950000000000006,47.25,7.1484375
2021-07-31 19:00:00,18.950000000000006,47.25,7.9277344
2021-07-31 20:00:00,18.950000000000006,47.25,8.578125
2021-07-31 21:00:00,18.950000000000006,47.25,8.9296875
2021-07-31 22:00:00,18.950000000000006,47.25,8.6640625
2021-07-31 23:00:00,18.950000000000006,47.25,9.4765625
2021-08-01 00:00:00,18.950000000000006,47.25,9.972656
2021-08-01 01:00:00,18.950000000000006,47.25,12.035156
2021-08-01 02:00:00,18.950000000000006,47.25,11.03125
2021-08-01 03:00:00,18.950000000000006,47.25,10.125
2021-08-01 04:00:00,18.950000000000006,47.25,9.78125
2021-08-01 05:00:00,18.950000000000006,47.25,9.28125
2021-08-01 06:00:00,18.950000000000006,47.25,7.7246094
2021-08-01 07:00:00,18.950000000000006,47.25,7.3632812
2021-08-01 08:00:00,18.950000000000006,47.25,7.986328
2021-08-01 09:00:00,18.950000000000006,47.25,8.8828125
2021-08-01 10:00:00,18.950000000000006,47.25,9.6875
2021-08-01 11:00:00,18.950000000000006,47.25,9.9453125
2021-08-01 12:00:00,18.950000000000006,47.25,11.386719
2021-08-01 13:00:00,18.950000000000006,47.25,14.9296875
2021-08-01 14:00:00,18.950000000000006,47.25,14.4609375
2021-08-01 15:00:00,18.950000000000006,47.25,14.0625
2021-08-01 16:00:00,18.950000000000006,47.25,14.042969
2021-08-01 17:00:00,18.950000000000006,47.25,12.2109375
2021-08-01 18:00:00,18.950000000000006,47.25,10.125
2021-08-01 19:00:00,18.950000000000006,47.25,7.6835938
2021-08-01 20:00:00,18.950000000000006,47.25,6.7714844
2021-08-01 21:00:00,18.950000000000006,47.25,4.828125
2021-08-01 22:00:00,18.950000000000006,47.25,4.4453125
2021-08-01 23:00:00,18.950000000000006,47.25,4.3066406
2021-08-02 00:00:00,18.950000000000006,47.25,4.671875
2021-08-02 01:00:00,18.950000000000006,47.25,4.390625
2021-08-02 02:00:00,18.950000000000006,47.25,4.7617188
2021-08-02 03:00:00,18.950000000000006,47.25,5.232422
2021-08-02 04:00:00,18.950000000000006,47.25,4.888672
2021-08-02 05:00:00,18.950000000000006,47.25,4.5625
2021-08-02 06:00:00,18.950000000000006,47.25,4.3789062
2021-08-02 07:00:00,18.950000000000006,47.25,4.6777344
2021-08-02 08:00:00,18.950000000000006,47.25,4.8007812
2021-08-02 09:00:00,18.950000000000006,47.25,4.8632812
2021-08-02 10:00:00,18.950000000000006,47.25,5.345703
2021-08-02 11:00:00,18.950000000000006,47.25,5.732422
2021-08-02 12:00:00,18.950000000000006,47.25,5.609375
2021-08-02 13:00:00,18.950000000000006,47.25,5.0625
2021-08-02 14:00:00,18.950000000000006,47.25,4.935547
2021-08-02 15:00:00,18.950000000000006,47.25,4.9375
2021-08-02 16:00:00,18.950000000000006,47.25,4.623047
2021-08-02 17:00:00,18.950000000000006,47.25,4.8964844
2021-08-02 18:00:00,18.950000000000006,47.25,5.0566406
2021-08-02 19:00:00,18.950000000000006,47.25,5.5625
2021-08-02 20:00:00,18.950000000000006,47.25,6.6523438
2021-08-02 21:00:00,18.950000000000006,47.25,7.375
2021-08-02 22:00:00,18.950000000000006,47.25,7.6503906
2021-08-02 23:00:00,18.950000000000006,47.25,7.3203125
2021-08-03 00:00:00,18.950000000000006,47.25,8.3125
2021-08-03 01:00:00,18.950000000000006,47.25,8.7578125
2021-08-03 02:00:00,18.950000000000006,47.25,8.527344
2021-08-03 03:00:00,18.950000000000006,47.25,8.5703125
2021-08-03 04:00:00,18.950000000000006,47.25,9.5625
2021-08-03 05:00:00,18.950000000000006,47.25,10.359375
2021-08-03 06:00:00,18.950000000000006,47.25,9.832031
2021-08-03 07:00:00,18.950000000000006,47.25,8.730469
2021-08-03 08:00:00,18.950000000000006,47.25,7.7871094
2021-08-03 09:00:00,18.950000000000006,47.25,7.314453
2021-08-03 10:00:00,18.950000000000006,47.25,6.376953
2021-08-03 11:00:00,18.950000000000006,47.25,6.3671875
2021-08-03 12:00:00,18.950000000000006,47.25,6.2382812
2021-08-03 13:00:00,18.950000000000006,47.25,6.720703
2021-08-03 14:00:00,18.950000000000006,47.25,6.4101562
2021-08-03 15:00:00,18.950000000000006,47.25,6.0566406
2021-08-03 16:00:00,18.950000000000006,47.25,7.328125
2021-08-03 17:00:00,18.950000000000006,47.25,6.8359375
2021-08-03 18:00:00,18.950000000000006,47.25,8.3203125
2021-08-03 19:00:00,18.950000000000006,47.25,8.863281
2021-08-03 20:00:00,18.950000000000006,47.25,9.25
2021-08-03 21:00:00,18.950000000000006,47.25,10.171875
2021-08-03 22:00:00,18.950000000000006,47.25,11.5234375
2021-08-03 23:00:00,18.950000000000006,47.25,12.363281
2021-08-04 00:00:00,18.950000000000006,47.25,11.0625
2021-08-04 01:00:00,18.950000000000006,47.25,9.9765625
2021-08-04 02:00:00,18.950000000000006,47.25,10.03125
2021-08-04 03:00:00,18.950000000000006,47.25,9.46875
2021-08-04 04:00:00,18.950000000000006,47.25,10.2734375
2021-08-04 05:00:00,18.950000000000006,47.25,10.40625
2021-08-04 06:00:00,18.950000000000006,47.25,10.050781
2021-08-04 07:00:00,18.950000000000006,47.25,7.4746094
2021-08-04 08:00:00,18.950000000000006,47.25,7.0839844
2021-08-04 09:00:00,18.950000000000006,47.25,6.7148438
2021-08-04 10:00:00,18.950000000000006,47.25,6.953125
2021-08-04 11:00:00,18.950000000000006,47.25,7.1875
2021-08-04 12:00:00,18.950000000000006,47.25,6.078125
2021-08-04 13:00:00,18.950000000000006,47.25,6.0996094
2021-08-04 14:00:00,18.950000000000006,47.25,5.6132812
2021-08-04 15:00:00,18.950000000000006,47.25,5.8339844
2021-08-04 16:00:00,18.950000000000006,47.25,6.263672
2021-08-04 17:00:00,18.950000000000006,47.25,7.0742188
2021-08-04 18:00:00,18.950000000000006,47.25,8.890625
2021-08-04 19:00:00,18.950000000000006,47.25,10.6875
2021-08-04 20:00:00,18.950000000000006,47.25,10.875
2021-08-04 21:00:00,18.950000000000006,47.25,11.386719
2021-08-04 22:00:00,18.950000000000006,47.25,9.511719
2021-08-04 23:00:00,18.950000000000006,47.25,9.417969
2021-08-05 00:00:00,18.950000000000006,47.25,9.2734375
2021-08-05 01:00:00,18.950000000000006,47.25,9.921875
2021-08-05 02:00:00,18.950000000000006,47.25,9.96875
2021-08-05 03:00:00,18.950000000000006,47.25,8.078125
2021-08-05 04:00:00,18.950000000000006,47.25,8.339844
2021-08-05 05:00:00,18.950000000000006,47.25,9.0078125
2021-08-05 06:00:00,18.950000000000006,47.25,8.667969
2021-08-05 07:00:00,18.950000000000006,47.25,8.660156
2021-08-05 08:00:00,18.950000000000006,47.25,9.296875
2021-08-05 09:00:00,18.950000000000006,47.25,10.847656
2021-08-05 10:00:00,18.950000000000006,47.25,9.027344
2021-08-05 11:00:00,18.950000000000006,47.25,10.078125
2021-08-05 12:00:00,18.950000000000006,47.25,11.011719
2021-08-05 13:00:00,18.950000000000006,47.25,11.308594
2021-08-05 14:00:00,18.950000000000006,47.25,8.71875
2021-08-05 15:00:00,18.950000000000006,47.25,5.7539062
2021-08-05 16:00:00,18.950000000000006,47.25,4.78125
2021-08-05 17:00:00,18.950000000000006,47.25,4.3242188
2021-08-05 18:00:00,18.950000000000006,47.25,3.7109375
2021-08-05 19:00:00,18.950000000000006,47.25,3.6738281
2021-08-05 20:00:00,18.950000000000006,47.25,3.3310547
2021-08-05 21:00:00,18.950000000000006,47.25,3.4482422
2021-08-05 22:00:00,18.950000000000006,47.25,3.5976562
2021-08-05 23:00:00,18.950000000000006,47.25,3.6123047
2021-08-06 00:00:00,18.950000000000006,47.25,3.8251953
2021-08-06 01:00:00,18.950000000000006,47.25,3.834961
2021-08-06 02:00:00,18.950000000000006,47.25,4.4433594
2021-08-06 03:00:00,18.950000000000006,47.25,4.607422
2021-08-06 04:00:00,18.950000000000006,47.25,5.0742188
2021-08-06 05:00:00,18.950000000000006,47.25,5.189453
2021-08-06 06:00:00,18.950000000000006,47.25,4.9960938
2021-08-06 07:00:00,18.950000000000006,47.25,4.9609375
2021-08-06 08:00:00,18.950000000000006,47.25,4.923828
2021-08-06 09:00:00,18.950000000000006,47.25,4.9316406
2021-08-06 10:00:00,18.950000000000006,47.25,5.0507812
2021-08-06 11:00:00,18.950000000000006,47.25,5.2304688
2021-08-06 12:00:00,18.950000000000006,47.25,5.3359375
2021-08-06 13:00:00,18.950000000000006,47.25,4.9453125
2021-08-06 14:00:00,18.950000000000006,47.25,5.203125
2021-08-06 15:00:00,18.950000000000006,47.25,4.59375
2021-08-06 16:00:00,18.950000000000006,47.25,4.701172
2021-08-06 17:00:00,18.950000000000006,47.25,4.9804688
2021-08-06 18:00:00,18.950000000000006,47.25,5.34375
2021-08-06 19:00:00,18.950000000000006,47.25,5.4140625
2021-08-06 20:00:00,18.950000000000006,47.25,5.6347656
2021-08-06 21:00:00,18.950000000000006,47.25,6.455078
2021-08-06 22:00:00,18.950000000000006,47.25,6.2089844
2021-08-06 23:00:00,18.950000000000006,47.25,5.810547
2021-08-07 00:00:00,18.950000000000006,47.25,5.640625
2021-08-07 01:00:00,18.950000000000006,47.25,5.6875
2021-08-07 02:00:00,18.950000000000006,47.25,5.9414062
2021-08-07 03:00:00,18.950000000000006,47.25,6.6796875
2021-08-07 04:00:00,18.950000000000006,47.25,5.919922
2021-08-07 05:00:00,18.950000000000006,47.25,6.1152344
2021-08-07 06:00:00,18.950000000000006,47.25,5.3242188
2021-08-07 07:00:00,18.950000000000006,47.25,5.4414062
2021-08-07 08:00:00,18.950000000000006,47.25,5.7539062
2021-08-07 09:00:00,18.950000000000006,47.25,5.5625
2021-08-07 10:00:00,18.950000000000006,47.25,4.984375
2021-08-07 11:00:00,18.950000000000006,47.25,4.78125
2021-08-07 12:00:00,18.950000000000006,47.25,5.953125
2021-08-07 13:00:00,18.950000000000006,47.25,6.328125
2021-08-07 14:00:00,18.950000000000006,47.25,6.9746094
2021-08-07 15:00:00,18.950000000000006,47.25,6.7070312
2021-08-07 16:00:00,18.950000000000006,47.25,6.3691406
2021-08-07 17:00:00,18.950000000000006,47.25,6.8339844
2021-08-07 18:00:00,18.950000000000006,47.25,7.3867188
2021-08-07 19:00:00,18.950000000000006,47.25,7.5507812
2021-08-07 20:00:00,18.950000000000006,47.25,7.0625
2021-08-07 21:00:00,18.950000000000006,47.25,7.4121094
2021-08-07 22:00:00,18.950000000000006,47.25,7.6152344
2021-08-07 23:00:00,18.950000000000006,47.25,7.5703125
2021-08-08 00:00:00,18.950000000000006,47.25,7.7773438
2021-08-08 01:00:00,18.950000000000006,47.25,7.951172
2021-08-08 02:00:00,18.950000000000006,47.25,8.082031
2021-08-08 03:00:00,18.950000000000006,47.25,8.542969
2021-08-08 04:00:00,18.950000000000006,47.25,8.1015625
2021-08-08 05:00:00,18.950000000000006,47.25,8.9296875
2021-08-08 06:00:00,18.950000000000006,47.25,8.542969
2021-08-08 07:00:00,18.950000000000006,47.25,6.953125
2021-08-08 08:00:00,18.950000000000006,47.25,7.111328
2021-08-08 09:00:00,18.950000000000006,47.25,6.658203
2021-08-08 10:00:00,18.950000000000006,47.25,6.5722656
2021-08-08 11:00:00,18.950000000000006,47.25,6.720703
2021-08-08 12:00:00,18.950000000000006,47.25,7.3359375
2021-08-08 13:00:00,18.950000000000006,47.25,7.6484375
2021-08-08 14:00:00,18.950000000000006,47.25,7.2285156
2021-08-08 15:00:00,18.950000000000006,47.25,7.3339844
2021-08-08 16:00:00,18.950000000000006,47.25,7.109375
2021-08-08 17:00:00,18.950000000000006,47.25,7.9628906
2021-08-08 18:00:00,18.950000000000006,47.25,8.1640625
2021-08-08 19:00:00,18.950000000000006,47.25,9.5
2021-08-08 20:00:00,18.950000000000006,47.25,9.6328125
2021-08-08 21:00:00,18.950000000000006,47.25,9.746094
2021-08-08 22:00:00,18.950000000000006,47.25,9.046875
2021-08-08 23:00:00,18.950000000000006,47.25,7.0625
2021-08-09 00:00:00,18.950000000000006,47.25,5.7441406
2021-08-09 01:00:00,18.950000000000006,47.25,4.8085938
2021-08-09 02:00:00,18.950000000000006,47.25,4.4902344
2021-08-09 03:00:00,18.950000000000006,47.25,4.1484375
2021-08-09 04:00:00,18.950000000000006,47.25,3.9335938
2021-08-09 05:00:00,18.950000000000006,47.25,4.1015625
2021-08-09 06:00:00,18.950000000000006,47.25,4.9023438
2021-08-09 07:00:00,18.950000000000006,47.25,5.2148438
2021-08-09 08:00:00,18.950000000000006,47.25,5.1289062
2021-08-09 09:00:00,18.950000000000006,47.25,5.294922
2021-08-09 10:00:00,18.950000000000006,47.25,5.6367188
2021-08-09 11:00:00,18.950000000000006,47.25,5.4570312
2021-08-09 12:00:00,18.950000000000006,47.25,5.560547
2021-08-09 13:00:00,18.950000000000006,47.25,5.890625
2021-08-09 14:00:00,18.950000000000006,47.25,5.419922
2021-08-09 15:00:00,18.950000000000006,47.25,5.4160156
2021-08-09 16:00:00,18.950000000000006,47.25,5.0117188
2021-08-09 17:00:00,18.950000000000006,47.25,5.201172
2021-08-09 18:00:00,18.950000000000006,47.25,6.6054688
2021-08-09 19:00:00,18.950000000000006,47.25,7.3710938
2021-08-09 20:00:00,18.950000000000006,47.25,7.5371094
2021-08-09 21:00:00,18.950000000000006,47.25,8.2421875
2021-08-09 22:00:00,18.950000000000006,47.25,8.9375
2021-08-09 23:00:00,18.950000000000006,47.25,9.7265625
2021-08-10 00:00:00,18.950000000000006,47.25,10.425781
2021-08-10 01:00:00,18.950000000000006,47.25,10.6875
2021-08-10 02:00:00,18.950000000000006,47.25,10.4375
2021-08-10 03:00:00,18.950000000000006,47.25,10.1328125
2021-08-10 04:00:00,18.950000000000006,47.25,9.691406
2021-08-10 05:00:00,18.950000000000006,47.25,9.074219
2021-08-10 06:00:00,18.950000000000006,47.25,8.636719
2021-08-10 07:00:00,18.950000000000006,47.25,9.261719
2021-08-10 08:00:00,18.950000000000006,47.25,9.359375
2021-08-10 09:00:00,18.950000000000006,47.25,8.753906
2021-08-10 10:00:00,18.950000000000006,47.25,8.640625
2021-08-10 11:00:00,18.950000000000006,47.25,7.685547
2021-08-10 12:00:00,18.950000000000006,47.25,7.3007812
2021-08-10 13:00:00,18.950000000000006,47.25,6.78125
2021-08-10 14:00:00,18.950000000000006,47.25,6.4648438
2021-08-10 15:00:00,18.950000000000006,47.25,7.0566406
2021-08-10 16:00:00,18.950000000000006,47.25,7.609375
2021-08-10 17:00:00,18.950000000000006,47.25,7.544922
2021-08-10 18:00:00,18.950000000000006,47.25,8.707031
2021-08-10 19:00:00,18.950000000000006,47.25,9.8828125
2021-08-10 20:00:00,18.950000000000006,47.25,10.9609375
2021-08-10 21:00:00,18.950000000000006,47.25,10.496094
2021-08-10 22:00:00,18.950000000000006,47.25,10.359375
2021-08-10 23:00:00,18.950000000000006,47.25,11.652344
2021-08-11 00:00:00,18.950000000000006,47.25,12.6875
2021-08-11 01:00:00,18.950000000000006,47.25,11.566406
2021-08-11 02:00:00,18.950000000000006,47.25,11.113281
2021-08-11 03:00:00,18.950000000000006,47.25,11.4453125
2021-08-11 04:00:00,18.950000000000006,47.25,10.515625
2021-08-11 05:00:00,18.950000000000006,47.25,10.542969
2021-08-11 06:00:00,18.950000000000006,47.25,8.660156
2021-08-11 07:00:00,18.950000000000006,47.25,9.0625
2021-08-11 08:00:00,18.950000000000006,47.25,10.019531
2021-08-11 09:00:00,18.950000000000006,47.25,10.8125
2021-08-11 10:00:00,18.950000000000006,47.25,9.9140625
2021-08-11 11:00:00,18.950000000000006,47.25,9.3046875
2021-08-11 12:00:00,18.950000000000006,47.25,8.433594
2021-08-11 13:00:00,18.950000000000006,47.25,7.5
2021-08-11 14:00:00,18.950000000000006,47.25,7.15625
2021-08-11 15:00:00,18.950000000000006,47.25,7.3125
2021-08-11 16:00:00,18.950000000000006,47.25,7.267578
2021-08-11 17:00:00,18.950000000000006,47.25,8.015625
2021-08-11 18:00:00,18.950000000000006,47.25,9.121094
2021-08-11 19:00:00,18.950000000000006,47.25,8.609375
2021-08-11 20:00:00,18.950000000000006,47.25,9.308594
2021-08-11 21:00:00,18.950000000000006,47.25,10.09375
2021-08-11 22:00:00,18.950000000000006,47.25,10.027344
2021-08-11 23:00:00,18.950000000000006,47.25,9.4140625
2021-08-12 00:00:00,18.950000000000006,47.25,9.921875
2021-08-12 01:00:00,18.950000000000006,47.25,10.574219
2021-08-12 02:00:00,18.950000000000006,47.25,11.410156
2021-08-12 03:00:00,18.950000000000006,47.25,12.378906
2021-08-12 04:00:00,18.950000000000006,47.25,12.457031
2021-08-12 05:00:00,18.950000000000006,47.25,12.589844
2021-08-12 06:00:00,18.950000000000006,47.25,13.7109375
2021-08-12 07:00:00,18.950000000000006,47.25,13.644531
2021-08-12 08:00:00,18.950000000000006,47.25,13.027344
2021-08-12 09:00:00,18.950000000000006,47.25,11.730469
2021-08-12 10:00:00,18.950000000000006,47.25,11.28125
2021-08-12 11:00:00,18.950000000000006,47.25,10.339844
2021-08-12 12:00:00,18.950000000000006,47.25,9.550781
2021-08-12 13:00:00,18.950000000000006,47.25,9.421875
2021-08-12 14:00:00,18.950000000000006,47.25,9.746094
2021-08-12 15:00:00,18.950000000000006,47.25,10.09375
2021-08-12 16:00:00,18.950000000000006,47.25,9.558594
2021-08-12 17:00:00,18.950000000000006,47.25,10.457031
2021-08-12 18:00:00,18.950000000000006,47.25,11.234375
2021-08-12 19:00:00,18.950000000000006,47.25,13.527344
2021-08-12 20:00:00,18.950000000000006,47.25,14.5703125
2021-08-12 21:00:00,18.950000000000006,47.25,14.609375
2021-08-12 22:00:00,18.950000000000006,47.25,14.496094
2021-08-12 23:00:00,18.950000000000006,47.25,13.144531
2021-08-13 00:00:00,18.950000000000006,47.25,13.996094
2021-08-13 01:00:00,18.950000000000006,47.25,12.847656
2021-08-13 02:00:00,18.950000000000006,47.25,10.984375
2021-08-13 03:00:00,18.950000000000006,47.25,9.816406
2021-08-13 04:00:00,18.950000000000006,47.25,10.355469
2021-08-13 05:00:00,18.950000000000006,47.25,9.7109375
2021-08-13 06:00:00,18.950000000000006,47.25,10.4609375
2021-08-13 07:00:00,18.950000000000006,47.25,11.2734375
2021-08-13 08:00:00,18.950000000000006,47.25,11.5
2021-08-13 09:00:00,18.950000000000006,47.25,11.0703125
2021-08-13 10:00:00,18.950000000000006,47.25,11.527344
2021-08-13 11:00:00,18.950000000000006,47.25,11.636719
2021-08-13 12:00:00,18.950000000000006,47.25,10.734375
2021-08-13 13:00:00,18.950000000000006,47.25,10.839844
2021-08-13 14:00:00,18.950000000000006,47.25,12.59375
2021-08-13 15:00:00,18.950000000000006,47.25,12.0234375
2021-08-13 16:00:00,18.950000000000006,47.25,11.855469
2021-08-13 17:00:00,18.950000000000006,47.25,11.9296875
2021-08-13 18:00:00,18.950000000000006,47.25,12.2734375
2021-08-13 19:00:00,18.950000000000006,47.25,14.09375
2021-08-13 20:00:00,18.950000000000006,47.25,14.730469
2021-08-13 21:00:00,18.950000000000006,47.25,15.4765625
2021-08-13 22:00:00,18.950000000000006,47.25,15.1484375
2021-08-13 23:00:00,18.950000000000006,47.25,15.1953125
2021-08-14 00:00:00,18.950000000000006,47.25,13.2109375
2021-08-14 01:00:00,18.950000000000006,47.25,13.535156
2021-08-14 02:00:00,18.950000000000006,47.25,14.1796875
2021-08-14 03:00:00,18.950000000000006,47.25,15.28125
2021-08-14 04:00:00,18.950000000000006,47.25,16.359375
2021-08-14 05:00:00,18.950000000000006,47.25,15.890625
2021-08-14 06:00:00,18.950000000000006,47.25,15.457031
2021-08-14 07:00:00,18.950000000000006,47.25,14.519531
2021-08-14 08:00:00,18.950000000000006,47.25,14.964844
2021-08-14 09:00:00,18.950000000000006,47.25,13.9609375
2021-08-14 10:00:00,18.950000000000006,47.25,13.875
2021-08-14 11:00:00,18.950000000000006,47.25,14.0
2021-08-14 12:00:00,18.950000000000006,47.25,13.5
2021-08-14 13:00:00,18.950000000000006,47.25,12.65625
2021-08-14 14:00:00,18.950000000000006,47.25,12.628906
2021-08-14 15:00:00,18.950000000000006,47.25,11.5
2021-08-14 16:00:00,18.950000000000006,47.25,10.542969
2021-08-14 17:00:00,18.950000000000006,47.25,11.046875
2021-08-14 18:00:00,18.950000000000006,47.25,10.574219
2021-08-14 19:00:00,18.950000000000006,47.25,13.625
2021-08-14 20:00:00,18.950000000000006,47.25,15.738281
2021-08-14 21:00:00,18.950000000000006,47.25,17.78125
2021-08-14 22:00:00,18.950000000000006,47.25,16.632812
2021-08-14 23:00:00,18.950000000000006,47.25,17.21875
2021-08-15 00:00:00,18.950000000000006,47.25,17.945312
2021-08-15 01:00:00,18.950000000000006,47.25,17.164062
2021-08-15 02:00:00,18.950000000000006,47.25,16.914062
2021-08-15 03:00:00,18.950000000000006,47.25,15.925781
2021-08-15 04:00:00,18.950000000000006,47.25,15.847656
2021-08-15 05:00:00,18.950000000000006,47.25,15.4140625
2021-08-15 06:00:00,18.950000000000006,47.25,14.902344
2021-08-15 07:00:00,18.950000000000006,47.25,13.785156
2021-08-15 08:00:00,18.950000000000006,47.25,13.199219
2021-08-15 09:00:00,18.950000000000006,47.25,13.5546875
2021-08-15 10:00:00,18.950000000000006,47.25,14.839844
2021-08-15 11:00:00,18.950000000000006,47.25,17.320312
2021-08-15 12:00:00,18.950000000000006,47.25,15.53125
2021-08-15 13:00:00,18.950000000000006,47.25,14.375
2021-08-15 14:00:00,18.950000000000006,47.25,16.945312
2021-08-15 15:00:00,18.950000000000006,47.25,16.53125
2021-08-15 16:00:00,18.950000000000006,47.25,16.53125
2021-08-15 17:00:00,18.950000000000006,47.25,15.707031
2021-08-15 18:00:00,18.950000000000006,47.25,16.625
2021-08-15 19:00:00,18.950000000000006,47.25,14.5234375
2021-08-15 20:00:00,18.950000000000006,47.25,14.765625
2021-08-15 21:00:00,18.950000000000006,47.25,15.144531
2021-08-15 22:00:00,18.950000000000006,47.25,15.625
2021-08-15 23:00:00,18.950000000000006,47.25,14.5078125
2021-08-16 00:00:00,18.950000000000006,47.25,14.027344
2021-08-16 01:00:00,18.950000000000006,47.25,13.488281
2021-08-16 02:00:00,18.950000000000006,47.25,13.328125
2021-08-16 03:00:00,18.950000000000006,47.25,12.4765625
2021-08-16 04:00:00,18.950000000000006,47.25,12.8984375
2021-08-16 05:00:00,18.950000000000006,47.25,11.8515625
2021-08-16 06:00:00,18.950000000000006,47.25,12.546875
2021-08-16 07:00:00,18.950000000000006,47.25,13.269531
2021-08-16 08:00:00,18.950000000000006,47.25,13.875
2021-08-16 09:00:00,18.950000000000006,47.25,12.890625
2021-08-16 10:00:00,18.950000000000006,47.25,12.582031
2021-08-16 11:00:00,18.950000000000006,47.25,11.324219
2021-08-16 12:00:00,18.950000000000006,47.25,12.738281
2021-08-16 13:00:00,18.950000000000006,47.25,14.09375
2021-08-16 14:00:00,18.950000000000006,47.25,13.59375
2021-08-16 15:00:00,18.950000000000006,47.25,13.03125
2021-08-16 16:00:00,18.950000000000006,47.25,13.3203125
2021-08-16 17:00:00,18.950000000000006,47.25,13.667969
2021-08-16 18:00:00,18.950000000000006,47.25,13.582031
2021-08-16 19:00:00,18.950000000000006,47.25,15.21875
2021-08-16 20:00:00,18.950000000000006,47.25,15.957031
2021-08-16 21:00:00,18.950000000000006,47.25,14.777344
2021-08-16 22:00:00,18.950000000000006,47.25,14.2109375
2021-08-16 23:00:00,18.950000000000006,47.25,10.808594
2021-08-17 00:00:00,18.950000000000006,47.25,7.423828
2021-08-17 01:00:00,18.950000000000006,47.25,5.28125
2021-08-17 02:00:00,18.950000000000006,47.25,5.939453
2021-08-17 03:00:00,18.950000000000006,47.25,5.7109375
2021-08-17 04:00:00,18.950000000000006,47.25,5.439453
2021-08-17 05:00:00,18.950000000000006,47.25,3.9960938
2021-08-17 06:00:00,18.950000000000006,47.25,4.25
2021-08-17 07:00:00,18.950000000000006,47.25,4.4882812
2021-08-17 08:00:00,18.950000000000006,47.25,4.578125
2021-08-17 09:00:00,18.950000000000006,47.25,4.7304688
2021-08-17 10:00:00,18.950000000000006,47.25,3.71875
2021-08-17 11:00:00,18.950000000000006,47.25,3.2226562
2021-08-17 12:00:00,18.950000000000006,47.25,3.1367188
2021-08-17 13:00:00,18.950000000000006,47.25,3.5908203
2021-08-17 14:00:00,18.950000000000006,47.25,3.508789
2021-08-17 15:00:00,18.950000000000006,47.25,4.4257812
2021-08-17 16:00:00,18.950000000000006,47.25,4.0410156
2021-08-17 17:00:00,18.950000000000006,47.25,4.3789062
2021-08-17 18:00:00,18.950000000000006,47.25,4.923828
2021-08-17 19:00:00,18.950000000000006,47.25,4.9785156
2021-08-17 20:00:00,18.950000000000006,47.25,4.9414062
2021-08-17 21:00:00,18.950000000000006,47.25,4.970703
2021-08-17 22:00:00,18.950000000000006,47.25,4.9628906
2021-08-17 23:00:00,18.950000000000006,47.25,4.7714844
2021-08-18 00:00:00,18.950000000000006,47.25,4.84375
2021-08-18 01:00:00,18.950000000000006,47.25,5.3398438
2021-08-18 02:00:00,18.950000000000006,47.25,5.3125
2021-08-18 03:00:00,18.950000000000006,47.25,5.0214844
2021-08-18 04:00:00,18.950000000000006,47.25,5.423828
2021-08-18 05:00:00,18.950000000000006,47.25,5.7089844
2021-08-18 06:00:00,18.950000000000006,47.25,5.5351562
2021-08-18 07:00:00,18.950000000000006,47.25,5.8085938
2021-08-18 08:00:00,18.950000000000006,47.25,5.3867188
2021-08-18 09:00:00,18.950000000000006,47.25,6.1328125
2021-08-18 10:00:00,18.950000000000006,47.25,5.486328
2021-08-18 11:00:00,18.950000000000006,47.25,5.3164062
2021-08-18 12:00:00,18.950000000000006,47.25,5.0253906
2021-08-18 13:00:00,18.950000000000006,47.25,4.7441406
2021-08-18 14:00:00,18.950000000000006,47.25,5.0097656
2021-08-18 15:00:00,18.950000000000006,47.25,4.935547
2021-08-18 16:00:00,18.950000000000006,47.25,5.2128906
2021-08-18 17:00:00,18.950000000000006,47.25,5.544922
2021-08-18 18:00:00,18.950000000000006,47.25,6.3496094
2021-08-18 19:00:00,18.950000000000006,47.25,7.466797
2021-08-18 20:00:00,18.950000000000006,47.25,8.332031
2021-08-18 21:00:00,18.950000000000006,47.25,9.738281
2021-08-18 22:00:00,18.950000000000006,47.25,9.6484375
2021-08-18 23:00:00,18.950000000000006,47.25,9.34375
2021-08-19 00:00:00,18.950000000000006,47.25,9.140625
2021-08-19 01:00:00,18.950000000000006,47.25,8.792969
2021-08-19 02:00:00,18.950000000000006,47.25,9.7265625
2021-08-19 03:00:00,18.950000000000006,47.25,9.65625
2021-08-19 04:00:00,18.950000000000006,47.25,7.4746094
2021-08-19 05:00:00,18.950000000000006,47.25,9.175781
2021-08-19 06:00:00,18.950000000000006,47.25,10.0703125
2021-08-19 07:00:00,18.950000000000006,47.25,8.40625
2021-08-19 08:00:00,18.950000000000006,47.25,7.4746094
2021-08-19 09:00:00,18.950000000000006,47.25,7.03125
2021-08-19 10:00:00,18.950000000000006,47.25,6.5625
2021-08-19 11:00:00,18.950000000000006,47.25,6.654297
2021-08-19 12:00:00,18.950000000000006,47.25,6.1933594
2021-08-19 13:00:00,18.950000000000006,47.25,5.59375
2021-08-19 14:00:00,18.950000000000006,47.25,5.2460938
2021-08-19 15:00:00,18.950000000000006,47.25,5.8710938
2021-08-19 16:00:00,18.950000000000006,47.25,6.1503906
2021-08-19 17:00:00,18.950000000000006,47.25,6.9179688
2021-08-19 18:00:00,18.950000000000006,47.25,8.3984375
2021-08-19 19:00:00,18.950000000000006,47.25,9.746094
2021-08-19 20:00:00,18.950000000000006,47.25,9.816406
2021-08-19 21:00:00,18.950000000000006,47.25,9.816406
2021-08-19 22:00:00,18.950000000000006,47.25,8.7578125
2021-08-19 23:00:00,18.950000000000006,47.25,8.847656
2021-08-20 00:00:00,18.950000000000006,47.25,9.2421875
2021-08-20 01:00:00,18.950000000000006,47.25,9.574219
2021-08-20 02:00:00,18.950000000000006,47.25,10.109375
2021-08-20 03:00:00,18.950000000000006,47.25,10.921875
2021-08-20 04:00:00,18.950000000000006,47.25,12.4296875
2021-08-20 05:00:00,18.950000000000006,47.25,14.300781
2021-08-20 06:00:00,18.950000000000006,47.25,13.5859375
2021-08-20 07:00:00,18.950000000000006,47.25,10.769531
2021-08-20 08:00:00,18.950000000000006,47.25,11.566406
2021-08-20 09:00:00,18.950000000000006,47.25,8.90625
2021-08-20 10:00:00,18.950000000000006,47.25,8.605469
2021-08-20 11:00:00,18.950000000000006,47.25,7.923828
2021-08-20 12:00:00,18.950000000000006,47.25,7.6621094
2021-08-20 13:00:00,18.950000000000006,47.25,7.189453
2021-08-20 14:00:00,18.950000000000006,47.25,6.751953
2021-08-20 15:00:00,18.950000000000006,47.25,6.7617188
2021-08-20 16:00:00,18.950000000000006,47.25,6.5898438
2021-08-20 17:00:00,18.950000000000006,47.25,8.34375
2021-08-20 18:00:00,18.950000000000006,47.25,10.7734375
2021-08-20 19:00:00,18.950000000000006,47.25,11.625
2021-08-20 20:00:00,18.950000000000006,47.25,13.125
2021-08-20 21:00:00,18.950000000000006,47.25,13.832031
2021-08-20 22:00:00,18.950000000000006,47.25,13.0078125
2021-08-20 23:00:00,18.950000000000006,47.25,11.535156
2021-08-21 00:00:00,18.950000000000006,47.25,10.7109375
2021-08-21 01:00:00,18.950000000000006,47.25,11.558594
2021-08-21 02:00:00,18.950000000000006,47.25,12.125
2021-08-21 03:00:00,18.950000000000006,47.25,10.941406
2021-08-21 04:00:00,18.950000000000006,47.25,10.8984375
2021-08-21 05:00:00,18.950000000000006,47.25,10.765625
2021-08-21 06:00:00,18.950000000000006,47.25,9.4765625
2021-08-21 07:00:00,18.950000000000006,47.25,8.503906
2021-08-21 08:00:00,18.950000000000006,47.25,9.28125
2021-08-21 09:00:00,18.950000000000006,47.25,8.699219
2021-08-21 10:00:00,18.950000000000006,47.25,7.890625
2021-08-21 11:00:00,18.950000000000006,47.25,7.6132812
2021-08-21 12:00:00,18.950000000000006,47.25,6.908203
2021-08-21 13:00:00,18.950000000000006,47.25,6.921875
2021-08-21 14:00:00,18.950000000000006,47.25,6.892578
2021-08-21 15:00:00,18.950000000000006,47.25,7.0566406
2021-08-21 16:00:00,18.950000000000006,47.25,7.2578125
2021-08-21 17:00:00,18.950000000000006,47.25,9.1640625
2021-08-21 18:00:00,18.950000000000006,47.25,11.082031
2021-08-21 19:00:00,18.950000000000006,47.25,13.046875
2021-08-21 20:00:00,18.950000000000006,47.25,16.703125
2021-08-21 21:00:00,18.950000000000006,47.25,17.75
2021-08-21 22:00:00,18.950000000000006,47.25,17.25
2021-08-21 23:00:00,18.950000000000006,47.25,18.3125
2021-08-22 00:00:00,18.950000000000006,47.25,17.585938
2021-08-22 01:00:00,18.950000000000006,47.25,16.804688
2021-08-22 02:00:00,18.950000000000006,47.25,16.953125
2021-08-22 03:00:00,18.950000000000006,47.25,16.015625
2021-08-22 04:00:00,18.950000000000006,47.25,14.6953125
2021-08-22 05:00:00,18.950000000000006,47.25,14.660156
2021-08-22 06:00:00,18.950000000000006,47.25,14.121094
2021-08-22 07:00:00,18.950000000000006,47.25,12.546875
2021-08-22 08:00:00,18.950000000000006,47.25,11.390625
2021-08-22 09:00:00,18.950000000000006,47.25,10.8125
2021-08-22 10:00:00,18.950000000000006,47.25,9.078125
2021-08-22 11:00:00,18.950000000000006,47.25,9.050781
2021-08-22 12:00:00,18.950000000000006,47.25,7.8671875
2021-08-22 13:00:00,18.950000000000006,47.25,8.417969
2021-08-22 14:00:00,18.950000000000006,47.25,6.9746094
2021-08-22 15:00:00,18.950000000000006,47.25,8.2734375
2021-08-22 16:00:00,18.950000000000006,47.25,8.199219
2021-08-22 17:00:00,18.950000000000006,47.25,9.0625
2021-08-22 18:00:00,18.950000000000006,47.25,9.550781
2021-08-22 19:00:00,18.950000000000006,47.25,10.089844
2021-08-22 20:00:00,18.950000000000006,47.25,10.496094
2021-08-22 21:00:00,18.950000000000006,47.25,10.3203125
2021-08-22 22:00:00,18.950000000000006,47.25,11.4921875
2021-08-22 23:00:00,18.950000000000006,47.25,10.3046875
2021-08-23 00:00:00,18.950000000000006,47.25,11.003906
2021-08-23 01:00:00,18.950000000000006,47.25,10.3671875
2021-08-23 02:00:00,18.950000000000006,47.25,10.0859375
2021-08-23 03:00:00,18.950000000000006,47.25,12.8359375
2021-08-23 04:00:00,18.950000000000006,47.25,11.53125
2021-08-23 05:00:00,18.950000000000006,47.25,10.28125
2021-08-23 06:00:00,18.950000000000006,47.25,8.238281
2021-08-23 07:00:00,18.950000000000006,47.25,7.4316406
2021-08-23 08:00:00,18.950000000000006,47.25,5.970703
2021-08-23 09:00:00,18.950000000000006,47.25,5.4570312
2021-08-23 10:00:00,18.950000000000006,47.25,4.9882812
2021-08-23 11:00:00,18.950000000000006,47.25,4.9316406
2021-08-23 12:00:00,18.950000000000006,47.25,4.236328
2021-08-23 13:00:00,18.950000000000006,47.25,4.6289062
2021-08-23 14:00:00,18.950000000000006,47.25,4.2265625
2021-08-23 15:00:00,18.950000000000006,47.25,4.484375
2021-08-23 16:00:00,18.950000000000006,47.25,5.341797
2021-08-23 17:00:00,18.950000000000006,47.25,6.1289062
2021-08-23 18:00:00,18.950000000000006,47.25,6.8183594
2021-08-23 19:00:00,18.950000000000006,47.25,6.9746094
2021-08-23 20:00:00,18.950000000000006,47.25,7.7226562
2021-08-23 21:00:00,18.950000000000006,47.25,7.8007812
2021-08-23 22:00:00,18.950000000000006,47.25,6.9472656
2021-08-23 23:00:00,18.950000000000006,47.25,5.5625
2021-08-24 00:00:00,18.950000000000006,47.25,6.359375
2021-08-24 01:00:00,18.950000000000006,47.25,5.1523438
2021-08-24 02:00:00,18.950000000000006,47.25,5.6875
2021-08-24 03:00:00,18.950000000000006,47.25,5.4785156
2021-08-24 04:00:00,18.950000000000006,47.25,5.2148438
2021-08-24 05:00:00,18.950000000000006,47.25,5.7910156
2021-08-24 06:00:00,18.950000000000006,47.25,5.513672
2021-08-24 07:00:00,18.950000000000006,47.25,5.71875
2021-08-24 08:00:00,18.950000000000006,47.25,5.4609375
2021-08-24 09:00:00,18.950000000000006,47.25,5.595703
2021-08-24 10:00:00,18.950000000000006,47.25,6.3222656
2021-08-24 11:00:00,18.950000000000006,47.25,5.9570312
2021-08-24 12:00:00,18.950000000000006,47.25,5.828125
2021-08-24 13:00:00,18.950000000000006,47.25,5.794922
2021-08-24 14:00:00,18.950000000000006,47.25,5.640625
2021-08-24 15:00:00,18.950000000000006,47.25,5.8359375
2021-08-24 16:00:00,18.950000000000006,47.25,6.2070312
2021-08-24 17:00:00,18.950000000000006,47.25,6.3691406
2021-08-24 18:00:00,18.950000000000006,47.25,6.953125
2021-08-24 19:00:00,18.950000000000006,47.25,7.6679688
2021-08-24 20:00:00,18.950000000000006,47.25,8.535156
2021-08-24 21:00:00,18.950000000000006,47.25,6.90625
2021-08-24 22:00:00,18.950000000000006,47.25,5.5625
2021-08-24 23:00:00,18.950000000000006,47.25,4.578125
2021-08-25 00:00:00,18.950000000000006,47.25,4.748047
2021-08-25 01:00:00,18.950000000000006,47.25,4.1933594
2021-08-25 02:00:00,18.950000000000006,47.25,3.9736328
2021-08-25 03:00:00,18.950000000000006,47.25,3.6640625
2021-08-25 04:00:00,18.950000000000006,47.25,4.71875
2021-08-25 05:00:00,18.950000000000006,47.25,5.1328125
2021-08-25 06:00:00,18.950000000000006,47.25,6.173828
2021-08-25 07:00:00,18.950000000000006,47.25,6.2460938
2021-08-25 08:00:00,18.950000000000006,47.25,6.578125
2021-08-25 09:00:00,18.950000000000006,47.25,5.3964844
2021-08-25 10:00:00,18.950000000000006,47.25,5.2539062
2021-08-25 11:00:00,18.950000000000006,47.25,5.484375
2021-08-25 12:00:00,18.950000000000006,47.25,5.0898438
2021-08-25 13:00:00,18.950000000000006,47.25,5.59375
2021-08-25 14:00:00,18.950000000000006,47.25,5.841797
2021-08-25 15:00:00,18.950000000000006,47.25,6.2929688
2021-08-25 16:00:00,18.950000000000006,47.25,7.0683594
2021-08-25 17:00:00,18.950000000000006,47.25,8.175781
2021-08-25 18:00:00,18.950000000000006,47.25,10.0703125
2021-08-25 19:00:00,18.950000000000006,47.25,10.59375
2021-08-25 20:00:00,18.950000000000006,47.25,11.34375
2021-08-25 21:00:00,18.950000000000006,47.25,12.277344
2021-08-25 22:00:00,18.950000000000006,47.25,12.550781
2021-08-25 23:00:00,18.950000000000006,47.25,13.125
2021-08-26 00:00:00,18.950000000000006,47.25,13.2421875
2021-08-26 01:00:00,18.950000000000006,47.25,13.003906
2021-08-26 02:00:00,18.950000000000006,47.25,12.0
2021-08-26 03:00:00,18.950000000000006,47.25,10.316406
2021-08-26 04:00:00,18.950000000000006,47.25,9.480469
2021-08-26 05:00:00,18.950000000000006,47.25,11.328125
2021-08-26 06:00:00,18.950000000000006,47.25,9.9140625
2021-08-26 07:00:00,18.950000000000006,47.25,8.390625
2021-08-26 08:00:00,18.950000000000006,47.25,8.558594
2021-08-26 09:00:00,18.950000000000006,47.25,7.9570312
2021-08-26 10:00:00,18.950000000000006,47.25,7.3222656
2021-08-26 11:00:00,18.950000000000006,47.25,6.814453
2021-08-26 12:00:00,18.950000000000006,47.25,6.9003906
2021-08-26 13:00:00,18.950000000000006,47.25,6.810547
2021-08-26 14:00:00,18.950000000000006,47.25,7.3789062
2021-08-26 15:00:00,18.950000000000006,47.25,7.3671875
2021-08-26 16:00:00,18.950000000000006,47.25,7.5351562
2021-08-26 17:00:00,18.950000000000006,47.25,9.035156
2021-08-26 18:00:00,18.950000000000006,47.25,9.707031
2021-08-26 19:00:00,18.950000000000006,47.25,9.3828125
2021-08-26 20:00:00,18.950000000000006,47.25,8.84375
2021-08-26 21:00:00,18.950000000000006,47.25,9.09375
2021-08-26 22:00:00,18.950000000000006,47.25,8.9765625
2021-08-26 23:00:00,18.950000000000006,47.25,7.796875
2021-08-27 00:00:00,18.950000000000006,47.25,7.720703
2021-08-27 01:00:00,18.950000000000006,47.25,6.4589844
2021-08-27 02:00:00,18.950000000000006,47.25,6.5742188
2021-08-27 03:00:00,18.950000000000006,47.25,6.65625
2021-08-27 04:00:00,18.950000000000006,47.25,7.107422
2021-08-27 05:00:00,18.950000000000006,47.25,7.5839844
2021-08-27 06:00:00,18.950000000000006,47.25,8.316406
2021-08-27 07:00:00,18.950000000000006,47.25,7.3867188
2021-08-27 08:00:00,18.950000000000006,47.25,6.7070312
2021-08-27 09:00:00,18.950000000000006,47.25,6.3222656
2021-08-27 10:00:00,18.950000000000006,47.25,6.0
2021-08-27 11:00:00,18.950000000000006,47.25,5.5078125
2021-08-27 12:00:00,18.950000000000006,47.25,5.46875
2021-08-27 13:00:00,18.950000000000006,47.25,4.5097656
2021-08-27 14:00:00,18.950000000000006,47.25,3.9111328
2021-08-27 15:00:00,18.950000000000006,47.25,3.8046875
2021-08-27 16:00:00,18.950000000000006,47.25,3.6259766
2021-08-27 17:00:00,18.950000000000006,47.25,4.2070312
2021-08-27 18:00:00,18.950000000000006,47.25,5.6757812
2021-08-27 19:00:00,18.950000000000006,47.25,6.7460938
2021-08-27 20:00:00,18.950000000000006,47.25,7.4570312
2021-08-27 21:00:00,18.950000000000006,47.25,8.332031
2021-08-27 22:00:00,18.950000000000006,47.25,8.453125
2021-08-27 23:00:00,18.950000000000006,47.25,8.605469
2021-08-28 00:00:00,18.950000000000006,47.25,8.765625
2021-08-28 01:00:00,18.950000000000006,47.25,7.873047
2021-08-28 02:00:00,18.950000000000006,47.25,7.251953
2021-08-28 03:00:00,18.950000000000006,47.25,7.0625
2021-08-28 04:00:00,18.950000000000006,47.25,7.107422
2021-08-28 05:00:00,18.950000000000006,47.25,7.544922
2021-08-28 06:00:00,18.950000000000006,47.25,8.199219
2021-08-28 07:00:00,18.950000000000006,47.25,7.828125
2021-08-28 08:00:00,18.950000000000006,47.25,6.75
2021-08-28 09:00:00,18.950000000000006,47.25,5.5351562
2021-08-28 10:00:00,18.950000000000006,47.25,4.8632812
2021-08-28 11:00:00,18.950000000000006,47.25,4.9375
2021-08-28 12:00:00,18.950000000000006,47.25,5.1484375
2021-08-28 13:00:00,18.950000000000006,47.25,5.1132812
2021-08-28 14:00:00,18.950000000000006,47.25,4.9609375
2021-08-28 15:00:00,18.950000000000006,47.25,5.294922
2021-08-28 16:00:00,18.950000000000006,47.25,5.9941406
2021-08-28 17:00:00,18.950000000000006,47.25,7.5410156
2021-08-28 18:00:00,18.950000000000006,47.25,9.800781
2021-08-28 19:00:00,18.950000000000006,47.25,11.125
2021-08-28 20:00:00,18.950000000000006,47.25,10.75
2021-08-28 21:00:00,18.950000000000006,47.25,10.8828125
2021-08-28 22:00:00,18.950000000000006,47.25,11.574219
2021-08-28 23:00:00,18.950000000000006,47.25,9.8203125
2021-08-29 00:00:00,18.950000000000006,47.25,10.582031
2021-08-29 01:00:00,18.950000000000006,47.25,8.855469
2021-08-29 02:00:00,18.950000000000006,47.25,7.7929688
2021-08-29 03:00:00,18.950000000000006,47.25,6.9296875
2021-08-29 04:00:00,18.950000000000006,47.25,7.5546875
2021-08-29 05:00:00,18.950000000000006,47.25,7.8808594
2021-08-29 06:00:00,18.950000000000006,47.25,7.34375
2021-08-29 07:00:00,18.950000000000006,47.25,6.7109375
2021-08-29 08:00:00,18.950000000000006,47.25,6.2734375
2021-08-29 09:00:00,18.950000000000006,47.25,5.638672
2021-08-29 10:00:00,18.950000000000006,47.25,5.2148438
2021-08-29 11:00:00,18.950000000000006,47.25,5.6308594
2021-08-29 12:00:00,18.950000000000006,47.25,5.6679688
2021-08-29 13:00:00,18.950000000000006,47.25,5.748047
2021-08-29 14:00:00,18.950000000000006,47.25,5.828125
2021-08-29 15:00:00,18.950000000000006,47.25,6.154297
2021-08-29 16:00:00,18.950000000000006,47.25,6.0898438
2021-08-29 17:00:00,18.950000000000006,47.25,6.0878906
2021-08-29 18:00:00,18.950000000000006,47.25,5.9902344
2021-08-29 19:00:00,18.950000000000006,47.25,7.0078125
2021-08-29 20:00:00,18.950000000000006,47.25,7.419922
2021-08-29 21:00:00,18.950000000000006,47.25,5.8945312
2021-08-29 22:00:00,18.950000000000006,47.25,6.017578
2021-08-29 23:00:00,18.950000000000006,47.25,5.9882812
2021-08-30 00:00:00,18.950000000000006,47.25,6.5585938
2021-08-30 01:00:00,18.950000000000006,47.25,5.9628906
2021-08-30 02:00:00,18.950000000000006,47.25,5.9765625
2021-08-30 03:00:00,18.950000000000006,47.25,6.0625
2021-08-30 04:00:00,18.950000000000006,47.25,6.5507812
2021-08-30 05:00:00,18.950000000000006,47.25,7.123047
2021-08-30 06:00:00,18.950000000000006,47.25,8.75
2021-08-30 07:00:00,18.950000000000006,47.25,8.566406
2021-08-30 08:00:00,18.950000000000006,47.25,7.486328
2021-08-30 09:00:00,18.950000000000006,47.25,6.7089844
2021-08-30 10:00:00,18.950000000000006,47.25,6.1601562
2021-08-30 11:00:00,18.950000000000006,47.25,6.076172
2021-08-30 12:00:00,18.950000000000006,47.25,7.03125
2021-08-30 13:00:00,18.950000000000006,47.25,6.7402344
2021-08-30 14:00:00,18.950000000000006,47.25,6.7773438
2021-08-30 15:00:00,18.950000000000006,47.25,6.9023438
2021-08-30 16:00:00,18.950000000000006,47.25,7.1210938
2021-08-30 17:00:00,18.950000000000006,47.25,8.140625
2021-08-30 18:00:00,18.950000000000006,47.25,9.25
2021-08-30 19:00:00,18.950000000000006,47.25,11.1796875
2021-08-30 20:00:00,18.950000000000006,47.25,13.4375
2021-08-30 21:00:00,18.950000000000006,47.25,14.910156
2021-08-30 22:00:00,18.950000000000006,47.25,14.191406
2021-08-30 23:00:00,18.950000000000006,47.25,12.597656
2021-08-31 00:00:00,18.950000000000006,47.25,7.5253906
2021-08-31 01:00:00,18.950000000000006,47.25,8.558594
2021-08-31 02:00:00,18.950000000000006,47.25,7.7773438
2021-08-31 03:00:00,18.950000000000006,47.25,8.03125
2021-08-31 04:00:00,18.950000000000006,47.25,7.123047
2021-08-31 05:00:00,18.950000000000006,47.25,7.6289062
2021-08-31 06:00:00,18.950000000000006,47.25,7.1972656
2021-08-31 07:00:00,18.950000000000006,47.25,6.1660156
2021-08-31 08:00:00,18.950000000000006,47.25,5.6914062
2021-08-31 09:00:00,18.950000000000006,47.25,4.5390625
2021-08-31 10:00:00,18.950000000000006,47.25,4.861328
2021-08-31 11:00:00,18.950000000000006,47.25,4.2402344
2021-08-31 12:00:00,18.950000000000006,47.25,4.609375
2021-08-31 13:00:00,18.950000000000006,47.25,4.3183594
2021-08-31 14:00:00,18.950000000000006,47.25,3.9980469
2021-08-31 15:00:00,18.950000000000006,47.25,4.0429688
2021-08-31 16:00:00,18.950000000000006,47.25,4.4921875
2021-08-31 17:00:00,18.950000000000006,47.25,4.4121094
2021-08-31 18:00:00,18.950000000000006,47.25,5.001953
2021-08-31 19:00:00,18.950000000000006,47.25,5.1972656
2021-08-31 20:00:00,18.950000000000006,47.25,5.142578
2021-08-31 21:00:00,18.950000000000006,47.25,4.8554688
2021-08-31 22:00:00,18.950000000000006,47.25,4.345703
2021-08-31 23:00:00,18.950000000000006,47.25,4.859375
2021-09-01 00:00:00,18.950000000000006,47.25,5.158203
2021-09-01 01:00:00,18.950000000000006,47.25,5.4648438
2021-09-01 02:00:00,18.950000000000006,47.25,5.576172
2021-09-01 03:00:00,18.950000000000006,47.25,6.0664062
2021-09-01 04:00:00,18.950000000000006,47.25,6.8066406
2021-09-01 05:00:00,18.950000000000006,47.25,7.1679688
2021-09-01 06:00:00,18.950000000000006,47.25,7.2246094
2021-09-01 07:00:00,18.950000000000006,47.25,7.1660156
2021-09-01 08:00:00,18.950000000000006,47.25,6.5820312
2021-09-01 09:00:00,18.950000000000006,47.25,6.453125
2021-09-01 10:00:00,18.950000000000006,47.25,6.2304688
2021-09-01 11:00:00,18.950000000000006,47.25,5.701172
2021-09-01 12:00:00,18.950000000000006,47.25,5.4609375
2021-09-01 13:00:00,18.950000000000006,47.25,5.125
2021-09-01 14:00:00,18.950000000000006,47.25,4.908203
2021-09-01 15:00:00,18.950000000000006,47.25,5.408203
2021-09-01 16:00:00,18.950000000000006,47.25,6.0839844
2021-09-01 17:00:00,18.950000000000006,47.25,6.5898438
2021-09-01 18:00:00,18.950000000000006,47.25,6.953125
2021-09-01 19:00:00,18.950000000000006,47.25,7.8691406
2021-09-01 20:00:00,18.950000000000006,47.25,8.246094
2021-09-01 21:00:00,18.950000000000006,47.25,8.535156
2021-09-01 22:00:00,18.950000000000006,47.25,8.964844
2021-09-01 23:00:00,18.950000000000006,47.25,8.390625
2021-09-02 00:00:00,18.950000000000006,47.25,7.935547
2021-09-02 01:00:00,18.950000000000006,47.25,8.378906
2021-09-02 02:00:00,18.950000000000006,47.25,8.046875
2021-09-02 03:00:00,18.950000000000006,47.25,8.402344
2021-09-02 04:00:00,18.950000000000006,47.25,9.109375
2021-09-02 05:00:00,18.950000000000006,47.25,8.832031
2021-09-02 06:00:00,18.950000000000006,47.25,9.269531
2021-09-02 07:00:00,18.950000000000006,47.25,9.0859375
2021-09-02 08:00:00,18.950000000000006,47.25,8.5546875
2021-09-02 09:00:00,18.950000000000006,47.25,8.03125
2021-09-02 10:00:00,18.950000000000006,47.25,7.4785156
2021-09-02 11:00:00,18.950000000000006,47.25,7.2148438
2021-09-02 12:00:00,18.950000000000006,47.25,7.0996094
2021-09-02 13:00:00,18.950000000000006,47.25,7.6601562
2021-09-02 14:00:00,18.950000000000006,47.25,7.904297
2021-09-02 15:00:00,18.950000000000006,47.25,7.8378906
2021-09-02 16:00:00,18.950000000000006,47.25,8.574219
2021-09-02 17:00:00,18.950000000000006,47.25,9.722656
2021-09-02 18:00:00,18.950000000000006,47.25,9.984375
2021-09-02 19:00:00,18.950000000000006,47.25,11.003906
2021-09-02 20:00:00,18.950000000000006,47.25,10.8125
2021-09-02 21:00:00,18.950000000000006,47.25,10.421875
2021-09-02 22:00:00,18.950000000000006,47.25,12.3515625
2021-09-02 23:00:00,18.950000000000006,47.25,13.09375
2021-09-03 00:00:00,18.950000000000006,47.25,13.597656
2021-09-03 01:00:00,18.950000000000006,47.25,15.0625
2021-09-03 02:00:00,18.950000000000006,47.25,15.953125
2021-09-03 03:00:00,18.950000000000006,47.25,15.0
2021-09-03 04:00:00,18.950000000000006,47.25,14.800781
2021-09-03 05:00:00,18.950000000000006,47.25,14.40625
2021-09-03 06:00:00,18.950000000000006,47.25,15.574219
2021-09-03 07:00:00,18.950000000000006,47.25,13.4765625
2021-09-03 08:00:00,18.950000000000006,47.25,13.375
2021-09-03 09:00:00,18.950000000000006,47.25,11.4375
2021-09-03 10:00:00,18.950000000000006,47.25,9.78125
2021-09-03 11:00:00,18.950000000000006,47.25,8.566406
2021-09-03 12:00:00,18.950000000000006,47.25,7.830078
2021-09-03 13:00:00,18.950000000000006,47.25,7.1308594
2021-09-03 14:00:00,18.950000000000006,47.25,6.2382812
2021-09-03 15:00:00,18.950000000000006,47.25,6.095703
2021-09-03 16:00:00,18.950000000000006,47.25,6.1445312
2021-09-03 17:00:00,18.950000000000006,47.25,8.074219
2021-09-03 18:00:00,18.950000000000006,47.25,10.5625
2021-09-03 19:00:00,18.950000000000006,47.25,14.003906
2021-09-03 20:00:00,18.950000000000006,47.25,14.949219
2021-09-03 21:00:00,18.950000000000006,47.25,15.0078125
2021-09-03 22:00:00,18.950000000000006,47.25,13.7578125
2021-09-03 23:00:00,18.950000000000006,47.25,13.652344
2021-09-04 00:00:00,18.950000000000006,47.25,14.058594
2021-09-04 01:00:00,18.950000000000006,47.25,14.78125
2021-09-04 02:00:00,18.950000000000006,47.25,15.0625
2021-09-04 03:00:00,18.950000000000006,47.25,16.164062
2021-09-04 04:00:00,18.950000000000006,47.25,17.0
2021-09-04 05:00:00,18.950000000000006,47.25,18.09375
2021-09-04 06:00:00,18.950000000000006,47.25,20.257812
2021-09-04 07:00:00,18.950000000000006,47.25,16.59375
2021-09-04 08:00:00,18.950000000000006,47.25,15.121094
2021-09-04 09:00:00,18.950000000000006,47.25,12.2421875
2021-09-04 10:00:00,18.950000000000006,47.25,10.269531
2021-09-04 11:00:00,18.950000000000006,47.25,8.824219
2021-09-04 12:00:00,18.950000000000006,47.25,8.375
2021-09-04 13:00:00,18.950000000000006,47.25,7.8085938
2021-09-04 14:00:00,18.950000000000006,47.25,7.96875
2021-09-04 15:00:00,18.950000000000006,47.25,8.0546875
2021-09-04 16:00:00,18.950000000000006,47.25,8.078125
2021-09-04 17:00:00,18.950000000000006,47.25,10.855469
2021-09-04 18:00:00,18.950000000000006,47.25,12.65625
2021-09-04 19:00:00,18.950000000000006,47.25,15.65625
2021-09-04 20:00:00,18.950000000000006,47.25,16.265625
2021-09-04 21:00:00,18.950000000000006,47.25,19.210938
2021-09-04 22:00:00,18.950000000000006,47.25,19.0625
2021-09-04 23:00:00,18.950000000000006,47.25,19.90625
2021-09-05 00:00:00,18.950000000000006,47.25,19.382812
2021-09-05 01:00:00,18.950000000000006,47.25,17.859375
2021-09-05 02:00:00,18.950000000000006,47.25,15.261719
2021-09-05 03:00:00,18.950000000000006,47.25,15.347656
2021-09-05 04:00:00,18.950000000000006,47.25,13.7578125
2021-09-05 05:00:00,18.950000000000006,47.25,12.910156
2021-09-05 06:00:00,18.950000000000006,47.25,12.421875
2021-09-05 07:00:00,18.950000000000006,47.25,10.859375
2021-09-05 08:00:00,18.950000000000006,47.25,10.035156
2021-09-05 09:00:00,18.950000000000006,47.25,9.769531
2021-09-05 10:00:00,18.950000000000006,47.25,9.7578125
2021-09-05 11:00:00,18.950000000000006,47.25,9.636719
2021-09-05 12:00:00,18.950000000000006,47.25,9.417969
2021-09-05 13:00:00,18.950000000000006,47.25,9.2265625
2021-09-05 14:00:00,18.950000000000006,47.25,8.542969
2021-09-05 15:00:00,18.950000000000006,47.25,8.7734375
2021-09-05 16:00:00,18.950000000000006,47.25,8.527344
2021-09-05 17:00:00,18.950000000000006,47.25,8.503906
2021-09-05 18:00:00,18.950000000000006,47.25,8.75
2021-09-05 19:00:00,18.950000000000006,47.25,8.316406
2021-09-05 20:00:00,18.950000000000006,47.25,7.3222656
2021-09-05 21:00:00,18.950000000000006,47.25,6.3007812
2021-09-05 22:00:00,18.950000000000006,47.25,5.4492188
2021-09-05 23:00:00,18.950000000000006,47.25,5.326172
2021-09-06 00:00:00,18.950000000000006,47.25,5.3046875
2021-09-06 01:00:00,18.950000000000006,47.25,5.298828
2021-09-06 02:00:00,18.950000000000006,47.25,5.451172
2021-09-06 03:00:00,18.950000000000006,47.25,5.736328
2021-09-06 04:00:00,18.950000000000006,47.25,6.5
2021-09-06 05:00:00,18.950000000000006,47.25,6.0566406
2021-09-06 06:00:00,18.950000000000006,47.25,6.2695312
2021-09-06 07:00:00,18.950000000000006,47.25,6.9785156
2021-09-06 08:00:00,18.950000000000006,47.25,7.0253906
2021-09-06 09:00:00,18.950000000000006,47.25,7.263672
2021-09-06 10:00:00,18.950000000000006,47.25,5.8515625
2021-09-06 11:00:00,18.950000000000006,47.25,6.0546875
2021-09-06 12:00:00,18.950000000000006,47.25,6.626953
2021-09-06 13:00:00,18.950000000000006,47.25,6.8789062
2021-09-06 14:00:00,18.950000000000006,47.25,7.5214844
2021-09-06 15:00:00,18.950000000000006,47.25,7.810547
2021-09-06 16:00:00,18.950000000000006,47.25,7.90625
2021-09-06 17:00:00,18.950000000000006,47.25,8.964844
2021-09-06 18:00:00,18.950000000000006,47.25,10.816406
2021-09-06 19:00:00,18.950000000000006,47.25,11.808594
2021-09-06 20:00:00,18.950000000000006,47.25,15.1015625
2021-09-06 21:00:00,18.950000000000006,47.25,12.222656
2021-09-06 22:00:00,18.950000000000006,47.25,12.796875
2021-09-06 23:00:00,18.950000000000006,47.25,11.972656
2021-09-07 00:00:00,18.950000000000006,47.25,13.269531
2021-09-07 01:00:00,18.950000000000006,47.25,13.328125
2021-09-07 02:00:00,18.950000000000006,47.25,13.269531
2021-09-07 03:00:00,18.950000000000006,47.25,13.113281
2021-09-07 04:00:00,18.950000000000006,47.25,12.816406
2021-09-07 05:00:00,18.950000000000006,47.25,13.167969
2021-09-07 06:00:00,18.950000000000006,47.25,12.875
2021-09-07 07:00:00,18.950000000000006,47.25,13.496094
2021-09-07 08:00:00,18.950000000000006,47.25,12.316406
2021-09-07 09:00:00,18.950000000000006,47.25,11.933594
2021-09-07 10:00:00,18.950000000000006,47.25,10.84375
2021-09-07 11:00:00,18.950000000000006,47.25,10.011719
2021-09-07 12:00:00,18.950000000000006,47.25,10.136719
2021-09-07 13:00:00,18.950000000000006,47.25,9.800781
2021-09-07 14:00:00,18.950000000000006,47.25,9.535156
2021-09-07 15:00:00,18.950000000000006,47.25,10.058594
2021-09-07 16:00:00,18.950000000000006,47.25,9.925781
2021-09-07 17:00:00,18.950000000000006,47.25,12.519531
2021-09-07 18:00:00,18.950000000000006,47.25,13.816406
2021-09-07 19:00:00,18.950000000000006,47.25,17.390625
2021-09-07 20:00:00,18.950000000000006,47.25,21.5
2021-09-07 21:00:00,18.950000000000006,47.25,19.765625
2021-09-07 22:00:00,18.950000000000006,47.25,16.835938
2021-09-07 23:00:00,18.950000000000006,47.25,16.546875
2021-09-08 00:00:00,18.950000000000006,47.25,16.664062
2021-09-08 01:00:00,18.950000000000006,47.25,16.71875
2021-09-08 02:00:00,18.950000000000006,47.25,16.695312
2021-09-08 03:00:00,18.950000000000006,47.25,17.109375
2021-09-08 04:00:00,18.950000000000006,47.25,17.992188
2021-09-08 05:00:00,18.950000000000006,47.25,19.546875
2021-09-08 06:00:00,18.950000000000006,47.25,16.265625
2021-09-08 07:00:00,18.950000000000006,47.25,14.160156
2021-09-08 08:00:00,18.950000000000006,47.25,14.277344
2021-09-08 09:00:00,18.950000000000006,47.25,12.6875
2021-09-08 10:00:00,18.950000000000006,47.25,11.558594
2021-09-08 11:00:00,18.950000000000006,47.25,10.441406
2021-09-08 12:00:00,18.950000000000006,47.25,10.699219
2021-09-08 13:00:00,18.950000000000006,47.25,9.71875
2021-09-08 14:00:00,18.950000000000006,47.25,9.746094
2021-09-08 15:00:00,18.950000000000006,47.25,9.8359375
2021-09-08 16:00:00,18.950000000000006,47.25,9.894531
2021-09-08 17:00:00,18.950000000000006,47.25,10.3671875
2021-09-08 18:00:00,18.950000000000006,47.25,12.441406
2021-09-08 19:00:00,18.950000000000006,47.25,11.738281
2021-09-08 20:00:00,18.950000000000006,47.25,14.140625
2021-09-08 21:00:00,18.950000000000006,47.25,15.542969
2021-09-08 22:00:00,18.950000000000006,47.25,17.273438
2021-09-08 23:00:00,18.950000000000006,47.25,15.832031
2021-09-09 00:00:00,18.950000000000006,47.25,15.128906
2021-09-09 01:00:00,18.950000000000006,47.25,13.621094
2021-09-09 02:00:00,18.950000000000006,47.25,13.582031
2021-09-09 03:00:00,18.950000000000006,47.25,14.035156
2021-09-09 04:00:00,18.950000000000006,47.25,14.171875
2021-09-09 05:00:00,18.950000000000006,47.25,14.394531
2021-09-09 06:00:00,18.950000000000006,47.25,15.746094
2021-09-09 07:00:00,18.950000000000006,47.25,15.792969
2021-09-09 08:00:00,18.950000000000006,47.25,12.4765625
2021-09-09 09:00:00,18.950000000000006,47.25,11.230469
2021-09-09 10:00:00,18.950000000000006,47.25,10.5625
2021-09-09 11:00:00,18.950000000000006,47.25,10.433594
2021-09-09 12:00:00,18.950000000000006,47.25,10.363281
2021-09-09 13:00:00,18.950000000000006,47.25,9.886719
2021-09-09 14:00:00,18.950000000000006,47.25,9.417969
2021-09-09 15:00:00,18.950000000000006,47.25,9.128906
2021-09-09 16:00:00,18.950000000000006,47.25,9.28125
2021-09-09 17:00:00,18.950000000000006,47.25,9.796875
2021-09-09 18:00:00,18.950000000000006,47.25,10.90625
2021-09-09 19:00:00,18.950000000000006,47.25,11.546875
2021-09-09 20:00:00,18.950000000000006,47.25,11.230469
2021-09-09 21:00:00,18.950000000000006,47.25,11.097656
2021-09-09 22:00:00,18.950000000000006,47.25,11.824219
2021-09-09 23:00:00,18.950000000000006,47.25,13.949219
2021-09-10 00:00:00,18.950000000000006,47.25,12.691406
2021-09-10 01:00:00,18.950000000000006,47.25,13.550781
2021-09-10 02:00:00,18.950000000000006,47.25,14.730469
2021-09-10 03:00:00,18.950000000000006,47.25,14.640625
2021-09-10 04:00:00,18.950000000000006,47.25,15.699219
2021-09-10 05:00:00,18.950000000000006,47.25,16.828125
2021-09-10 06:00:00,18.950000000000006,47.25,16.78125
2021-09-10 07:00:00,18.950000000000006,47.25,13.613281
2021-09-10 08:00:00,18.950000000000006,47.25,12.65625
2021-09-10 09:00:00,18.950000000000006,47.25,12.027344
2021-09-10 10:00:00,18.950000000000006,47.25,12.558594
2021-09-10 11:00:00,18.950000000000006,47.25,11.9375
2021-09-10 12:00:00,18.950000000000006,47.25,11.785156
2021-09-10 13:00:00,18.950000000000006,47.25,11.324219
2021-09-10 14:00:00,18.950000000000006,47.25,10.917969
2021-09-10 15:00:00,18.950000000000006,47.25,10.894531
2021-09-10 16:00:00,18.950000000000006,47.25,11.3046875
2021-09-10 17:00:00,18.950000000000006,47.25,12.628906
2021-09-10 18:00:00,18.950000000000006,47.25,14.566406
2021-09-10 19:00:00,18.950000000000006,47.25,13.964844
2021-09-10 20:00:00,18.950000000000006,47.25,14.378906
2021-09-10 21:00:00,18.950000000000006,47.25,13.878906
2021-09-10 22:00:00,18.950000000000006,47.25,12.949219
2021-09-10 23:00:00,18.950000000000006,47.25,13.558594
2021-09-11 00:00:00,18.950000000000006,47.25,13.859375
2021-09-11 01:00:00,18.950000000000006,47.25,12.6640625
2021-09-11 02:00:00,18.950000000000006,47.25,13.9921875
2021-09-11 03:00:00,18.950000000000006,47.25,15.4453125
2021-09-11 04:00:00,18.950000000000006,47.25,16.421875
2021-09-11 05:00:00,18.950000000000006,47.25,18.515625
2021-09-11 06:00:00,18.950000000000006,47.25,17.3125
2021-09-11 07:00:00,18.950000000000006,47.25,15.925781
2021-09-11 08:00:00,18.950000000000006,47.25,13.683594
2021-09-11 09:00:00,18.950000000000006,47.25,14.167969
2021-09-11 10:00:00,18.950000000000006,47.25,13.5859375
2021-09-11 11:00:00,18.950000000000006,47.25,11.4453125
2021-09-11 12:00:00,18.950000000000006,47.25,9.972656
2021-09-11 13:00:00,18.950000000000006,47.25,9.296875
2021-09-11 14:00:00,18.950000000000006,47.25,9.136719
2021-09-11 15:00:00,18.950000000000006,47.25,9.386719
2021-09-11 16:00:00,18.950000000000006,47.25,10.199219
2021-09-11 17:00:00,18.950000000000006,47.25,11.457031
2021-09-11 18:00:00,18.950000000000006,47.25,13.300781
2021-09-11 19:00:00,18.950000000000006,47.25,14.5078125
2021-09-11 20:00:00,18.950000000000006,47.25,17.625
2021-09-11 21:00:00,18.950000000000006,47.25,18.234375
2021-09-11 22:00:00,18.950000000000006,47.25,19.117188
2021-09-11 23:00:00,18.950000000000006,47.25,23.546875
2021-09-12 00:00:00,18.950000000000006,47.25,19.632812
2021-09-12 01:00:00,18.950000000000006,47.25,18.84375
2021-09-12 02:00:00,18.950000000000006,47.25,18.5625
2021-09-12 03:00:00,18.950000000000006,47.25,18.859375
2021-09-12 04:00:00,18.950000000000006,47.25,22.4375
2021-09-12 05:00:00,18.950000000000006,47.25,18.9375
2021-09-12 06:00:00,18.950000000000006,47.25,20.375
2021-09-12 07:00:00,18.950000000000006,47.25,15.8515625
2021-09-12 08:00:00,18.950000000000006,47.25,15.6796875
2021-09-12 09:00:00,18.950000000000006,47.25,13.855469
2021-09-12 10:00:00,18.950000000000006,47.25,13.9453125
2021-09-12 11:00:00,18.950000000000006,47.25,12.839844
2021-09-12 12:00:00,18.950000000000006,47.25,12.230469
2021-09-12 13:00:00,18.950000000000006,47.25,12.6796875
2021-09-12 14:00:00,18.950000000000006,47.25,13.246094
2021-09-12 15:00:00,18.950000000000006,47.25,13.839844
2021-09-12 16:00:00,18.950000000000006,47.25,12.121094
2021-09-12 17:00:00,18.950000000000006,47.25,12.332031
2021-09-12 18:00:00,18.950000000000006,47.25,13.425781
2021-09-12 19:00:00,18.950000000000006,47.25,15.636719
2021-09-12 20:00:00,18.950000000000006,47.25,17.539062
2021-09-12 21:00:00,18.950000000000006,47.25,19.921875
2021-09-12 22:00:00,18.950000000000006,47.25,22.140625
2021-09-12 23:00:00,18.950000000000006,47.25,22.71875
2021-09-13 00:00:00,18.950000000000006,47.25,22.820312
2021-09-13 01:00:00,18.950000000000006,47.25,23.109375
2021-09-13 02:00:00,18.950000000000006,47.25,23.195312
2021-09-13 03:00:00,18.950000000000006,47.25,22.507812
2021-09-13 04:00:00,18.950000000000006,47.25,25.09375
2021-09-13 05:00:00,18.950000000000006,47.25,27.25
2021-09-13 06:00:00,18.950000000000006,47.25,28.203125
2021-09-13 07:00:00,18.950000000000006,47.25,25.523438
2021-09-13 08:00:00,18.950000000000006,47.25,18.46875
2021-09-13 09:00:00,18.950000000000006,47.25,17.117188
2021-09-13 10:00:00,18.950000000000006,47.25,14.765625
2021-09-13 11:00:00,18.950000000000006,47.25,12.796875
2021-09-13 12:00:00,18.950000000000006,47.25,11.6171875
2021-09-13 13:00:00,18.950000000000006,47.25,10.339844
2021-09-13 14:00:00,18.950000000000006,47.25,9.7421875
2021-09-13 15:00:00,18.950000000000006,47.25,9.8125
2021-09-13 16:00:00,18.950000000000006,47.25,10.292969
2021-09-13 17:00:00,18.950000000000006,47.25,13.2734375
2021-09-13 18:00:00,18.950000000000006,47.25,14.03125
2021-09-13 19:00:00,18.950000000000006,47.25,15.605469
2021-09-13 20:00:00,18.950000000000006,47.25,16.109375
2021-09-13 21:00:00,18.950000000000006,47.25,16.046875
2021-09-13 22:00:00,18.950000000000006,47.25,16.796875
2021-09-13 23:00:00,18.950000000000006,47.25,15.3671875
2021-09-14 00:00:00,18.950000000000006,47.25,14.636719
2021-09-14 01:00:00,18.950000000000006,47.25,15.09375
2021-09-14 02:00:00,18.950000000000006,47.25,16.9375
2021-09-14 03:00:00,18.950000000000006,47.25,17.21875
2021-09-14 04:00:00,18.950000000000006,47.25,18.523438
2021-09-14 05:00:00,18.950000000000006,47.25,19.507812
2021-09-14 06:00:00,18.950000000000006,47.25,21.070312
2021-09-14 07:00:00,18.950000000000006,47.25,17.476562
2021-09-14 08:00:00,18.950000000000006,47.25,15.46875
2021-09-14 09:00:00,18.950000000000006,47.25,15.699219
2021-09-14 10:00:00,18.950000000000006,47.25,16.007812
2021-09-14 11:00:00,18.950000000000006,47.25,14.371094
2021-09-14 12:00:00,18.950000000000006,47.25,12.40625
2021-09-14 13:00:00,18.950000000000006,47.25,11.425781
2021-09-14 14:00:00,18.950000000000006,47.25,11.5078125
2021-09-14 15:00:00,18.950000000000006,47.25,11.457031
2021-09-14 16:00:00,18.950000000000006,47.25,11.15625
2021-09-14 17:00:00,18.950000000000006,47.25,13.5390625
2021-09-14 18:00:00,18.950000000000006,47.25,15.6171875
2021-09-14 19:00:00,18.950000000000006,47.25,16.515625
2021-09-14 20:00:00,18.950000000000006,47.25,17.867188
2021-09-14 21:00:00,18.950000000000006,47.25,17.28125
2021-09-14 22:00:00,18.950000000000006,47.25,17.484375
2021-09-14 23:00:00,18.950000000000006,47.25,18.25
2021-09-15 00:00:00,18.950000000000006,47.25,16.742188
2021-09-15 01:00:00,18.950000000000006,47.25,15.6875
2021-09-15 02:00:00,18.950000000000006,47.25,14.71875
2021-09-15 03:00:00,18.950000000000006,47.25,14.90625
2021-09-15 04:00:00,18.950000000000006,47.25,16.4375
2021-09-15 05:00:00,18.950000000000006,47.25,18.851562
2021-09-15 06:00:00,18.950000000000006,47.25,20.304688
2021-09-15 07:00:00,18.950000000000006,47.25,19.617188
2021-09-15 08:00:00,18.950000000000006,47.25,17.523438
2021-09-15 09:00:00,18.950000000000006,47.25,14.7734375
2021-09-15 10:00:00,18.950000000000006,47.25,13.496094
2021-09-15 11:00:00,18.950000000000006,47.25,13.3828125
2021-09-15 12:00:00,18.950000000000006,47.25,13.0703125
2021-09-15 13:00:00,18.950000000000006,47.25,12.546875
2021-09-15 14:00:00,18.950000000000006,47.25,14.480469
2021-09-15 15:00:00,18.950000000000006,47.25,14.863281
2021-09-15 16:00:00,18.950000000000006,47.25,14.207031
2021-09-15 17:00:00,18.950000000000006,47.25,15.8515625
2021-09-15 18:00:00,18.950000000000006,47.25,17.242188
2021-09-15 19:00:00,18.950000000000006,47.25,17.695312
2021-09-15 20:00:00,18.950000000000006,47.25,17.101562
2021-09-15 21:00:00,18.950000000000006,47.25,16.664062
2021-09-15 22:00:00,18.950000000000006,47.25,15.609375
2021-09-15 23:00:00,18.950000000000006,47.25,13.84375
2021-09-16 00:00:00,18.950000000000006,47.25,14.421875
2021-09-16 01:00:00,18.950000000000006,47.25,14.34375
2021-09-16 02:00:00,18.950000000000006,47.25,14.28125
2021-09-16 03:00:00,18.950000000000006,47.25,15.441406
2021-09-16 04:00:00,18.950000000000006,47.25,16.179688
2021-09-16 05:00:00,18.950000000000006,47.25,15.136719
2021-09-16 06:00:00,18.950000000000006,47.25,17.28125
2021-09-16 07:00:00,18.950000000000006,47.25,18.585938
2021-09-16 08:00:00,18.950000000000006,47.25,19.226562
2021-09-16 09:00:00,18.950000000000006,47.25,19.140625
2021-09-16 10:00:00,18.950000000000006,47.25,18.359375
2021-09-16 11:00:00,18.950000000000006,47.25,17.476562
2021-09-16 12:00:00,18.950000000000006,47.25,17.375
2021-09-16 13:00:00,18.950000000000006,47.25,17.210938
2021-09-16 14:00:00,18.950000000000006,47.25,16.835938
2021-09-16 15:00:00,18.950000000000006,47.25,15.292969
2021-09-16 16:00:00,18.950000000000006,47.25,15.433594
2021-09-16 17:00:00,18.950000000000006,47.25,15.3046875
2021-09-16 18:00:00,18.950000000000006,47.25,15.003906
2021-09-16 19:00:00,18.950000000000006,47.25,15.3046875
2021-09-16 20:00:00,18.950000000000006,47.25,15.800781
2021-09-16 21:00:00,18.950000000000006,47.25,14.894531
2021-09-16 22:00:00,18.950000000000006,47.25,13.3828125
2021-09-16 23:00:00,18.950000000000006,47.25,13.332031
2021-09-17 00:00:00,18.950000000000006,47.25,14.2578125
2021-09-17 01:00:00,18.950000000000006,47.25,15.9765625
2021-09-17 02:00:00,18.950000000000006,47.25,14.328125
2021-09-17 03:00:00,18.950000000000006,47.25,13.1015625
2021-09-17 04:00:00,18.950000000000006,47.25,10.324219
2021-09-17 05:00:00,18.950000000000006,47.25,9.2578125
2021-09-17 06:00:00,18.950000000000006,47.25,8.558594
2021-09-17 07:00:00,18.950000000000006,47.25,6.9902344
2021-09-17 08:00:00,18.950000000000006,47.25,5.419922
2021-09-17 09:00:00,18.950000000000006,47.25,4.8066406
2021-09-17 10:00:00,18.950000000000006,47.25,5.109375
2021-09-17 11:00:00,18.950000000000006,47.25,5.0214844
2021-09-17 12:00:00,18.950000000000006,47.25,4.9023438
2021-09-17 13:00:00,18.950000000000006,47.25,5.03125
2021-09-17 14:00:00,18.950000000000006,47.25,4.5
2021-09-17 15:00:00,18.950000000000006,47.25,5.345703
2021-09-17 16:00:00,18.950000000000006,47.25,5.5742188
2021-09-17 17:00:00,18.950000000000006,47.25,7.248047
2021-09-17 18:00:00,18.950000000000006,47.25,7.0625
2021-09-17 19:00:00,18.950000000000006,47.25,7.09375
2021-09-17 20:00:00,18.950000000000006,47.25,6.5507812
2021-09-17 21:00:00,18.950000000000006,47.25,6.4335938
2021-09-17 22:00:00,18.950000000000006,47.25,6.2148438
2021-09-17 23:00:00,18.950000000000006,47.25,5.8378906
2021-09-18 00:00:00,18.950000000000006,47.25,6.078125
2021-09-18 01:00:00,18.950000000000006,47.25,6.3984375
2021-09-18 02:00:00,18.950000000000006,47.25,5.7382812
2021-09-18 03:00:00,18.950000000000006,47.25,6.7910156
2021-09-18 04:00:00,18.950000000000006,47.25,6.9179688
2021-09-18 05:00:00,18.950000000000006,47.25,7.1191406
2021-09-18 06:00:00,18.950000000000006,47.25,7.3125
2021-09-18 07:00:00,18.950000000000006,47.25,6.6289062
2021-09-18 08:00:00,18.950000000000006,47.25,6.5683594
2021-09-18 09:00:00,18.950000000000006,47.25,6.453125
2021-09-18 10:00:00,18.950000000000006,47.25,6.1992188
2021-09-18 11:00:00,18.950000000000006,47.25,5.7089844
2021-09-18 12:00:00,18.950000000000006,47.25,5.53125
2021-09-18 13:00:00,18.950000000000006,47.25,5.3085938
2021-09-18 14:00:00,18.950000000000006,47.25,5.25
2021-09-18 15:00:00,18.950000000000006,47.25,5.6621094
2021-09-18 16:00:00,18.950000000000006,47.25,6.0566406
2021-09-18 17:00:00,18.950000000000006,47.25,6.7421875
2021-09-18 18:00:00,18.950000000000006,47.25,7.544922
2021-09-18 19:00:00,18.950000000000006,47.25,7.423828
2021-09-18 20:00:00,18.950000000000006,47.25,7.171875
2021-09-18 21:00:00,18.950000000000006,47.25,7.46875
2021-09-18 22:00:00,18.950000000000006,47.25,7.263672
2021-09-18 23:00:00,18.950000000000006,47.25,7.6210938
2021-09-19 00:00:00,18.950000000000006,47.25,7.4589844
2021-09-19 01:00:00,18.950000000000006,47.25,7.4335938
2021-09-19 02:00:00,18.950000000000006,47.25,7.482422
2021-09-19 03:00:00,18.950000000000006,47.25,7.123047
2021-09-19 04:00:00,18.950000000000006,47.25,7.654297
2021-09-19 05:00:00,18.950000000000006,47.25,8.644531
2021-09-19 06:00:00,18.950000000000006,47.25,9.0625
2021-09-19 07:00:00,18.950000000000006,47.25,8.0546875
2021-09-19 08:00:00,18.950000000000006,47.25,7.0195312
2021-09-19 09:00:00,18.950000000000006,47.25,6.375
2021-09-19 10:00:00,18.950000000000006,47.25,4.9589844
2021-09-19 11:00:00,18.950000000000006,47.25,4.986328
2021-09-19 12:00:00,18.950000000000006,47.25,5.0527344
2021-09-19 13:00:00,18.950000000000006,47.25,5.1054688
2021-09-19 14:00:00,18.950000000000006,47.25,4.830078
2021-09-19 15:00:00,18.950000000000006,47.25,4.3535156
2021-09-19 16:00:00,18.950000000000006,47.25,4.654297
2021-09-19 17:00:00,18.950000000000006,47.25,6.169922
2021-09-19 18:00:00,18.950000000000006,47.25,8.050781
2021-09-19 19:00:00,18.950000000000006,47.25,8.722656
2021-09-19 20:00:00,18.950000000000006,47.25,9.28125
2021-09-19 21:00:00,18.950000000000006,47.25,9.5234375
2021-09-19 22:00:00,18.950000000000006,47.25,9.25
2021-09-19 23:00:00,18.950000000000006,47.25,9.722656
2021-09-20 00:00:00,18.950000000000006,47.25,9.46875
2021-09-20 01:00:00,18.950000000000006,47.25,8.4375
2021-09-20 02:00:00,18.950000000000006,47.25,7.4160156
2021-09-20 03:00:00,18.950000000000006,47.25,7.7558594
2021-09-20 04:00:00,18.950000000000006,47.25,8.4921875
2021-09-20 05:00:00,18.950000000000006,47.25,9.550781
2021-09-20 06:00:00,18.950000000000006,47.25,9.875
2021-09-20 07:00:00,18.950000000000006,47.25,10.15625
2021-09-20 08:00:00,18.950000000000006,47.25,10.699219
2021-09-20 09:00:00,18.950000000000006,47.25,11.75
2021-09-20 10:00:00,18.950000000000006,47.25,11.03125
2021-09-20 11:00:00,18.950000000000006,47.25,9.824219
2021-09-20 12:00:00,18.950000000000006,47.25,8.996094
2021-09-20 13:00:00,18.950000000000006,47.25,7.6035156
2021-09-20 14:00:00,18.950000000000006,47.25,8.40625
2021-09-20 15:00:00,18.950000000000006,47.25,8.707031
2021-09-20 16:00:00,18.950000000000006,47.25,9.050781
2021-09-20 17:00:00,18.950000000000006,47.25,9.910156
2021-09-20 18:00:00,18.950000000000006,47.25,9.160156
2021-09-20 19:00:00,18.950000000000006,47.25,10.9375
2021-09-20 20:00:00,18.950000000000006,47.25,12.800781
2021-09-20 21:00:00,18.950000000000006,47.25,13.9375
2021-09-20 22:00:00,18.950000000000006,47.25,13.792969
2021-09-20 23:00:00,18.950000000000006,47.25,13.46875
2021-09-21 00:00:00,18.950000000000006,47.25,12.71875
2021-09-21 01:00:00,18.950000000000006,47.25,11.878906
2021-09-21 02:00:00,18.950000000000006,47.25,13.625
2021-09-21 03:00:00,18.950000000000006,47.25,13.65625
2021-09-21 04:00:00,18.950000000000006,47.25,13.0078125
2021-09-21 05:00:00,18.950000000000006,47.25,14.808594
2021-09-21 06:00:00,18.950000000000006,47.25,16.0
2021-09-21 07:00:00,18.950000000000006,47.25,14.71875
2021-09-21 08:00:00,18.950000000000006,47.25,12.3828125
2021-09-21 09:00:00,18.950000000000006,47.25,9.8515625
2021-09-21 10:00:00,18.950000000000006,47.25,9.582031
2021-09-21 11:00:00,18.950000000000006,47.25,9.214844
2021-09-21 12:00:00,18.950000000000006,47.25,8.921875
2021-09-21 13:00:00,18.950000000000006,47.25,8.769531
2021-09-21 14:00:00,18.950000000000006,47.25,8.921875
2021-09-21 15:00:00,18.950000000000006,47.25,8.683594
2021-09-21 16:00:00,18.950000000000006,47.25,9.089844
2021-09-21 17:00:00,18.950000000000006,47.25,10.0625
2021-09-21 18:00:00,18.950000000000006,47.25,10.738281
2021-09-21 19:00:00,18.950000000000006,47.25,12.3359375
2021-09-21 20:00:00,18.950000000000006,47.25,12.78125
2021-09-21 21:00:00,18.950000000000006,47.25,10.984375
2021-09-21 22:00:00,18.950000000000006,47.25,9.652344
2021-09-21 23:00:00,18.950000000000006,47.25,8.6484375
2021-09-22 00:00:00,18.950000000000006,47.25,9.605469
2021-09-22 01:00:00,18.950000000000006,47.25,9.96875
2021-09-22 02:00:00,18.950000000000006,47.25,9.441406
2021-09-22 03:00:00,18.950000000000006,47.25,8.828125
2021-09-22 04:00:00,18.950000000000006,47.25,9.222656
2021-09-22 05:00:00,18.950000000000006,47.25,10.6640625
2021-09-22 06:00:00,18.950000000000006,47.25,10.8671875
2021-09-22 07:00:00,18.950000000000006,47.25,11.4453125
2021-09-22 08:00:00,18.950000000000006,47.25,11.859375
2021-09-22 09:00:00,18.950000000000006,47.25,10.4453125
2021-09-22 10:00:00,18.950000000000006,47.25,9.105469
2021-09-22 11:00:00,18.950000000000006,47.25,7.734375
2021-09-22 12:00:00,18.950000000000006,47.25,7.2441406
2021-09-22 13:00:00,18.950000000000006,47.25,7.171875
2021-09-22 14:00:00,18.950000000000006,47.25,6.6171875
2021-09-22 15:00:00,18.950000000000006,47.25,5.4609375
2021-09-22 16:00:00,18.950000000000006,47.25,6.0097656
2021-09-22 17:00:00,18.950000000000006,47.25,7.748047
2021-09-22 18:00:00,18.950000000000006,47.25,9.113281
2021-09-22 19:00:00,18.950000000000006,47.25,9.800781
2021-09-22 20:00:00,18.950000000000006,47.25,11.222656
2021-09-22 21:00:00,18.950000000000006,47.25,11.667969
2021-09-22 22:00:00,18.950000000000006,47.25,12.917969
2021-09-22 23:00:00,18.950000000000006,47.25,11.9296875
2021-09-23 00:00:00,18.950000000000006,47.25,12.125
2021-09-23 01:00:00,18.950000000000006,47.25,11.453125
2021-09-23 02:00:00,18.950000000000006,47.25,11.96875
2021-09-23 03:00:00,18.950000000000006,47.25,11.9765625
2021-09-23 04:00:00,18.950000000000006,47.25,11.785156
2021-09-23 05:00:00,18.950000000000006,47.25,12.769531
2021-09-23 06:00:00,18.950000000000006,47.25,12.9453125
2021-09-23 07:00:00,18.950000000000006,47.25,12.332031
2021-09-23 08:00:00,18.950000000000006,47.25,11.355469
2021-09-23 09:00:00,18.950000000000006,47.25,9.7265625
2021-09-23 10:00:00,18.950000000000006,47.25,8.214844
2021-09-23 11:00:00,18.950000000000006,47.25,7.919922
2021-09-23 12:00:00,18.950000000000006,47.25,7.392578
2021-09-23 13:00:00,18.950000000000006,47.25,7.626953
2021-09-23 14:00:00,18.950000000000006,47.25,8.425781
2021-09-23 15:00:00,18.950000000000006,47.25,8.371094
2021-09-23 16:00:00,18.950000000000006,47.25,9.105469
2021-09-23 17:00:00,18.950000000000006,47.25,9.957031
2021-09-23 18:00:00,18.950000000000006,47.25,11.058594
2021-09-23 19:00:00,18.950000000000006,47.25,12.769531
2021-09-23 20:00:00,18.950000000000006,47.25,9.894531
2021-09-23 21:00:00,18.950000000000006,47.25,9.816406
2021-09-23 22:00:00,18.950000000000006,47.25,9.230469
2021-09-23 23:00:00,18.950000000000006,47.25,7.9277344
2021-09-24 00:00:00,18.950000000000006,47.25,8.125
2021-09-24 01:00:00,18.950000000000006,47.25,6.9160156
2021-09-24 02:00:00,18.950000000000006,47.25,7.1210938
2021-09-24 03:00:00,18.950000000000006,47.25,7.3085938
2021-09-24 04:00:00,18.950000000000006,47.25,8.09375
2021-09-24 05:00:00,18.950000000000006,47.25,8.484375
2021-09-24 06:00:00,18.950000000000006,47.25,9.464844
2021-09-24 07:00:00,18.950000000000006,47.25,7.75
2021-09-24 08:00:00,18.950000000000006,47.25,6.935547
2021-09-24 09:00:00,18.950000000000006,47.25,7.125
2021-09-24 10:00:00,18.950000000000006,47.25,8.097656
2021-09-24 11:00:00,18.950000000000006,47.25,7.6308594
2021-09-24 12:00:00,18.950000000000006,47.25,7.5878906
2021-09-24 13:00:00,18.950000000000006,47.25,7.0097656
2021-09-24 14:00:00,18.950000000000006,47.25,7.470703
2021-09-24 15:00:00,18.950000000000006,47.25,7.6445312
2021-09-24 16:00:00,18.950000000000006,47.25,8.90625
2021-09-24 17:00:00,18.950000000000006,47.25,8.644531
2021-09-24 18:00:00,18.950000000000006,47.25,8.875
2021-09-24 19:00:00,18.950000000000006,47.25,10.015625
2021-09-24 20:00:00,18.950000000000006,47.25,9.359375
2021-09-24 21:00:00,18.950000000000006,47.25,9.191406
2021-09-24 22:00:00,18.950000000000006,47.25,7.9902344
2021-09-24 23:00:00,18.950000000000006,47.25,8.175781
2021-09-25 00:00:00,18.950000000000006,47.25,7.9960938
2021-09-25 01:00:00,18.950000000000006,47.25,7.78125
2021-09-25 02:00:00,18.950000000000006,47.25,7.6035156
2021-09-25 03:00:00,18.950000000000006,47.25,8.1171875
2021-09-25 04:00:00,18.950000000000006,47.25,9.1875
2021-09-25 05:00:00,18.950000000000006,47.25,9.453125
2021-09-25 06:00:00,18.950000000000006,47.25,10.8984375
2021-09-25 07:00:00,18.950000000000006,47.25,10.65625
2021-09-25 08:00:00,18.950000000000006,47.25,9.1171875
2021-09-25 09:00:00,18.950000000000006,47.25,7.9902344
2021-09-25 10:00:00,18.950000000000006,47.25,8.003906
2021-09-25 11:00:00,18.950000000000006,47.25,7.7734375
2021-09-25 12:00:00,18.950000000000006,47.25,7.5527344
2021-09-25 13:00:00,18.950000000000006,47.25,6.9921875
2021-09-25 14:00:00,18.950000000000006,47.25,6.7597656
2021-09-25 15:00:00,18.950000000000006,47.25,6.8671875
2021-09-25 16:00:00,18.950000000000006,47.25,8.753906
2021-09-25 17:00:00,18.950000000000006,47.25,10.5546875
2021-09-25 18:00:00,18.950000000000006,47.25,12.621094
2021-09-25 19:00:00,18.950000000000006,47.25,17.976562
2021-09-25 20:00:00,18.950000000000006,47.25,16.265625
2021-09-25 21:00:00,18.950000000000006,47.25,16.632812
2021-09-25 22:00:00,18.950000000000006,47.25,16.101562
2021-09-25 23:00:00,18.950000000000006,47.25,16.609375
2021-09-26 00:00:00,18.950000000000006,47.25,15.234375
2021-09-26 01:00:00,18.950000000000006,47.25,15.886719
2021-09-26 02:00:00,18.950000000000006,47.25,16.4375
2021-09-26 03:00:00,18.950000000000006,47.25,14.484375
2021-09-26 04:00:00,18.950000000000006,47.25,14.292969
2021-09-26 05:00:00,18.950000000000006,47.25,13.3828125
2021-09-26 06:00:00,18.950000000000006,47.25,14.8359375
2021-09-26 07:00:00,18.950000000000006,47.25,14.3203125
2021-09-26 08:00:00,18.950000000000006,47.25,15.765625
2021-09-26 09:00:00,18.950000000000006,47.25,13.703125
2021-09-26 10:00:00,18.950000000000006,47.25,12.453125
2021-09-26 11:00:00,18.950000000000006,47.25,13.8125
2021-09-26 12:00:00,18.950000000000006,47.25,13.671875
2021-09-26 13:00:00,18.950000000000006,47.25,14.183594
2021-09-26 14:00:00,18.950000000000006,47.25,14.4609375
2021-09-26 15:00:00,18.950000000000006,47.25,14.433594
2021-09-26 16:00:00,18.950000000000006,47.25,15.222656
2021-09-26 17:00:00,18.950000000000006,47.25,17.664062
2021-09-26 18:00:00,18.950000000000006,47.25,20.382812
2021-09-26 19:00:00,18.950000000000006,47.25,21.632812
2021-09-26 20:00:00,18.950000000000006,47.25,20.054688
2021-09-26 21:00:00,18.950000000000006,47.25,18.257812
2021-09-26 22:00:00,18.950000000000006,47.25,17.359375
2021-09-26 23:00:00,18.950000000000006,47.25,17.695312
2021-09-27 00:00:00,18.950000000000006,47.25,16.960938
2021-09-27 01:00:00,18.950000000000006,47.25,14.816406
2021-09-27 02:00:00,18.950000000000006,47.25,11.6875
2021-09-27 03:00:00,18.950000000000006,47.25,10.625
2021-09-27 04:00:00,18.950000000000006,47.25,10.4921875
2021-09-27 05:00:00,18.950000000000006,47.25,11.1484375
2021-09-27 06:00:00,18.950000000000006,47.25,11.7109375
2021-09-27 07:00:00,18.950000000000006,47.25,12.46875
2021-09-27 08:00:00,18.950000000000006,47.25,11.886719
2021-09-27 09:00:00,18.950000000000006,47.25,12.792969
2021-09-27 10:00:00,18.950000000000006,47.25,11.808594
2021-09-27 11:00:00,18.950000000000006,47.25,11.3203125
2021-09-27 12:00:00,18.950000000000006,47.25,10.582031
2021-09-27 13:00:00,18.950000000000006,47.25,10.980469
2021-09-27 14:00:00,18.950000000000006,47.25,11.2578125
2021-09-27 15:00:00,18.950000000000006,47.25,11.40625
2021-09-27 16:00:00,18.950000000000006,47.25,11.449219
2021-09-27 17:00:00,18.950000000000006,47.25,12.6796875
2021-09-27 18:00:00,18.950000000000006,47.25,14.308594
2021-09-27 19:00:00,18.950000000000006,47.25,16.085938
2021-09-27 20:00:00,18.950000000000006,47.25,15.15625
2021-09-27 21:00:00,18.950000000000006,47.25,16.085938
2021-09-27 22:00:00,18.950000000000006,47.25,17.859375
2021-09-27 23:00:00,18.950000000000006,47.25,15.5234375
2021-09-28 00:00:00,18.950000000000006,47.25,14.8125
2021-09-28 01:00:00,18.950000000000006,47.25,14.027344
2021-09-28 02:00:00,18.950000000000006,47.25,11.089844
2021-09-28 03:00:00,18.950000000000006,47.25,9.8515625
2021-09-28 04:00:00,18.950000000000006,47.25,11.46875
2021-09-28 05:00:00,18.950000000000006,47.25,12.503906
2021-09-28 06:00:00,18.950000000000006,47.25,13.238281
2021-09-28 07:00:00,18.950000000000006,47.25,13.941406
2021-09-28 08:00:00,18.950000000000006,47.25,14.488281
2021-09-28 09:00:00,18.950000000000006,47.25,15.121094
2021-09-28 10:00:00,18.950000000000006,47.25,15.3515625
2021-09-28 11:00:00,18.950000000000006,47.25,16.460938
2021-09-28 12:00:00,18.950000000000006,47.25,16.257812
2021-09-28 13:00:00,18.950000000000006,47.25,16.21875
2021-09-28 14:00:00,18.950000000000006,47.25,16.25
2021-09-28 15:00:00,18.950000000000006,47.25,15.90625
2021-09-28 16:00:00,18.950000000000006,47.25,17.257812
2021-09-28 17:00:00,18.950000000000006,47.25,18.710938
2021-09-28 18:00:00,18.950000000000006,47.25,21.078125
2021-09-28 19:00:00,18.950000000000006,47.25,23.085938
2021-09-28 20:00:00,18.950000000000006,47.25,22.59375
2021-09-28 21:00:00,18.950000000000006,47.25,20.726562
2021-09-28 22:00:00,18.950000000000006,47.25,18.703125
2021-09-28 23:00:00,18.950000000000006,47.25,14.902344
2021-09-29 00:00:00,18.950000000000006,47.25,14.4921875
2021-09-29 01:00:00,18.950000000000006,47.25,14.417969
2021-09-29 02:00:00,18.950000000000006,47.25,13.9609375
2021-09-29 03:00:00,18.950000000000006,47.25,12.9921875
2021-09-29 04:00:00,18.950000000000006,47.25,13.457031
2021-09-29 05:00:00,18.950000000000006,47.25,13.40625
2021-09-29 06:00:00,18.950000000000006,47.25,14.511719
2021-09-29 07:00:00,18.950000000000006,47.25,15.253906
2021-09-29 08:00:00,18.950000000000006,47.25,16.625
2021-09-29 09:00:00,18.950000000000006,47.25,17.3125
2021-09-29 10:00:00,18.950000000000006,47.25,17.375
2021-09-29 11:00:00,18.950000000000006,47.25,16.6875
2021-09-29 12:00:00,18.950000000000006,47.25,16.039062
2021-09-29 13:00:00,18.950000000000006,47.25,15.871094
2021-09-29 14:00:00,18.950000000000006,47.25,15.8203125
2021-09-29 15:00:00,18.950000000000006,47.25,17.507812
2021-09-29 16:00:00,18.950000000000006,47.25,21.679688
2021-09-29 17:00:00,18.950000000000006,47.25,21.867188
2021-09-29 18:00:00,18.950000000000006,47.25,22.515625
2021-09-29 19:00:00,18.950000000000006,47.25,25.273438
2021-09-29 20:00:00,18.950000000000006,47.25,25.15625
2021-09-29 21:00:00,18.950000000000006,47.25,25.578125
2021-09-29 22:00:00,18.950000000000006,47.25,24.296875
2021-09-29 23:00:00,18.950000000000006,47.25,20.351562
2021-09-30 00:00:00,18.950000000000006,47.25,14.53125
2021-09-30 01:00:00,18.950000000000006,47.25,13.9375
2021-09-30 02:00:00,18.950000000000006,47.25,13.066406
2021-09-30 03:00:00,18.950000000000006,47.25,12.375
2021-09-30 04:00:00,18.950000000000006,47.25,10.175781
2021-09-30 05:00:00,18.950000000000006,47.25,10.074219
2021-09-30 06:00:00,18.950000000000006,47.25,9.546875
2021-09-30 07:00:00,18.950000000000006,47.25,10.238281
2021-09-30 08:00:00,18.950000000000006,47.25,14.59375
2021-09-30 09:00:00,18.950000000000006,47.25,12.1875
2021-09-30 10:00:00,18.950000000000006,47.25,10.730469
2021-09-30 11:00:00,18.950000000000006,47.25,9.421875
2021-09-30 12:00:00,18.950000000000006,47.25,8.652344
2021-09-30 13:00:00,18.950000000000006,47.25,7.453125
2021-09-30 14:00:00,18.950000000000006,47.25,8.050781
2021-09-30 15:00:00,18.950000000000006,47.25,7.517578
2021-09-30 16:00:00,18.950000000000006,47.25,7.4375
2021-09-30 17:00:00,18.950000000000006,47.25,8.324219
2021-09-30 18:00:00,18.950000000000006,47.25,9.734375
2021-09-30 19:00:00,18.950000000000006,47.25,11.0390625
2021-09-30 20:00:00,18.950000000000006,47.25,11.8359375
2021-09-30 21:00:00,18.950000000000006,47.25,12.589844
2021-09-30 22:00:00,18.950000000000006,47.25,12.3828125
2021-09-30 23:00:00,18.950000000000006,47.25,12.359375
2021-10-01 00:00:00,18.950000000000006,47.25,13.066406
2021-10-01 01:00:00,18.950000000000006,47.25,12.5546875
2021-10-01 02:00:00,18.950000000000006,47.25,13.546875
2021-10-01 03:00:00,18.950000000000006,47.25,15.261719
2021-10-01 04:00:00,18.950000000000006,47.25,13.113281
2021-10-01 05:00:00,18.950000000000006,47.25,14.667969
2021-10-01 06:00:00,18.950000000000006,47.25,16.945312
2021-10-01 07:00:00,18.950000000000006,47.25,13.6484375
2021-10-01 08:00:00,18.950000000000006,47.25,13.433594
2021-10-01 09:00:00,18.950000000000006,47.25,11.6328125
2021-10-01 10:00:00,18.950000000000006,47.25,11.015625
2021-10-01 11:00:00,18.950000000000006,47.25,10.265625
2021-10-01 12:00:00,18.950000000000006,47.25,8.734375
2021-10-01 13:00:00,18.950000000000006,47.25,7.0097656
2021-10-01 14:00:00,18.950000000000006,47.25,7.0527344
2021-10-01 15:00:00,18.950000000000006,47.25,7.3671875
2021-10-01 16:00:00,18.950000000000006,47.25,9.9765625
2021-10-01 17:00:00,18.950000000000006,47.25,12.808594
2021-10-01 18:00:00,18.950000000000006,47.25,15.191406
2021-10-01 19:00:00,18.950000000000006,47.25,16.898438
2021-10-01 20:00:00,18.950000000000006,47.25,17.554688
2021-10-01 21:00:00,18.950000000000006,47.25,17.828125
2021-10-01 22:00:00,18.950000000000006,47.25,17.1875
2021-10-01 23:00:00,18.950000000000006,47.25,17.695312
2021-10-02 00:00:00,18.950000000000006,47.25,18.226562
2021-10-02 01:00:00,18.950000000000006,47.25,21.335938
2021-10-02 02:00:00,18.950000000000006,47.25,21.328125
2021-10-02 03:00:00,18.950000000000006,47.25,21.0625
2021-10-02 04:00:00,18.950000000000006,47.25,19.679688
2021-10-02 05:00:00,18.950000000000006,47.25,18.71875
2021-10-02 06:00:00,18.950000000000006,47.25,19.007812
2021-10-02 07:00:00,18.950000000000006,47.25,17.101562
2021-10-02 08:00:00,18.950000000000006,47.25,17.015625
2021-10-02 09:00:00,18.950000000000006,47.25,14.84375
2021-10-02 10:00:00,18.950000000000006,47.25,12.183594
2021-10-02 11:00:00,18.950000000000006,47.25,12.152344
2021-10-02 12:00:00,18.950000000000006,47.25,12.140625
2021-10-02 13:00:00,18.950000000000006,47.25,11.863281
2021-10-02 14:00:00,18.950000000000006,47.25,11.5546875
2021-10-02 15:00:00,18.950000000000006,47.25,11.277344
2021-10-02 16:00:00,18.950000000000006,47.25,12.457031
2021-10-02 17:00:00,18.950000000000006,47.25,13.828125
2021-10-02 18:00:00,18.950000000000006,47.25,15.015625
2021-10-02 19:00:00,18.950000000000006,47.25,15.660156
2021-10-02 20:00:00,18.950000000000006,47.25,16.117188
2021-10-02 21:00:00,18.950000000000006,47.25,15.5390625
2021-10-02 22:00:00,18.950000000000006,47.25,15.394531
2021-10-02 23:00:00,18.950000000000006,47.25,15.613281
2021-10-03 00:00:00,18.950000000000006,47.25,15.707031
2021-10-03 01:00:00,18.950000000000006,47.25,14.527344
2021-10-03 02:00:00,18.950000000000006,47.25,13.058594
2021-10-03 03:00:00,18.950000000000006,47.25,11.9453125
2021-10-03 04:00:00,18.950000000000006,47.25,11.363281
2021-10-03 05:00:00,18.950000000000006,47.25,10.78125
2021-10-03 06:00:00,18.950000000000006,47.25,10.796875
2021-10-03 07:00:00,18.950000000000006,47.25,11.1875
2021-10-03 08:00:00,18.950000000000006,47.25,11.582031
2021-10-03 09:00:00,18.950000000000006,47.25,12.625
2021-10-03 10:00:00,18.950000000000006,47.25,13.769531
2021-10-03 11:00:00,18.950000000000006,47.25,15.6015625
2021-10-03 12:00:00,18.950000000000006,47.25,17.171875
2021-10-03 13:00:00,18.950000000000006,47.25,16.148438
2021-10-03 14:00:00,18.950000000000006,47.25,16.023438
2021-10-03 15:00:00,18.950000000000006,47.25,15.847656
2021-10-03 16:00:00,18.950000000000006,47.25,16.265625
2021-10-03 17:00:00,18.950000000000006,47.25,15.6328125
2021-10-03 18:00:00,18.950000000000006,47.25,16.507812
2021-10-03 19:00:00,18.950000000000006,47.25,17.09375
2021-10-03 20:00:00,18.950000000000006,47.25,16.609375
2021-10-03 21:00:00,18.950000000000006,47.25,16.320312
2021-10-03 22:00:00,18.950000000000006,47.25,16.453125
2021-10-03 23:00:00,18.950000000000006,47.25,16.296875
2021-10-04 00:00:00,18.950000000000006,47.25,16.65625
2021-10-04 01:00:00,18.950000000000006,47.25,16.65625
2021-10-04 02:00:00,18.950000000000006,47.25,17.21875
2021-10-04 03:00:00,18.950000000000006,47.25,17.1875
2021-10-04 04:00:00,18.950000000000006,47.25,17.257812
2021-10-04 05:00:00,18.950000000000006,47.25,16.96875
2021-10-04 06:00:00,18.950000000000006,47.25,17.164062
2021-10-04 07:00:00,18.950000000000006,47.25,16.898438
2021-10-04 08:00:00,18.950000000000006,47.25,16.726562
2021-10-04 09:00:00,18.950000000000006,47.25,16.4375
2021-10-04 10:00:00,18.950000000000006,47.25,16.640625
2021-10-04 11:00:00,18.950000000000006,47.25,15.9453125
2021-10-04 12:00:00,18.950000000000006,47.25,13.183594
2021-10-04 13:00:00,18.950000000000006,47.25,13.1640625
2021-10-04 14:00:00,18.950000000000006,47.25,12.4375
2021-10-04 15:00:00,18.950000000000006,47.25,13.734375
2021-10-04 16:00:00,18.950000000000006,47.25,14.980469
2021-10-04 17:00:00,18.950000000000006,47.25,16.585938
2021-10-04 18:00:00,18.950000000000006,47.25,17.921875
2021-10-04 19:00:00,18.950000000000006,47.25,17.046875
2021-10-04 20:00:00,18.950000000000006,47.25,17.117188
2021-10-04 21:00:00,18.950000000000006,47.25,16.148438
2021-10-04 22:00:00,18.950000000000006,47.25,17.140625
2021-10-04 23:00:00,18.950000000000006,47.25,17.765625
2021-10-05 00:00:00,18.950000000000006,47.25,18.882812
2021-10-05 01:00:00,18.950000000000006,47.25,19.226562
2021-10-05 02:00:00,18.950000000000006,47.25,18.71875
2021-10-05 03:00:00,18.950000000000006,47.25,20.140625
2021-10-05 04:00:00,18.950000000000006,47.25,19.320312
2021-10-05 05:00:00,18.950000000000006,47.25,18.210938
2021-10-05 06:00:00,18.950000000000006,47.25,17.929688
2021-10-05 07:00:00,18.950000000000006,47.25,16.632812
2021-10-05 08:00:00,18.950000000000006,47.25,16.09375
2021-10-05 09:00:00,18.950000000000006,47.25,15.527344
2021-10-05 10:00:00,18.950000000000006,47.25,16.203125
2021-10-05 11:00:00,18.950000000000006,47.25,17.25
2021-10-05 12:00:00,18.950000000000006,47.25,15.871094
2021-10-05 13:00:00,18.950000000000006,47.25,15.597656
2021-10-05 14:00:00,18.950000000000006,47.25,15.535156
2021-10-05 15:00:00,18.950000000000006,47.25,14.105469
2021-10-05 16:00:00,18.950000000000006,47.25,17.773438
2021-10-05 17:00:00,18.950000000000006,47.25,17.757812
2021-10-05 18:00:00,18.950000000000006,47.25,17.796875
2021-10-05 19:00:00,18.950000000000006,47.25,18.460938
2021-10-05 20:00:00,18.950000000000006,47.25,16.90625
2021-10-05 21:00:00,18.950000000000006,47.25,17.203125
2021-10-05 22:00:00,18.950000000000006,47.25,16.414062
2021-10-05 23:00:00,18.950000000000006,47.25,15.7265625
2021-10-06 00:00:00,18.950000000000006,47.25,15.765625
2021-10-06 01:00:00,18.950000000000006,47.25,16.101562
2021-10-06 02:00:00,18.950000000000006,47.25,14.4921875
2021-10-06 03:00:00,18.950000000000006,47.25,14.1015625
2021-10-06 04:00:00,18.950000000000006,47.25,14.4453125
2021-10-06 05:00:00,18.950000000000006,47.25,13.796875
2021-10-06 06:00:00,18.950000000000006,47.25,14.464844
2021-10-06 07:00:00,18.950000000000006,47.25,15.191406
2021-10-06 08:00:00,18.950000000000006,47.25,16.484375
2021-10-06 09:00:00,18.950000000000006,47.25,16.132812
2021-10-06 10:00:00,18.950000000000006,47.25,14.6953125
2021-10-06 11:00:00,18.950000000000006,47.25,13.878906
2021-10-06 12:00:00,18.950000000000006,47.25,14.7578125
2021-10-06 13:00:00,18.950000000000006,47.25,15.191406
2021-10-06 14:00:00,18.950000000000006,47.25,15.3046875
2021-10-06 15:00:00,18.950000000000006,47.25,14.964844
2021-10-06 16:00:00,18.950000000000006,47.25,15.082031
2021-10-06 17:00:00,18.950000000000006,47.25,14.464844
2021-10-06 18:00:00,18.950000000000006,47.25,14.667969
2021-10-06 19:00:00,18.950000000000006,47.25,14.0546875
2021-10-06 20:00:00,18.950000000000006,47.25,14.125
2021-10-06 21:00:00,18.950000000000006,47.25,14.390625
2021-10-06 22:00:00,18.950000000000006,47.25,14.433594
2021-10-06 23:00:00,18.950000000000006,47.25,12.496094
2021-10-07 00:00:00,18.950000000000006,47.25,14.7890625
2021-10-07 01:00:00,18.950000000000006,47.25,13.6171875
2021-10-07 02:00:00,18.950000000000006,47.25,14.332031
2021-10-07 03:00:00,18.950000000000006,47.25,14.0703125
2021-10-07 04:00:00,18.950000000000006,47.25,14.550781
2021-10-07 05:00:00,18.950000000000006,47.25,13.292969
2021-10-07 06:00:00,18.950000000000006,47.25,12.222656
2021-10-07 07:00:00,18.950000000000006,47.25,12.386719
2021-10-07 08:00:00,18.950000000000006,47.25,14.378906
2021-10-07 09:00:00,18.950000000000006,47.25,14.222656
2021-10-07 10:00:00,18.950000000000006,47.25,14.136719
2021-10-07 11:00:00,18.950000000000006,47.25,13.4140625
2021-10-07 12:00:00,18.950000000000006,47.25,13.28125
2021-10-07 13:00:00,18.950000000000006,47.25,14.0546875
2021-10-07 14:00:00,18.950000000000006,47.25,13.433594
2021-10-07 15:00:00,18.950000000000006,47.25,13.003906
2021-10-07 16:00:00,18.950000000000006,47.25,13.933594
2021-10-07 17:00:00,18.950000000000006,47.25,16.21875
2021-10-07 18:00:00,18.950000000000006,47.25,16.710938
2021-10-07 19:00:00,18.950000000000006,47.25,15.308594
2021-10-07 20:00:00,18.950000000000006,47.25,15.578125
2021-10-07 21:00:00,18.950000000000006,47.25,14.746094
2021-10-07 22:00:00,18.950000000000006,47.25,14.378906
2021-10-07 23:00:00,18.950000000000006,47.25,13.0625
2021-10-08 00:00:00,18.950000000000006,47.25,13.410156
2021-10-08 01:00:00,18.950000000000006,47.25,13.792969
2021-10-08 02:00:00,18.950000000000006,47.25,14.53125
2021-10-08 03:00:00,18.950000000000006,47.25,14.839844
2021-10-08 04:00:00,18.950000000000006,47.25,16.351562
2021-10-08 05:00:00,18.950000000000006,47.25,16.757812
2021-10-08 06:00:00,18.950000000000006,47.25,16.828125
2021-10-08 07:00:00,18.950000000000006,47.25,15.371094
2021-10-08 08:00:00,18.950000000000006,47.25,15.3359375
2021-10-08 09:00:00,18.950000000000006,47.25,15.511719
2021-10-08 10:00:00,18.950000000000006,47.25,15.2734375
2021-10-08 11:00:00,18.950000000000006,47.25,14.5859375
2021-10-08 12:00:00,18.950000000000006,47.25,13.8125
2021-10-08 13:00:00,18.950000000000006,47.25,13.074219
2021-10-08 14:00:00,18.950000000000006,47.25,12.9453125
2021-10-08 15:00:00,18.950000000000006,47.25,13.3984375
2021-10-08 16:00:00,18.950000000000006,47.25,13.9140625
2021-10-08 17:00:00,18.950000000000006,47.25,16.0625
2021-10-08 18:00:00,18.950000000000006,47.25,17.453125
2021-10-08 19:00:00,18.950000000000006,47.25,18.546875
2021-10-08 20:00:00,18.950000000000006,47.25,18.367188
2021-10-08 21:00:00,18.950000000000006,47.25,17.4375
2021-10-08 22:00:00,18.950000000000006,47.25,17.101562
2021-10-08 23:00:00,18.950000000000006,47.25,18.257812
2021-10-09 00:00:00,18.950000000000006,47.25,18.132812
2021-10-09 01:00:00,18.950000000000006,47.25,17.484375
2021-10-09 02:00:00,18.950000000000006,47.25,17.890625
2021-10-09 03:00:00,18.950000000000006,47.25,18.140625
2021-10-09 04:00:00,18.950000000000006,47.25,18.210938
2021-10-09 05:00:00,18.950000000000006,47.25,18.125
2021-10-09 06:00:00,18.950000000000006,47.25,17.835938
2021-10-09 07:00:00,18.950000000000006,47.25,18.054688
2021-10-09 08:00:00,18.950000000000006,47.25,18.429688
2021-10-09 09:00:00,18.950000000000006,47.25,17.71875
2021-10-09 10:00:00,18.950000000000006,47.25,15.152344
2021-10-09 11:00:00,18.950000000000006,47.25,14.03125
2021-10-09 12:00:00,18.950000000000006,47.25,13.121094
2021-10-09 13:00:00,18.950000000000006,47.25,12.40625
2021-10-09 14:00:00,18.950000000000006,47.25,12.480469
2021-10-09 15:00:00,18.950000000000006,47.25,12.394531
2021-10-09 16:00:00,18.950000000000006,47.25,13.875
2021-10-09 17:00:00,18.950000000000006,47.25,15.8203125
2021-10-09 18:00:00,18.950000000000006,47.25,17.601562
2021-10-09 19:00:00,18.950000000000006,47.25,22.460938
2021-10-09 20:00:00,18.950000000000006,47.25,21.226562
2021-10-09 21:00:00,18.950000000000006,47.25,22.546875
2021-10-09 22:00:00,18.950000000000006,47.25,21.671875
2021-10-09 23:00:00,18.950000000000006,47.25,21.171875
2021-10-10 00:00:00,18.950000000000006,47.25,18.9375
2021-10-10 01:00:00,18.950000000000006,47.25,19.078125
2021-10-10 02:00:00,18.950000000000006,47.25,17.8125
2021-10-10 03:00:00,18.950000000000006,47.25,17.148438
2021-10-10 04:00:00,18.950000000000006,47.25,17.1875
2021-10-10 05:00:00,18.950000000000006,47.25,17.5625
2021-10-10 06:00:00,18.950000000000006,47.25,19.101562
2021-10-10 07:00:00,18.950000000000006,47.25,20.054688
2021-10-10 08:00:00,18.950000000000006,47.25,22.882812
2021-10-10 09:00:00,18.950000000000006,47.25,23.328125
2021-10-10 10:00:00,18.950000000000006,47.25,21.359375
2021-10-10 11:00:00,18.950000000000006,47.25,21.257812
2021-10-10 12:00:00,18.950000000000006,47.25,20.757812
2021-10-10 13:00:00,18.950000000000006,47.25,22.0
2021-10-10 14:00:00,18.950000000000006,47.25,21.546875
2021-10-10 15:00:00,18.950000000000006,47.25,22.960938
2021-10-10 16:00:00,18.950000000000006,47.25,23.78125
2021-10-10 17:00:00,18.950000000000006,47.25,27.023438
2021-10-10 18:00:00,18.950000000000006,47.25,29.304688
2021-10-10 19:00:00,18.950000000000006,47.25,28.53125
2021-10-10 20:00:00,18.950000000000006,47.25,28.460938
2021-10-10 21:00:00,18.950000000000006,47.25,28.96875
2021-10-10 22:00:00,18.950000000000006,47.25,27.9375
2021-10-10 23:00:00,18.950000000000006,47.25,27.21875
2021-10-11 00:00:00,18.950000000000006,47.25,26.257812
2021-10-11 01:00:00,18.950000000000006,47.25,24.210938
2021-10-11 02:00:00,18.950000000000006,47.25,23.210938
2021-10-11 03:00:00,18.950000000000006,47.25,22.320312
2021-10-11 04:00:00,18.950000000000006,47.25,22.640625
2021-10-11 05:00:00,18.950000000000006,47.25,22.757812
2021-10-11 06:00:00,18.950000000000006,47.25,25.546875
2021-10-11 07:00:00,18.950000000000006,47.25,23.328125
2021-10-11 08:00:00,18.950000000000006,47.25,22.5
2021-10-11 09:00:00,18.950000000000006,47.25,22.28125
2021-10-11 10:00:00,18.950000000000006,47.25,22.210938
2021-10-11 11:00:00,18.950000000000006,47.25,22.992188
2021-10-11 12:00:00,18.950000000000006,47.25,23.203125
2021-10-11 13:00:00,18.950000000000006,47.25,21.171875
2021-10-11 14:00:00,18.950000000000006,47.25,22.015625
2021-10-11 15:00:00,18.950000000000006,47.25,22.648438
2021-10-11 16:00:00,18.950000000000006,47.25,24.867188
2021-10-11 17:00:00,18.950000000000006,47.25,26.070312
2021-10-11 18:00:00,18.950000000000006,47.25,29.53125
2021-10-11 19:00:00,18.950000000000006,47.25,24.445312
2021-10-11 20:00:00,18.950000000000006,47.25,23.875
2021-10-11 21:00:00,18.950000000000006,47.25,23.84375
2021-10-11 22:00:00,18.950000000000006,47.25,25.125
2021-10-11 23:00:00,18.950000000000006,47.25,22.9375
2021-10-12 00:00:00,18.950000000000006,47.25,22.257812
2021-10-12 01:00:00,18.950000000000006,47.25,22.554688
2021-10-12 02:00:00,18.950000000000006,47.25,22.382812
2021-10-12 03:00:00,18.950000000000006,47.25,23.960938
2021-10-12 04:00:00,18.950000000000006,47.25,25.375
2021-10-12 05:00:00,18.950000000000006,47.25,26.289062
2021-10-12 06:00:00,18.950000000000006,47.25,27.023438
2021-10-12 07:00:00,18.950000000000006,47.25,28.65625
2021-10-12 08:00:00,18.950000000000006,47.25,24.078125
2021-10-12 09:00:00,18.950000000000006,47.25,19.476562
2021-10-12 10:00:00,18.950000000000006,47.25,14.542969
2021-10-12 11:00:00,18.950000000000006,47.25,11.546875
2021-10-12 12:00:00,18.950000000000006,47.25,10.5390625
2021-10-12 13:00:00,18.950000000000006,47.25,10.4375
2021-10-12 14:00:00,18.950000000000006,47.25,10.386719
2021-10-12 15:00:00,18.950000000000006,47.25,10.128906
2021-10-12 16:00:00,18.950000000000006,47.25,11.8515625
2021-10-12 17:00:00,18.950000000000006,47.25,13.75
2021-10-12 18:00:00,18.950000000000006,47.25,16.179688
2021-10-12 19:00:00,18.950000000000006,47.25,16.84375
2021-10-12 20:00:00,18.950000000000006,47.25,14.6328125
2021-10-12 21:00:00,18.950000000000006,47.25,15.421875
2021-10-12 22:00:00,18.950000000000006,47.25,15.9140625
2021-10-12 23:00:00,18.950000000000006,47.25,16.09375
2021-10-13 00:00:00,18.950000000000006,47.25,14.035156
2021-10-13 01:00:00,18.950000000000006,47.25,13.90625
2021-10-13 02:00:00,18.950000000000006,47.25,12.1875
2021-10-13 03:00:00,18.950000000000006,47.25,10.558594
2021-10-13 04:00:00,18.950000000000006,47.25,10.5546875
2021-10-13 05:00:00,18.950000000000006,47.25,9.90625
2021-10-13 06:00:00,18.950000000000006,47.25,10.886719
2021-10-13 07:00:00,18.950000000000006,47.25,10.058594
2021-10-13 08:00:00,18.950000000000006,47.25,8.640625
2021-10-13 09:00:00,18.950000000000006,47.25,7.8496094
2021-10-13 10:00:00,18.950000000000006,47.25,6.2578125
2021-10-13 11:00:00,18.950000000000006,47.25,5.6210938
2021-10-13 12:00:00,18.950000000000006,47.25,5.1972656
2021-10-13 13:00:00,18.950000000000006,47.25,5.283203
2021-10-13 14:00:00,18.950000000000006,47.25,5.4902344
2021-10-13 15:00:00,18.950000000000006,47.25,6.0351562
2021-10-13 16:00:00,18.950000000000006,47.25,8.214844
2021-10-13 17:00:00,18.950000000000006,47.25,10.0234375
2021-10-13 18:00:00,18.950000000000006,47.25,11.6640625
2021-10-13 19:00:00,18.950000000000006,47.25,14.546875
2021-10-13 20:00:00,18.950000000000006,47.25,14.519531
2021-10-13 21:00:00,18.950000000000006,47.25,13.035156
2021-10-13 22:00:00,18.950000000000006,47.25,13.0
2021-10-13 23:00:00,18.950000000000006,47.25,14.265625
2021-10-14 00:00:00,18.950000000000006,47.25,12.589844
2021-10-14 01:00:00,18.950000000000006,47.25,12.875
2021-10-14 02:00:00,18.950000000000006,47.25,12.386719
2021-10-14 03:00:00,18.950000000000006,47.25,11.9609375
2021-10-14 04:00:00,18.950000000000006,47.25,11.597656
2021-10-14 05:00:00,18.950000000000006,47.25,13.074219
2021-10-14 06:00:00,18.950000000000006,47.25,15.371094
2021-10-14 07:00:00,18.950000000000006,47.25,16.203125
2021-10-14 08:00:00,18.950000000000006,47.25,16.164062
2021-10-14 09:00:00,18.950000000000006,47.25,13.96875
2021-10-14 10:00:00,18.950000000000006,47.25,12.699219
2021-10-14 11:00:00,18.950000000000006,47.25,10.730469
2021-10-14 12:00:00,18.950000000000006,47.25,9.238281
2021-10-14 13:00:00,18.950000000000006,47.25,8.691406
2021-10-14 14:00:00,18.950000000000006,47.25,8.5859375
2021-10-14 15:00:00,18.950000000000006,47.25,9.96875
2021-10-14 16:00:00,18.950000000000006,47.25,13.03125
2021-10-14 17:00:00,18.950000000000006,47.25,18.476562
2021-10-14 18:00:00,18.950000000000006,47.25,25.921875
2021-10-14 19:00:00,18.950000000000006,47.25,27.5625
2021-10-14 20:00:00,18.950000000000006,47.25,31.148438
2021-10-14 21:00:00,18.950000000000006,47.25,32.265625
2021-10-14 22:00:00,18.950000000000006,47.25,29.75
2021-10-14 23:00:00,18.950000000000006,47.25,28.953125
2021-10-15 00:00:00,18.950000000000006,47.25,28.15625
2021-10-15 01:00:00,18.950000000000006,47.25,26.460938
2021-10-15 02:00:00,18.950000000000006,47.25,26.585938
2021-10-15 03:00:00,18.950000000000006,47.25,27.75
2021-10-15 04:00:00,18.950000000000006,47.25,27.625
2021-10-15 05:00:00,18.950000000000006,47.25,26.929688
2021-10-15 06:00:00,18.950000000000006,47.25,27.671875
2021-10-15 07:00:00,18.950000000000006,47.25,26.21875
2021-10-15 08:00:00,18.950000000000006,47.25,26.085938
2021-10-15 09:00:00,18.950000000000006,47.25,22.296875
2021-10-15 10:00:00,18.950000000000006,47.25,17.9375
2021-10-15 11:00:00,18.950000000000006,47.25,15.171875
2021-10-15 12:00:00,18.950000000000006,47.25,14.1796875
2021-10-15 13:00:00,18.950000000000006,47.25,11.6875
2021-10-15 14:00:00,18.950000000000006,47.25,11.34375
2021-10-15 15:00:00,18.950000000000006,47.25,11.3671875
2021-10-15 16:00:00,18.950000000000006,47.25,17.515625
2021-10-15 17:00:00,18.950000000000006,47.25,22.585938
2021-10-15 18:00:00,18.950000000000006,47.25,26.8125
2021-10-15 19:00:00,18.950000000000006,47.25,28.53125
2021-10-15 20:00:00,18.950000000000006,47.25,34.796875
2021-10-15 21:00:00,18.950000000000006,47.25,38.265625
2021-10-15 22:00:00,18.950000000000006,47.25,37.53125
2021-10-15 23:00:00,18.950000000000006,47.25,35.78125
2021-10-16 00:00:00,18.950000000000006,47.25,32.71875
2021-10-16 01:00:00,18.950000000000006,47.25,31.460938
2021-10-16 02:00:00,18.950000000000006,47.25,29.953125
2021-10-16 03:00:00,18.950000000000006,47.25,28.203125
2021-10-16 04:00:00,18.950000000000006,47.25,26.3125
2021-10-16 05:00:00,18.950000000000006,47.25,25.507812
2021-10-16 06:00:00,18.950000000000006,47.25,24.625
2021-10-16 07:00:00,18.950000000000006,47.25,24.484375
2021-10-16 08:00:00,18.950000000000006,47.25,24.140625
2021-10-16 09:00:00,18.950000000000006,47.25,19.75
2021-10-16 10:00:00,18.950000000000006,47.25,18.554688
2021-10-16 11:00:00,18.950000000000006,47.25,17.960938
2021-10-16 12:00:00,18.950000000000006,47.25,14.734375
2021-10-16 13:00:00,18.950000000000006,47.25,13.285156
2021-10-16 14:00:00,18.950000000000006,47.25,12.875
2021-10-16 15:00:00,18.950000000000006,47.25,13.378906
2021-10-16 16:00:00,18.950000000000006,47.25,17.5625
2021-10-16 17:00:00,18.950000000000006,47.25,21.570312
2021-10-16 18:00:00,18.950000000000006,47.25,28.789062
2021-10-16 19:00:00,18.950000000000006,47.25,30.5
2021-10-16 20:00:00,18.950000000000006,47.25,31.867188
2021-10-16 21:00:00,18.950000000000006,47.25,35.875
2021-10-16 22:00:00,18.950000000000006,47.25,40.4375
2021-10-16 23:00:00,18.950000000000006,47.25,36.859375
2021-10-17 00:00:00,18.950000000000006,47.25,40.34375
2021-10-17 01:00:00,18.950000000000006,47.25,32.578125
2021-10-17 02:00:00,18.950000000000006,47.25,26.734375
2021-10-17 03:00:00,18.950000000000006,47.25,21.054688
2021-10-17 04:00:00,18.950000000000006,47.25,19.414062
2021-10-17 05:00:00,18.950000000000006,47.25,15.734375
2021-10-17 06:00:00,18.950000000000006,47.25,15.1484375
2021-10-17 07:00:00,18.950000000000006,47.25,14.875
2021-10-17 08:00:00,18.950000000000006,47.25,15.9453125
2021-10-17 09:00:00,18.950000000000006,47.25,14.6015625
2021-10-17 10:00:00,18.950000000000006,47.25,14.183594
2021-10-17 11:00:00,18.950000000000006,47.25,11.4140625
2021-10-17 12:00:00,18.950000000000006,47.25,11.2890625
2021-10-17 13:00:00,18.950000000000006,47.25,10.2890625
2021-10-17 14:00:00,18.950000000000006,47.25,10.371094
2021-10-17 15:00:00,18.950000000000006,47.25,10.824219
2021-10-17 16:00:00,18.950000000000006,47.25,16.328125
2021-10-17 17:00:00,18.950000000000006,47.25,20.03125
2021-10-17 18:00:00,18.950000000000006,47.25,25.851562
2021-10-17 19:00:00,18.950000000000006,47.25,30.390625
2021-10-17 20:00:00,18.950000000000006,47.25,31.617188
2021-10-17 21:00:00,18.950000000000006,47.25,31.3125
2021-10-17 22:00:00,18.950000000000006,47.25,31.453125
2021-10-17 23:00:00,18.950000000000006,47.25,31.78125
2021-10-18 00:00:00,18.950000000000006,47.25,27.34375
2021-10-18 01:00:00,18.950000000000006,47.25,27.78125
2021-10-18 02:00:00,18.950000000000006,47.25,27.375
2021-10-18 03:00:00,18.950000000000006,47.25,27.0625
2021-10-18 04:00:00,18.950000000000006,47.25,28.078125
2021-10-18 05:00:00,18.950000000000006,47.25,31.25
2021-10-18 06:00:00,18.950000000000006,47.25,31.0
2021-10-18 07:00:00,18.950000000000006,47.25,25.90625
2021-10-18 08:00:00,18.950000000000006,47.25,23.835938
2021-10-18 09:00:00,18.950000000000006,47.25,23.148438
2021-10-18 10:00:00,18.950000000000006,47.25,23.734375
2021-10-18 11:00:00,18.950000000000006,47.25,17.929688
2021-10-18 12:00:00,18.950000000000006,47.25,14.7265625
2021-10-18 13:00:00,18.950000000000006,47.25,13.2109375
2021-10-18 14:00:00,18.950000000000006,47.25,11.855469
2021-10-18 15:00:00,18.950000000000006,47.25,11.84375
2021-10-18 16:00:00,18.950000000000006,47.25,14.058594
2021-10-18 17:00:00,18.950000000000006,47.25,18.585938
2021-10-18 18:00:00,18.950000000000006,47.25,21.351562
2021-10-18 19:00:00,18.950000000000006,47.25,22.648438
2021-10-18 20:00:00,18.950000000000006,47.25,22.007812
2021-10-18 21:00:00,18.950000000000006,47.25,24.453125
2021-10-18 22:00:00,18.950000000000006,47.25,21.53125
2021-10-18 23:00:00,18.950000000000006,47.25,21.460938
2021-10-19 00:00:00,18.950000000000006,47.25,21.429688
2021-10-19 01:00:00,18.950000000000006,47.25,21.554688
2021-10-19 02:00:00,18.950000000000006,47.25,20.921875
2021-10-19 03:00:00,18.950000000000006,47.25,19.796875
2021-10-19 04:00:00,18.950000000000006,47.25,20.234375
2021-10-19 05:00:00,18.950000000000006,47.25,21.585938
2021-10-19 06:00:00,18.950000000000006,47.25,22.132812
2021-10-19 07:00:00,18.950000000000006,47.25,22.460938
2021-10-19 08:00:00,18.950000000000006,47.25,20.59375
2021-10-19 09:00:00,18.950000000000006,47.25,17.804688
2021-10-19 10:00:00,18.950000000000006,47.25,17.054688
2021-10-19 11:00:00,18.950000000000006,47.25,15.515625
2021-10-19 12:00:00,18.950000000000006,47.25,12.7890625
2021-10-19 13:00:00,18.950000000000006,47.25,10.964844
2021-10-19 14:00:00,18.950000000000006,47.25,10.597656
2021-10-19 15:00:00,18.950000000000006,47.25,11.683594
2021-10-19 16:00:00,18.950000000000006,47.25,14.8984375
2021-10-19 17:00:00,18.950000000000006,47.25,19.71875
2021-10-19 18:00:00,18.950000000000006,47.25,21.789062
2021-10-19 19:00:00,18.950000000000006,47.25,22.523438
2021-10-19 20:00:00,18.950000000000006,47.25,21.578125
2021-10-19 21:00:00,18.950000000000006,47.25,21.726562
2021-10-19 22:00:00,18.950000000000006,47.25,20.59375
2021-10-19 23:00:00,18.950000000000006,47.25,20.523438
2021-10-20 00:00:00,18.950000000000006,47.25,20.210938
2021-10-20 01:00:00,18.950000000000006,47.25,18.273438
2021-10-20 02:00:00,18.950000000000006,47.25,17.585938
2021-10-20 03:00:00,18.950000000000006,47.25,17.375
2021-10-20 04:00:00,18.950000000000006,47.25,18.34375
2021-10-20 05:00:00,18.950000000000006,47.25,19.210938
2021-10-20 06:00:00,18.950000000000006,47.25,20.484375
2021-10-20 07:00:00,18.950000000000006,47.25,22.710938
2021-10-20 08:00:00,18.950000000000006,47.25,22.789062
2021-10-20 09:00:00,18.950000000000006,47.25,21.851562
2021-10-20 10:00:00,18.950000000000006,47.25,20.695312
2021-10-20 11:00:00,18.950000000000006,47.25,19.335938
2021-10-20 12:00:00,18.950000000000006,47.25,18.125
2021-10-20 13:00:00,18.950000000000006,47.25,17.09375
2021-10-20 14:00:00,18.950000000000006,47.25,16.773438
2021-10-20 15:00:00,18.950000000000006,47.25,16.421875
2021-10-20 16:00:00,18.950000000000006,47.25,18.203125
2021-10-20 17:00:00,18.950000000000006,47.25,19.859375
2021-10-20 18:00:00,18.950000000000006,47.25,19.804688
2021-10-20 19:00:00,18.950000000000006,47.25,21.054688
2021-10-20 20:00:00,18.950000000000006,47.25,22.640625
2021-10-20 21:00:00,18.950000000000006,47.25,21.101562
2021-10-20 22:00:00,18.950000000000006,47.25,19.71875
2021-10-20 23:00:00,18.950000000000006,47.25,15.3984375
2021-10-21 00:00:00,18.950000000000006,47.25,13.625
2021-10-21 01:00:00,18.950000000000006,47.25,12.84375
2021-10-21 02:00:00,18.950000000000006,47.25,10.515625
2021-10-21 03:00:00,18.950000000000006,47.25,9.058594
2021-10-21 04:00:00,18.950000000000006,47.25,8.683594
2021-10-21 05:00:00,18.950000000000006,47.25,8.5859375
2021-10-21 06:00:00,18.950000000000006,47.25,9.9296875
2021-10-21 07:00:00,18.950000000000006,47.25,10.1640625
2021-10-21 08:00:00,18.950000000000006,47.25,10.7265625
2021-10-21 09:00:00,18.950000000000006,47.25,11.363281
2021-10-21 10:00:00,18.950000000000006,47.25,10.136719
2021-10-21 11:00:00,18.950000000000006,47.25,10.902344
2021-10-21 12:00:00,18.950000000000006,47.25,8.0625
2021-10-21 13:00:00,18.950000000000006,47.25,9.175781
2021-10-21 14:00:00,18.950000000000006,47.25,9.457031
2021-10-21 15:00:00,18.950000000000006,47.25,10.625
2021-10-21 16:00:00,18.950000000000006,47.25,12.058594
2021-10-21 17:00:00,18.950000000000006,47.25,12.921875
2021-10-21 18:00:00,18.950000000000006,47.25,12.558594
2021-10-21 19:00:00,18.950000000000006,47.25,11.738281
2021-10-21 20:00:00,18.950000000000006,47.25,9.4140625
2021-10-21 21:00:00,18.950000000000006,47.25,9.925781
2021-10-21 22:00:00,18.950000000000006,47.25,9.734375
2021-10-21 23:00:00,18.950000000000006,47.25,9.328125
2021-10-22 00:00:00,18.950000000000006,47.25,8.5625
2021-10-22 01:00:00,18.950000000000006,47.25,6.1132812
2021-10-22 02:00:00,18.950000000000006,47.25,5.7441406
2021-10-22 03:00:00,18.950000000000006,47.25,6.609375
2021-10-22 04:00:00,18.950000000000006,47.25,6.748047
2021-10-22 05:00:00,18.950000000000006,47.25,5.859375
2021-10-22 06:00:00,18.950000000000006,47.25,6.455078
2021-10-22 07:00:00,18.950000000000006,47.25,7.2734375
2021-10-22 08:00:00,18.950000000000006,47.25,7.8398438
2021-10-22 09:00:00,18.950000000000006,47.25,5.939453
2021-10-22 10:00:00,18.950000000000006,47.25,4.75
2021-10-22 11:00:00,18.950000000000006,47.25,5.2128906
2021-10-22 12:00:00,18.950000000000006,47.25,4.310547
2021-10-22 13:00:00,18.950000000000006,47.25,5.8046875
2021-10-22 14:00:00,18.950000000000006,47.25,6.0839844
2021-10-22 15:00:00,18.950000000000006,47.25,5.783203
2021-10-22 16:00:00,18.950000000000006,47.25,7.8984375
2021-10-22 17:00:00,18.950000000000006,47.25,11.1171875
2021-10-22 18:00:00,18.950000000000006,47.25,14.496094
2021-10-22 19:00:00,18.950000000000006,47.25,12.746094
2021-10-22 20:00:00,18.950000000000006,47.25,11.1875
2021-10-22 21:00:00,18.950000000000006,47.25,10.6796875
2021-10-22 22:00:00,18.950000000000006,47.25,8.34375
2021-10-22 23:00:00,18.950000000000006,47.25,7.34375
2021-10-23 00:00:00,18.950000000000006,47.25,6.783203
2021-10-23 01:00:00,18.950000000000006,47.25,6.689453
2021-10-23 02:00:00,18.950000000000006,47.25,6.419922
2021-10-23 03:00:00,18.950000000000006,47.25,6.8710938
2021-10-23 04:00:00,18.950000000000006,47.25,6.564453
2021-10-23 05:00:00,18.950000000000006,47.25,7.158203
2021-10-23 06:00:00,18.950000000000006,47.25,7.3535156
2021-10-23 07:00:00,18.950000000000006,47.25,7.8496094
2021-10-23 08:00:00,18.950000000000006,47.25,7.904297
2021-10-23 09:00:00,18.950000000000006,47.25,7.5566406
2021-10-23 10:00:00,18.950000000000006,47.25,6.7265625
2021-10-23 11:00:00,18.950000000000006,47.25,6.171875
2021-10-23 12:00:00,18.950000000000006,47.25,5.5976562
2021-10-23 13:00:00,18.950000000000006,47.25,4.814453
2021-10-23 14:00:00,18.950000000000006,47.25,4.9121094
2021-10-23 15:00:00,18.950000000000006,47.25,5.169922
2021-10-23 16:00:00,18.950000000000006,47.25,6.7460938
2021-10-23 17:00:00,18.950000000000006,47.25,10.207031
2021-10-23 18:00:00,18.950000000000006,47.25,14.671875
2021-10-23 19:00:00,18.950000000000006,47.25,16.757812
2021-10-23 20:00:00,18.950000000000006,47.25,18.476562
2021-10-23 21:00:00,18.950000000000006,47.25,14.535156
2021-10-23 22:00:00,18.950000000000006,47.25,14.339844
2021-10-23 23:00:00,18.950000000000006,47.25,14.1640625
2021-10-24 00:00:00,18.950000000000006,47.25,13.988281
2021-10-24 01:00:00,18.950000000000006,47.25,17.40625
2021-10-24 02:00:00,18.950000000000006,47.25,15.902344
2021-10-24 03:00:00,18.950000000000006,47.25,16.945312
2021-10-24 04:00:00,18.950000000000006,47.25,16.265625
2021-10-24 05:00:00,18.950000000000006,47.25,19.382812
2021-10-24 06:00:00,18.950000000000006,47.25,20.539062
2021-10-24 07:00:00,18.950000000000006,47.25,20.609375
2021-10-24 08:00:00,18.950000000000006,47.25,20.976562
2021-10-24 09:00:00,18.950000000000006,47.25,19.921875
2021-10-24 10:00:00,18.950000000000006,47.25,15.3515625
2021-10-24 11:00:00,18.950000000000006,47.25,12.96875
2021-10-24 12:00:00,18.950000000000006,47.25,11.640625
2021-10-24 13:00:00,18.950000000000006,47.25,10.261719
2021-10-24 14:00:00,18.950000000000006,47.25,8.78125
2021-10-24 15:00:00,18.950000000000006,47.25,11.769531
2021-10-24 16:00:00,18.950000000000006,47.25,14.34375
2021-10-24 17:00:00,18.950000000000006,47.25,19.710938
2021-10-24 18:00:00,18.950000000000006,47.25,25.539062
2021-10-24 19:00:00,18.950000000000006,47.25,24.9375
2021-10-24 20:00:00,18.950000000000006,47.25,25.953125
2021-10-24 21:00:00,18.950000000000006,47.25,27.625
2021-10-24 22:00:00,18.950000000000006,47.25,26.351562
2021-10-24 23:00:00,18.950000000000006,47.25,27.179688
2021-10-25 00:00:00,18.950000000000006,47.25,21.5625
2021-10-25 01:00:00,18.950000000000006,47.25,17.859375
2021-10-25 02:00:00,18.950000000000006,47.25,17.054688
2021-10-25 03:00:00,18.950000000000006,47.25,16.328125
2021-10-25 04:00:00,18.950000000000006,47.25,19.976562
2021-10-25 05:00:00,18.950000000000006,47.25,20.335938
2021-10-25 06:00:00,18.950000000000006,47.25,22.742188
2021-10-25 07:00:00,18.950000000000006,47.25,20.421875
2021-10-25 08:00:00,18.950000000000006,47.25,18.375
2021-10-25 09:00:00,18.950000000000006,47.25,15.7421875
2021-10-25 10:00:00,18.950000000000006,47.25,12.3984375
2021-10-25 11:00:00,18.950000000000006,47.25,10.941406
2021-10-25 12:00:00,18.950000000000006,47.25,10.8984375
2021-10-25 13:00:00,18.950000000000006,47.25,9.933594
2021-10-25 14:00:00,18.950000000000006,47.25,10.390625
2021-10-25 15:00:00,18.950000000000006,47.25,11.457031
2021-10-25 16:00:00,18.950000000000006,47.25,15.707031
2021-10-25 17:00:00,18.950000000000006,47.25,18.1875
2021-10-25 18:00:00,18.950000000000006,47.25,20.476562
2021-10-25 19:00:00,18.950000000000006,47.25,23.640625
2021-10-25 20:00:00,18.950000000000006,47.25,24.585938
2021-10-25 21:00:00,18.950000000000006,47.25,24.375
2021-10-25 22:00:00,18.950000000000006,47.25,22.523438
2021-10-25 23:00:00,18.950000000000006,47.25,21.320312
2021-10-26 00:00:00,18.950000000000006,47.25,23.25
2021-10-26 01:00:00,18.950000000000006,47.25,21.0625
2021-10-26 02:00:00,18.950000000000006,47.25,18.21875
2021-10-26 03:00:00,18.950000000000006,47.25,18.1875
2021-10-26 04:00:00,18.950000000000006,47.25,18.054688
2021-10-26 05:00:00,18.950000000000006,47.25,17.890625
2021-10-26 06:00:00,18.950000000000006,47.25,18.078125
2021-10-26 07:00:00,18.950000000000006,47.25,18.34375
2021-10-26 08:00:00,18.950000000000006,47.25,20.335938
2021-10-26 09:00:00,18.950000000000006,47.25,19.476562
2021-10-26 10:00:00,18.950000000000006,47.25,18.203125
2021-10-26 11:00:00,18.950000000000006,47.25,17.109375
2021-10-26 12:00:00,18.950000000000006,47.25,16.421875
2021-10-26 13:00:00,18.950000000000006,47.25,15.25
2021-10-26 14:00:00,18.950000000000006,47.25,16.59375
2021-10-26 15:00:00,18.950000000000006,47.25,18.015625
2021-10-26 16:00:00,18.950000000000006,47.25,24.039062
2021-10-26 17:00:00,18.950000000000006,47.25,28.0
2021-10-26 18:00:00,18.950000000000006,47.25,34.96875
2021-10-26 19:00:00,18.950000000000006,47.25,41.734375
2021-10-26 20:00:00,18.950000000000006,47.25,43.890625
2021-10-26 21:00:00,18.950000000000006,47.25,54.484375
2021-10-26 22:00:00,18.950000000000006,47.25,63.59375
2021-10-26 23:00:00,18.950000000000006,47.25,68.21875
2021-10-27 00:00:00,18.950000000000006,47.25,64.9375
2021-10-27 01:00:00,18.950000000000006,47.25,62.75
2021-10-27 02:00:00,18.950000000000006,47.25,55.453125
2021-10-27 03:00:00,18.950000000000006,47.25,40.671875
2021-10-27 04:00:00,18.950000000000006,47.25,42.0625
2021-10-27 05:00:00,18.950000000000006,47.25,47.9375
2021-10-27 06:00:00,18.950000000000006,47.25,47.65625
2021-10-27 07:00:00,18.950000000000006,47.25,49.546875
2021-10-27 08:00:00,18.950000000000006,47.25,45.4375
2021-10-27 09:00:00,18.950000000000006,47.25,41.125
2021-10-27 10:00:00,18.950000000000006,47.25,38.90625
2021-10-27 11:00:00,18.950000000000006,47.25,33.71875
2021-10-27 12:00:00,18.950000000000006,47.25,29.75
2021-10-27 13:00:00,18.950000000000006,47.25,30.5625
2021-10-27 14:00:00,18.950000000000006,47.25,29.132812
2021-10-27 15:00:00,18.950000000000006,47.25,29.125
2021-10-27 16:00:00,18.950000000000006,47.25,32.90625
2021-10-27 17:00:00,18.950000000000006,47.25,40.0
2021-10-27 18:00:00,18.950000000000006,47.25,45.34375
2021-10-27 19:00:00,18.950000000000006,47.25,49.90625
2021-10-27 20:00:00,18.950000000000006,47.25,50.328125
2021-10-27 21:00:00,18.950000000000006,47.25,55.09375
2021-10-27 22:00:00,18.950000000000006,47.25,54.6875
2021-10-27 23:00:00,18.950000000000006,47.25,52.859375
2021-10-28 00:00:00,18.950000000000006,47.25,52.328125
2021-10-28 01:00:00,18.950000000000006,47.25,53.203125
2021-10-28 02:00:00,18.950000000000006,47.25,50.46875
2021-10-28 03:00:00,18.950000000000006,47.25,50.21875
2021-10-28 04:00:00,18.950000000000006,47.25,47.0
2021-10-28 05:00:00,18.950000000000006,47.25,47.4375
2021-10-28 06:00:00,18.950000000000006,47.25,47.875
2021-10-28 07:00:00,18.950000000000006,47.25,59.0625
2021-10-28 08:00:00,18.950000000000006,47.25,53.859375
2021-10-28 09:00:00,18.950000000000006,47.25,52.046875
2021-10-28 10:00:00,18.950000000000006,47.25,43.375
2021-10-28 11:00:00,18.950000000000006,47.25,34.40625
2021-10-28 12:00:00,18.950000000000006,47.25,28.179688
2021-10-28 13:00:00,18.950000000000006,47.25,25.039062
2021-10-28 14:00:00,18.950000000000006,47.25,22.179688
2021-10-28 15:00:00,18.950000000000006,47.25,24.359375
2021-10-28 16:00:00,18.950000000000006,47.25,30.242188
2021-10-28 17:00:00,18.950000000000006,47.25,41.984375
2021-10-28 18:00:00,18.950000000000006,47.25,41.796875
2021-10-28 19:00:00,18.950000000000006,47.25,46.40625
2021-10-28 20:00:00,18.950000000000006,47.25,48.171875
2021-10-28 21:00:00,18.950000000000006,47.25,48.0625
2021-10-28 22:00:00,18.950000000000006,47.25,48.171875
2021-10-28 23:00:00,18.950000000000006,47.25,49.84375
2021-10-29 00:00:00,18.950000000000006,47.25,47.84375
2021-10-29 01:00:00,18.950000000000006,47.25,43.984375
2021-10-29 02:00:00,18.950000000000006,47.25,41.609375
2021-10-29 03:00:00,18.950000000000006,47.25,42.375
2021-10-29 04:00:00,18.950000000000006,47.25,45.953125
2021-10-29 05:00:00,18.950000000000006,47.25,47.109375
2021-10-29 06:00:00,18.950000000000006,47.25,47.953125
2021-10-29 07:00:00,18.950000000000006,47.25,44.34375
2021-10-29 08:00:00,18.950000000000006,47.25,40.6875
2021-10-29 09:00:00,18.950000000000006,47.25,35.375
2021-10-29 10:00:00,18.950000000000006,47.25,31.492188
2021-10-29 11:00:00,18.950000000000006,47.25,27.15625
2021-10-29 12:00:00,18.950000000000006,47.25,23.59375
2021-10-29 13:00:00,18.950000000000006,47.25,21.15625
2021-10-29 14:00:00,18.950000000000006,47.25,18.78125
2021-10-29 15:00:00,18.950000000000006,47.25,20.398438
2021-10-29 16:00:00,18.950000000000006,47.25,23.828125
2021-10-29 17:00:00,18.950000000000006,47.25,34.296875
2021-10-29 18:00:00,18.950000000000006,47.25,38.96875
2021-10-29 19:00:00,18.950000000000006,47.25,37.59375
2021-10-29 20:00:00,18.950000000000006,47.25,40.96875
2021-10-29 21:00:00,18.950000000000006,47.25,41.5625
2021-10-29 22:00:00,18.950000000000006,47.25,39.4375
2021-10-29 23:00:00,18.950000000000006,47.25,37.53125
2021-10-30 00:00:00,18.950000000000006,47.25,41.28125
2021-10-30 01:00:00,18.950000000000006,47.25,36.953125
2021-10-30 02:00:00,18.950000000000006,47.25,33.921875
2021-10-30 03:00:00,18.950000000000006,47.25,31.898438
2021-10-30 04:00:00,18.950000000000006,47.25,28.929688
2021-10-30 05:00:00,18.950000000000006,47.25,27.46875
2021-10-30 06:00:00,18.950000000000006,47.25,27.648438
2021-10-30 07:00:00,18.950000000000006,47.25,27.867188
2021-10-30 08:00:00,18.950000000000006,47.25,27.625
2021-10-30 09:00:00,18.950000000000006,47.25,27.25
2021-10-30 10:00:00,18.950000000000006,47.25,25.140625
2021-10-30 11:00:00,18.950000000000006,47.25,21.773438
2021-10-30 12:00:00,18.950000000000006,47.25,20.195312
2021-10-30 13:00:00,18.950000000000006,47.25,18.375
2021-10-30 14:00:00,18.950000000000006,47.25,18.578125
2021-10-30 15:00:00,18.950000000000006,47.25,19.8125
2021-10-30 16:00:00,18.950000000000006,47.25,21.226562
2021-10-30 17:00:00,18.950000000000006,47.25,22.070312
2021-10-30 18:00:00,18.950000000000006,47.25,22.203125
2021-10-30 19:00:00,18.950000000000006,47.25,24.0
2021-10-30 20:00:00,18.950000000000006,47.25,25.304688
2021-10-30 21:00:00,18.950000000000006,47.25,26.960938
2021-10-30 22:00:00,18.950000000000006,47.25,26.539062
2021-10-30 23:00:00,18.950000000000006,47.25,27.40625
2021-10-31 00:00:00,18.950000000000006,47.25,24.515625
2021-10-31 01:00:00,18.950000000000006,47.25,20.867188
2021-10-31 02:00:00,18.950000000000006,47.25,20.625
2021-10-31 03:00:00,18.950000000000006,47.25,19.15625
2021-10-31 04:00:00,18.950000000000006,47.25,18.375
2021-10-31 05:00:00,18.950000000000006,47.25,17.0625
2021-10-31 06:00:00,18.950000000000006,47.25,17.09375
2021-10-31 07:00:00,18.950000000000006,47.25,16.617188
2021-10-31 08:00:00,18.950000000000006,47.25,17.304688
2021-10-31 09:00:00,18.950000000000006,47.25,18.5625
2021-10-31 10:00:00,18.950000000000006,47.25,18.609375
2021-10-31 11:00:00,18.950000000000006,47.25,16.617188
2021-10-31 12:00:00,18.950000000000006,47.25,15.761719
2021-10-31 13:00:00,18.950000000000006,47.25,15.761719
2021-10-31 14:00:00,18.950000000000006,47.25,17.429688
2021-10-31 15:00:00,18.950000000000006,47.25,17.953125
2021-10-31 16:00:00,18.950000000000006,47.25,19.921875
2021-10-31 17:00:00,18.950000000000006,47.25,21.0
2021-10-31 18:00:00,18.950000000000006,47.25,24.375
2021-10-31 19:00:00,18.950000000000006,47.25,25.429688
2021-10-31 20:00:00,18.950000000000006,47.25,26.84375
2021-10-31 21:00:00,18.950000000000006,47.25,27.929688
2021-10-31 22:00:00,18.950000000000006,47.25,27.992188
2021-10-31 23:00:00,18.950000000000006,47.25,24.132812
2021-11-01 00:00:00,18.950000000000006,47.25,23.578125
2021-11-01 01:00:00,18.950000000000006,47.25,22.804688
2021-11-01 02:00:00,18.950000000000006,47.25,19.1875
2021-11-01 03:00:00,18.950000000000006,47.25,18.6875
2021-11-01 04:00:00,18.950000000000006,47.25,18.4375
2021-11-01 05:00:00,18.950000000000006,47.25,18.6875
2021-11-01 06:00:00,18.950000000000006,47.25,17.992188
2021-11-01 07:00:00,18.950000000000006,47.25,17.078125
2021-11-01 08:00:00,18.950000000000006,47.25,18.351562
2021-11-01 09:00:00,18.950000000000006,47.25,19.523438
2021-11-01 10:00:00,18.950000000000006,47.25,19.96875
2021-11-01 11:00:00,18.950000000000006,47.25,19.960938
2021-11-01 12:00:00,18.950000000000006,47.25,20.742188
2021-11-01 13:00:00,18.950000000000006,47.25,19.742188
2021-11-01 14:00:00,18.950000000000006,47.25,20.328125
2021-11-01 15:00:00,18.950000000000006,47.25,20.351562
2021-11-01 16:00:00,18.950000000000006,47.25,23.164062
2021-11-01 17:00:00,18.950000000000006,47.25,24.34375
2021-11-01 18:00:00,18.950000000000006,47.25,25.335938
2021-11-01 19:00:00,18.950000000000006,47.25,29.46875
2021-11-01 20:00:00,18.950000000000006,47.25,30.78125
2021-11-01 21:00:00,18.950000000000006,47.25,30.710938
2021-11-01 22:00:00,18.950000000000006,47.25,30.210938
2021-11-01 23:00:00,18.950000000000006,47.25,30.929688
2021-11-02 00:00:00,18.950000000000006,47.25,27.335938
2021-11-02 01:00:00,18.950000000000006,47.25,21.539062
2021-11-02 02:00:00,18.950000000000006,47.25,21.773438
2021-11-02 03:00:00,18.950000000000006,47.25,19.96875
2021-11-02 04:00:00,18.950000000000006,47.25,21.179688
2021-11-02 05:00:00,18.950000000000006,47.25,19.640625
2021-11-02 06:00:00,18.950000000000006,47.25,18.109375
2021-11-02 07:00:00,18.950000000000006,47.25,18.304688
2021-11-02 08:00:00,18.950000000000006,47.25,19.03125
2021-11-02 09:00:00,18.950000000000006,47.25,19.007812
2021-11-02 10:00:00,18.950000000000006,47.25,18.234375
2021-11-02 11:00:00,18.950000000000006,47.25,18.945312
2021-11-02 12:00:00,18.950000000000006,47.25,18.914062
2021-11-02 13:00:00,18.950000000000006,47.25,16.046875
2021-11-02 14:00:00,18.950000000000006,47.25,16.921875
2021-11-02 15:00:00,18.950000000000006,47.25,14.933594
2021-11-02 16:00:00,18.950000000000006,47.25,20.796875
2021-11-02 17:00:00,18.950000000000006,47.25,20.390625
2021-11-02 18:00:00,18.950000000000006,47.25,20.40625
2021-11-02 19:00:00,18.950000000000006,47.25,20.320312
2021-11-02 20:00:00,18.950000000000006,47.25,16.25
2021-11-02 21:00:00,18.950000000000006,47.25,14.019531
2021-11-02 22:00:00,18.950000000000006,47.25,15.464844
2021-11-02 23:00:00,18.950000000000006,47.25,14.3046875
2021-11-03 00:00:00,18.950000000000006,47.25,14.4609375
2021-11-03 01:00:00,18.950000000000006,47.25,13.253906
2021-11-03 02:00:00,18.950000000000006,47.25,12.957031
2021-11-03 03:00:00,18.950000000000006,47.25,12.050781
2021-11-03 04:00:00,18.950000000000006,47.25,11.0546875
2021-11-03 05:00:00,18.950000000000006,47.25,11.238281
2021-11-03 06:00:00,18.950000000000006,47.25,12.253906
2021-11-03 07:00:00,18.950000000000006,47.25,10.589844
2021-11-03 08:00:00,18.950000000000006,47.25,8.8125
2021-11-03 09:00:00,18.950000000000006,47.25,7.4277344
2021-11-03 10:00:00,18.950000000000006,47.25,7.5820312
2021-11-03 11:00:00,18.950000000000006,47.25,9.269531
2021-11-03 12:00:00,18.950000000000006,47.25,9.347656
2021-11-03 13:00:00,18.950000000000006,47.25,10.230469
2021-11-03 14:00:00,18.950000000000006,47.25,12.050781
2021-11-03 15:00:00,18.950000000000006,47.25,13.21875
2021-11-03 16:00:00,18.950000000000006,47.25,14.59375
2021-11-03 17:00:00,18.950000000000006,47.25,16.492188
2021-11-03 18:00:00,18.950000000000006,47.25,19.03125
2021-11-03 19:00:00,18.950000000000006,47.25,16.09375
2021-11-03 20:00:00,18.950000000000006,47.25,15.8359375
2021-11-03 21:00:00,18.950000000000006,47.25,14.5546875
2021-11-03 22:00:00,18.950000000000006,47.25,13.015625
2021-11-03 23:00:00,18.950000000000006,47.25,12.2578125
2021-11-04 00:00:00,18.950000000000006,47.25,9.6328125
2021-11-04 01:00:00,18.950000000000006,47.25,9.4609375
2021-11-04 02:00:00,18.950000000000006,47.25,9.671875
2021-11-04 03:00:00,18.950000000000006,47.25,9.5390625
2021-11-04 04:00:00,18.950000000000006,47.25,8.59375
2021-11-04 05:00:00,18.950000000000006,47.25,9.191406
2021-11-04 06:00:00,18.950000000000006,47.25,9.300781
2021-11-04 07:00:00,18.950000000000006,47.25,8.417969
2021-11-04 08:00:00,18.950000000000006,47.25,8.109375
2021-11-04 09:00:00,18.950000000000006,47.25,8.746094
2021-11-04 10:00:00,18.950000000000006,47.25,8.078125
2021-11-04 11:00:00,18.950000000000006,47.25,6.7128906
2021-11-04 12:00:00,18.950000000000006,47.25,6.201172
2021-11-04 13:00:00,18.950000000000006,47.25,5.8964844
2021-11-04 14:00:00,18.950000000000006,47.25,5.076172
2021-11-04 15:00:00,18.950000000000006,47.25,5.1640625
2021-11-04 16:00:00,18.950000000000006,47.25,6.216797
2021-11-04 17:00:00,18.950000000000006,47.25,7.1816406
2021-11-04 18:00:00,18.950000000000006,47.25,9.6328125
2021-11-04 19:00:00,18.950000000000006,47.25,11.5859375
2021-11-04 20:00:00,18.950000000000006,47.25,12.46875
2021-11-04 21:00:00,18.950000000000006,47.25,13.6875
2021-11-04 22:00:00,18.950000000000006,47.25,10.6875
2021-11-04 23:00:00,18.950000000000006,47.25,13.214844
2021-11-05 00:00:00,18.950000000000006,47.25,14.113281
2021-11-05 01:00:00,18.950000000000006,47.25,14.105469
2021-11-05 02:00:00,18.950000000000006,47.25,10.9765625
2021-11-05 03:00:00,18.950000000000006,47.25,11.167969
2021-11-05 04:00:00,18.950000000000006,47.25,10.402344
2021-11-05 05:00:00,18.950000000000006,47.25,10.441406
2021-11-05 06:00:00,18.950000000000006,47.25,10.1328125
2021-11-05 07:00:00,18.950000000000006,47.25,10.5234375
2021-11-05 08:00:00,18.950000000000006,47.25,9.902344
2021-11-05 09:00:00,18.950000000000006,47.25,9.214844
2021-11-05 10:00:00,18.950000000000006,47.25,8.921875
2021-11-05 11:00:00,18.950000000000006,47.25,8.925781
2021-11-05 12:00:00,18.950000000000006,47.25,8.4921875
2021-11-05 13:00:00,18.950000000000006,47.25,8.535156
2021-11-05 14:00:00,18.950000000000006,47.25,8.015625
2021-11-05 15:00:00,18.950000000000006,47.25,9.128906
2021-11-05 16:00:00,18.950000000000006,47.25,11.5
2021-11-05 17:00:00,18.950000000000006,47.25,14.953125
2021-11-05 18:00:00,18.950000000000006,47.25,19.640625
2021-11-05 19:00:00,18.950000000000006,47.25,18.859375
2021-11-05 20:00:00,18.950000000000006,47.25,20.257812
2021-11-05 21:00:00,18.950000000000006,47.25,18.414062
2021-11-05 22:00:00,18.950000000000006,47.25,17.625
2021-11-05 23:00:00,18.950000000000006,47.25,18.429688
2021-11-06 00:00:00,18.950000000000006,47.25,16.632812
2021-11-06 01:00:00,18.950000000000006,47.25,15.199219
2021-11-06 02:00:00,18.950000000000006,47.25,14.2109375
2021-11-06 03:00:00,18.950000000000006,47.25,14.265625
2021-11-06 04:00:00,18.950000000000006,47.25,13.7265625
2021-11-06 05:00:00,18.950000000000006,47.25,15.339844
2021-11-06 06:00:00,18.950000000000006,47.25,16.726562
2021-11-06 07:00:00,18.950000000000006,47.25,16.085938
2021-11-06 08:00:00,18.950000000000006,47.25,14.9453125
2021-11-06 09:00:00,18.950000000000006,47.25,15.800781
2021-11-06 10:00:00,18.950000000000006,47.25,14.4296875
2021-11-06 11:00:00,18.950000000000006,47.25,11.722656
2021-11-06 12:00:00,18.950000000000006,47.25,10.714844
2021-11-06 13:00:00,18.950000000000006,47.25,9.4921875
2021-11-06 14:00:00,18.950000000000006,47.25,9.238281
2021-11-06 15:00:00,18.950000000000006,47.25,12.511719
2021-11-06 16:00:00,18.950000000000006,47.25,16.039062
2021-11-06 17:00:00,18.950000000000006,47.25,25.632812
2021-11-06 18:00:00,18.950000000000006,47.25,30.070312
2021-11-06 19:00:00,18.950000000000006,47.25,38.8125
2021-11-06 20:00:00,18.950000000000006,47.25,43.625
2021-11-06 21:00:00,18.950000000000006,47.25,46.765625
2021-11-06 22:00:00,18.950000000000006,47.25,45.140625
2021-11-06 23:00:00,18.950000000000006,47.25,38.234375
2021-11-07 00:00:00,18.950000000000006,47.25,38.390625
2021-11-07 01:00:00,18.950000000000006,47.25,37.921875
2021-11-07 02:00:00,18.950000000000006,47.25,41.46875
2021-11-07 03:00:00,18.950000000000006,47.25,36.25
2021-11-07 04:00:00,18.950000000000006,47.25,37.265625
2021-11-07 05:00:00,18.950000000000006,47.25,36.59375
2021-11-07 06:00:00,18.950000000000006,47.25,33.71875
2021-11-07 07:00:00,18.950000000000006,47.25,31.195312
2021-11-07 08:00:00,18.950000000000006,47.25,29.257812
2021-11-07 09:00:00,18.950000000000006,47.25,24.671875
2021-11-07 10:00:00,18.950000000000006,47.25,23.546875
2021-11-07 11:00:00,18.950000000000006,47.25,20.765625
2021-11-07 12:00:00,18.950000000000006,47.25,20.929688
2021-11-07 13:00:00,18.950000000000006,47.25,19.34375
2021-11-07 14:00:00,18.950000000000006,47.25,18.570312
2021-11-07 15:00:00,18.950000000000006,47.25,17.5625
2021-11-07 16:00:00,18.950000000000006,47.25,18.679688
2021-11-07 17:00:00,18.950000000000006,47.25,22.4375
2021-11-07 18:00:00,18.950000000000006,47.25,27.992188
2021-11-07 19:00:00,18.950000000000006,47.25,27.960938
2021-11-07 20:00:00,18.950000000000006,47.25,27.6875
2021-11-07 21:00:00,18.950000000000006,47.25,27.367188
2021-11-07 22:00:00,18.950000000000006,47.25,26.328125
2021-11-07 23:00:00,18.950000000000006,47.25,26.109375
2021-11-08 00:00:00,18.950000000000006,47.25,20.757812
2021-11-08 01:00:00,18.950000000000006,47.25,19.804688
2021-11-08 02:00:00,18.950000000000006,47.25,18.460938
2021-11-08 03:00:00,18.950000000000006,47.25,19.179688
2021-11-08 04:00:00,18.950000000000006,47.25,16.796875
2021-11-08 05:00:00,18.950000000000006,47.25,17.265625
2021-11-08 06:00:00,18.950000000000006,47.25,17.273438
2021-11-08 07:00:00,18.950000000000006,47.25,18.164062
2021-11-08 08:00:00,18.950000000000006,47.25,17.992188
2021-11-08 09:00:00,18.950000000000006,47.25,16.515625
2021-11-08 10:00:00,18.950000000000006,47.25,13.183594
2021-11-08 11:00:00,18.950000000000006,47.25,10.9375
2021-11-08 12:00:00,18.950000000000006,47.25,9.28125
2021-11-08 13:00:00,18.950000000000006,47.25,9.324219
2021-11-08 14:00:00,18.950000000000006,47.25,8.667969
2021-11-08 15:00:00,18.950000000000006,47.25,8.8125
2021-11-08 16:00:00,18.950000000000006,47.25,11.0625
2021-11-08 17:00:00,18.950000000000006,47.25,15.144531
2021-11-08 18:00:00,18.950000000000006,47.25,18.945312
2021-11-08 19:00:00,18.950000000000006,47.25,19.539062
2021-11-08 20:00:00,18.950000000000006,47.25,18.648438
2021-11-08 21:00:00,18.950000000000006,47.25,19.773438
2021-11-08 22:00:00,18.950000000000006,47.25,19.945312
2021-11-08 23:00:00,18.950000000000006,47.25,19.070312
2021-11-09 00:00:00,18.950000000000006,47.25,18.4375
2021-11-09 01:00:00,18.950000000000006,47.25,17.382812
2021-11-09 02:00:00,18.950000000000006,47.25,17.515625
2021-11-09 03:00:00,18.950000000000006,47.25,18.421875
2021-11-09 04:00:00,18.950000000000006,47.25,20.03125
2021-11-09 05:00:00,18.950000000000006,47.25,21.921875
2021-11-09 06:00:00,18.950000000000006,47.25,20.757812
2021-11-09 07:00:00,18.950000000000006,47.25,21.867188
2021-11-09 08:00:00,18.950000000000006,47.25,22.039062
2021-11-09 09:00:00,18.950000000000006,47.25,22.09375
2021-11-09 10:00:00,18.950000000000006,47.25,22.546875
2021-11-09 11:00:00,18.950000000000006,47.25,18.070312
2021-11-09 12:00:00,18.950000000000006,47.25,16.640625
2021-11-09 13:00:00,18.950000000000006,47.25,17.398438
2021-11-09 14:00:00,18.950000000000006,47.25,17.054688
2021-11-09 15:00:00,18.950000000000006,47.25,20.976562
2021-11-09 16:00:00,18.950000000000006,47.25,25.992188
2021-11-09 17:00:00,18.950000000000006,47.25,33.953125
2021-11-09 18:00:00,18.950000000000006,47.25,36.46875
2021-11-09 19:00:00,18.950000000000006,47.25,34.6875
2021-11-09 20:00:00,18.950000000000006,47.25,37.765625
2021-11-09 21:00:00,18.950000000000006,47.25,39.15625
2021-11-09 22:00:00,18.950000000000006,47.25,38.25
2021-11-09 23:00:00,18.950000000000006,47.25,36.25
2021-11-10 00:00:00,18.950000000000006,47.25,36.671875
2021-11-10 01:00:00,18.950000000000006,47.25,35.0625
2021-11-10 02:00:00,18.950000000000006,47.25,28.804688
2021-11-10 03:00:00,18.950000000000006,47.25,26.476562
2021-11-10 04:00:00,18.950000000000006,47.25,26.890625
2021-11-10 05:00:00,18.950000000000006,47.25,26.1875
2021-11-10 06:00:00,18.950000000000006,47.25,29.5625
2021-11-10 07:00:00,18.950000000000006,47.25,28.90625
2021-11-10 08:00:00,18.950000000000006,47.25,28.96875
2021-11-10 09:00:00,18.950000000000006,47.25,23.679688
2021-11-10 10:00:00,18.950000000000006,47.25,21.179688
2021-11-10 11:00:00,18.950000000000006,47.25,20.046875
2021-11-10 12:00:00,18.950000000000006,47.25,15.6875
2021-11-10 13:00:00,18.950000000000006,47.25,14.410156
2021-11-10 14:00:00,18.950000000000006,47.25,14.140625
2021-11-10 15:00:00,18.950000000000006,47.25,14.921875
2021-11-10 16:00:00,18.950000000000006,47.25,17.140625
2021-11-10 17:00:00,18.950000000000006,47.25,20.304688
2021-11-10 18:00:00,18.950000000000006,47.25,25.03125
2021-11-10 19:00:00,18.950000000000006,47.25,25.039062
2021-11-10 20:00:00,18.950000000000006,47.25,24.695312
2021-11-10 21:00:00,18.950000000000006,47.25,26.609375
2021-11-10 22:00:00,18.950000000000006,47.25,26.195312
2021-11-10 23:00:00,18.950000000000006,47.25,24.640625
2021-11-11 00:00:00,18.950000000000006,47.25,22.210938
2021-11-11 01:00:00,18.950000000000006,47.25,22.757812
2021-11-11 02:00:00,18.950000000000006,47.25,22.171875
2021-11-11 03:00:00,18.950000000000006,47.25,20.601562
2021-11-11 04:00:00,18.950000000000006,47.25,18.382812
2021-11-11 05:00:00,18.950000000000006,47.25,21.304688
2021-11-11 06:00:00,18.950000000000006,47.25,22.382812
2021-11-11 07:00:00,18.950000000000006,47.25,20.96875
2021-11-11 08:00:00,18.950000000000006,47.25,19.09375
2021-11-11 09:00:00,18.950000000000006,47.25,14.902344
2021-11-11 10:00:00,18.950000000000006,47.25,14.28125
2021-11-11 11:00:00,18.950000000000006,47.25,15.308594
2021-11-11 12:00:00,18.950000000000006,47.25,16.328125
2021-11-11 13:00:00,18.950000000000006,47.25,15.8046875
2021-11-11 14:00:00,18.950000000000006,47.25,15.765625
2021-11-11 15:00:00,18.950000000000006,47.25,19.195312
2021-11-11 16:00:00,18.950000000000006,47.25,25.054688
2021-11-11 17:00:00,18.950000000000006,47.25,28.890625
2021-11-11 18:00:00,18.950000000000006,47.25,37.046875
2021-11-11 19:00:00,18.950000000000006,47.25,44.859375
2021-11-11 20:00:00,18.950000000000006,47.25,46.71875
2021-11-11 21:00:00,18.950000000000006,47.25,48.734375
2021-11-11 22:00:00,18.950000000000006,47.25,45.484375
2021-11-11 23:00:00,18.950000000000006,47.25,43.59375
2021-11-12 00:00:00,18.950000000000006,47.25,41.5625
2021-11-12 01:00:00,18.950000000000006,47.25,42.5
2021-11-12 02:00:00,18.950000000000006,47.25,41.0625
2021-11-12 03:00:00,18.950000000000006,47.25,39.3125
2021-11-12 04:00:00,18.950000000000006,47.25,37.046875
2021-11-12 05:00:00,18.950000000000006,47.25,34.734375
2021-11-12 06:00:00,18.950000000000006,47.25,33.328125
2021-11-12 07:00:00,18.950000000000006,47.25,30.632812
2021-11-12 08:00:00,18.950000000000006,47.25,31.648438
2021-11-12 09:00:00,18.950000000000006,47.25,32.09375
2021-11-12 10:00:00,18.950000000000006,47.25,34.71875
2021-11-12 11:00:00,18.950000000000006,47.25,31.375
2021-11-12 12:00:00,18.950000000000006,47.25,30.070312
2021-11-12 13:00:00,18.950000000000006,47.25,29.367188
2021-11-12 14:00:00,18.950000000000006,47.25,28.679688
2021-11-12 15:00:00,18.950000000000006,47.25,30.882812
2021-11-12 16:00:00,18.950000000000006,47.25,36.203125
2021-11-12 17:00:00,18.950000000000006,47.25,41.6875
2021-11-12 18:00:00,18.950000000000006,47.25,48.015625
2021-11-12 19:00:00,18.950000000000006,47.25,54.21875
2021-11-12 20:00:00,18.950000000000006,47.25,56.421875
2021-11-12 21:00:00,18.950000000000006,47.25,56.015625
2021-11-12 22:00:00,18.950000000000006,47.25,54.328125
2021-11-12 23:00:00,18.950000000000006,47.25,50.515625
2021-11-13 00:00:00,18.950000000000006,47.25,48.421875
2021-11-13 01:00:00,18.950000000000006,47.25,40.203125
2021-11-13 02:00:00,18.950000000000006,47.25,35.78125
2021-11-13 03:00:00,18.950000000000006,47.25,31.9375
2021-11-13 04:00:00,18.950000000000006,47.25,29.820312
2021-11-13 05:00:00,18.950000000000006,47.25,29.101562
2021-11-13 06:00:00,18.950000000000006,47.25,27.851562
2021-11-13 07:00:00,18.950000000000006,47.25,28.804688
2021-11-13 08:00:00,18.950000000000006,47.25,27.195312
2021-11-13 09:00:00,18.950000000000006,47.25,25.757812
2021-11-13 10:00:00,18.950000000000006,47.25,28.835938
2021-11-13 11:00:00,18.950000000000006,47.25,29.351562
2021-11-13 12:00:00,18.950000000000006,47.25,28.664062
2021-11-13 13:00:00,18.950000000000006,47.25,30.257812
2021-11-13 14:00:00,18.950000000000006,47.25,31.046875
2021-11-13 15:00:00,18.950000000000006,47.25,32.3125
2021-11-13 16:00:00,18.950000000000006,47.25,35.890625
2021-11-13 17:00:00,18.950000000000006,47.25,39.890625
2021-11-13 18:00:00,18.950000000000006,47.25,43.09375
2021-11-13 19:00:00,18.950000000000006,47.25,44.5
2021-11-13 20:00:00,18.950000000000006,47.25,46.390625
2021-11-13 21:00:00,18.950000000000006,47.25,49.65625
2021-11-13 22:00:00,18.950000000000006,47.25,48.28125
2021-11-13 23:00:00,18.950000000000006,47.25,45.703125
2021-11-14 00:00:00,18.950000000000006,47.25,43.21875
2021-11-14 01:00:00,18.950000000000006,47.25,41.3125
2021-11-14 02:00:00,18.950000000000006,47.25,40.359375
2021-11-14 03:00:00,18.950000000000006,47.25,40.8125
2021-11-14 04:00:00,18.950000000000006,47.25,41.65625
2021-11-14 05:00:00,18.950000000000006,47.25,43.0
2021-11-14 06:00:00,18.950000000000006,47.25,42.34375
2021-11-14 07:00:00,18.950000000000006,47.25,39.34375
2021-11-14 08:00:00,18.950000000000006,47.25,40.4375
2021-11-14 09:00:00,18.950000000000006,47.25,41.984375
2021-11-14 10:00:00,18.950000000000006,47.25,41.828125
2021-11-14 11:00:00,18.950000000000006,47.25,40.25
2021-11-14 12:00:00,18.950000000000006,47.25,40.921875
2021-11-14 13:00:00,18.950000000000006,47.25,42.0625
2021-11-14 14:00:00,18.950000000000006,47.25,42.109375
2021-11-14 15:00:00,18.950000000000006,47.25,43.078125
2021-11-14 16:00:00,18.950000000000006,47.25,45.390625
2021-11-14 17:00:00,18.950000000000006,47.25,44.828125
2021-11-14 18:00:00,18.950000000000006,47.25,48.34375
2021-11-14 19:00:00,18.950000000000006,47.25,56.53125
2021-11-14 20:00:00,18.950000000000006,47.25,64.65625
2021-11-14 21:00:00,18.950000000000006,47.25,66.96875
2021-11-14 22:00:00,18.950000000000006,47.25,72.6875
2021-11-14 23:00:00,18.950000000000006,47.25,66.28125
2021-11-15 00:00:00,18.950000000000006,47.25,61.578125
2021-11-15 01:00:00,18.950000000000006,47.25,66.25
2021-11-15 02:00:00,18.950000000000006,47.25,62.375
2021-11-15 03:00:00,18.950000000000006,47.25,56.1875
2021-11-15 04:00:00,18.950000000000006,47.25,52.796875
2021-11-15 05:00:00,18.950000000000006,47.25,47.875
2021-11-15 06:00:00,18.950000000000006,47.25,45.78125
2021-11-15 07:00:00,18.950000000000006,47.25,45.546875
2021-11-15 08:00:00,18.950000000000006,47.25,40.109375
2021-11-15 09:00:00,18.950000000000006,47.25,38.703125
2021-11-15 10:00:00,18.950000000000006,47.25,34.453125
2021-11-15 11:00:00,18.950000000000006,47.25,33.015625
2021-11-15 12:00:00,18.950000000000006,47.25,30.007812
2021-11-15 13:00:00,18.950000000000006,47.25,28.039062
2021-11-15 14:00:00,18.950000000000006,47.25,29.703125
2021-11-15 15:00:00,18.950000000000006,47.25,33.265625
2021-11-15 16:00:00,18.950000000000006,47.25,37.015625
2021-11-15 17:00:00,18.950000000000006,47.25,40.171875
2021-11-15 18:00:00,18.950000000000006,47.25,45.484375
2021-11-15 19:00:00,18.950000000000006,47.25,51.59375
2021-11-15 20:00:00,18.950000000000006,47.25,54.8125
2021-11-15 21:00:00,18.950000000000006,47.25,54.765625
2021-11-15 22:00:00,18.950000000000006,47.25,57.265625
2021-11-15 23:00:00,18.950000000000006,47.25,53.015625
2021-11-16 00:00:00,18.950000000000006,47.25,47.484375
2021-11-16 01:00:00,18.950000000000006,47.25,41.328125
2021-11-16 02:00:00,18.950000000000006,47.25,37.78125
2021-11-16 03:00:00,18.950000000000006,47.25,33.8125
2021-11-16 04:00:00,18.950000000000006,47.25,31.585938
2021-11-16 05:00:00,18.950000000000006,47.25,31.679688
2021-11-16 06:00:00,18.950000000000006,47.25,32.609375
2021-11-16 07:00:00,18.950000000000006,47.25,33.734375
2021-11-16 08:00:00,18.950000000000006,47.25,34.984375
2021-11-16 09:00:00,18.950000000000006,47.25,40.34375
2021-11-16 10:00:00,18.950000000000006,47.25,36.4375
2021-11-16 11:00:00,18.950000000000006,47.25,31.9375
2021-11-16 12:00:00,18.950000000000006,47.25,30.9375
2021-11-16 13:00:00,18.950000000000006,47.25,30.773438
2021-11-16 14:00:00,18.950000000000006,47.25,31.671875
2021-11-16 15:00:00,18.950000000000006,47.25,35.5
2021-11-16 16:00:00,18.950000000000006,47.25,41.96875
2021-11-16 17:00:00,18.950000000000006,47.25,46.625
2021-11-16 18:00:00,18.950000000000006,47.25,48.890625
2021-11-16 19:00:00,18.950000000000006,47.25,48.046875
2021-11-16 20:00:00,18.950000000000006,47.25,52.1875
2021-11-16 21:00:00,18.950000000000006,47.25,50.8125
2021-11-16 22:00:00,18.950000000000006,47.25,51.40625
2021-11-16 23:00:00,18.950000000000006,47.25,48.9375
2021-11-17 00:00:00,18.950000000000006,47.25,43.28125
2021-11-17 01:00:00,18.950000000000006,47.25,41.15625
2021-11-17 02:00:00,18.950000000000006,47.25,37.65625
2021-11-17 03:00:00,18.950000000000006,47.25,34.640625
2021-11-17 04:00:00,18.950000000000006,47.25,32.671875
2021-11-17 05:00:00,18.950000000000006,47.25,30.9375
2021-11-17 06:00:00,18.950000000000006,47.25,33.015625
2021-11-17 07:00:00,18.950000000000006,47.25,29.976562
2021-11-17 08:00:00,18.950000000000006,47.25,29.046875
2021-11-17 09:00:00,18.950000000000006,47.25,27.429688
2021-11-17 10:00:00,18.950000000000006,47.25,23.710938
2021-11-17 11:00:00,18.950000000000006,47.25,22.8125
2021-11-17 12:00:00,18.950000000000006,47.25,22.421875
2021-11-17 13:00:00,18.950000000000006,47.25,21.960938
2021-11-17 14:00:00,18.950000000000006,47.25,22.34375
2021-11-17 15:00:00,18.950000000000006,47.25,25.5625
2021-11-17 16:00:00,18.950000000000006,47.25,34.125
2021-11-17 17:00:00,18.950000000000006,47.25,39.390625
2021-11-17 18:00:00,18.950000000000006,47.25,45.34375
2021-11-17 19:00:00,18.950000000000006,47.25,48.125
2021-11-17 20:00:00,18.950000000000006,47.25,49.015625
2021-11-17 21:00:00,18.950000000000006,47.25,45.265625
2021-11-17 22:00:00,18.950000000000006,47.25,45.703125
2021-11-17 23:00:00,18.950000000000006,47.25,41.375
2021-11-18 00:00:00,18.950000000000006,47.25,35.609375
2021-11-18 01:00:00,18.950000000000006,47.25,31.992188
2021-11-18 02:00:00,18.950000000000006,47.25,29.015625
2021-11-18 03:00:00,18.950000000000006,47.25,24.359375
2021-11-18 04:00:00,18.950000000000006,47.25,19.492188
2021-11-18 05:00:00,18.950000000000006,47.25,17.273438
2021-11-18 06:00:00,18.950000000000006,47.25,15.5390625
2021-11-18 07:00:00,18.950000000000006,47.25,14.386719
2021-11-18 08:00:00,18.950000000000006,47.25,14.839844
2021-11-18 09:00:00,18.950000000000006,47.25,15.2734375
2021-11-18 10:00:00,18.950000000000006,47.25,13.875
2021-11-18 11:00:00,18.950000000000006,47.25,10.875
2021-11-18 12:00:00,18.950000000000006,47.25,9.40625
2021-11-18 13:00:00,18.950000000000006,47.25,8.1640625
2021-11-18 14:00:00,18.950000000000006,47.25,9.050781
2021-11-18 15:00:00,18.950000000000006,47.25,9.996094
2021-11-18 16:00:00,18.950000000000006,47.25,12.230469
2021-11-18 17:00:00,18.950000000000006,47.25,15.75
2021-11-18 18:00:00,18.950000000000006,47.25,19.375
2021-11-18 19:00:00,18.950000000000006,47.25,22.820312
2021-11-18 20:00:00,18.950000000000006,47.25,21.554688
2021-11-18 21:00:00,18.950000000000006,47.25,25.007812
2021-11-18 22:00:00,18.950000000000006,47.25,19.9375
2021-11-18 23:00:00,18.950000000000006,47.25,19.375
2021-11-19 00:00:00,18.950000000000006,47.25,19.335938
2021-11-19 01:00:00,18.950000000000006,47.25,17.773438
2021-11-19 02:00:00,18.950000000000006,47.25,17.703125
2021-11-19 03:00:00,18.950000000000006,47.25,17.820312
2021-11-19 04:00:00,18.950000000000006,47.25,16.375
2021-11-19 05:00:00,18.950000000000006,47.25,14.277344
2021-11-19 06:00:00,18.950000000000006,47.25,14.0234375
2021-11-19 07:00:00,18.950000000000006,47.25,13.7421875
2021-11-19 08:00:00,18.950000000000006,47.25,13.6875
2021-11-19 09:00:00,18.950000000000006,47.25,12.5390625
2021-11-19 10:00:00,18.950000000000006,47.25,11.7421875
2021-11-19 11:00:00,18.950000000000006,47.25,10.0
2021-11-19 12:00:00,18.950000000000006,47.25,10.230469
2021-11-19 13:00:00,18.950000000000006,47.25,9.6328125
2021-11-19 14:00:00,18.950000000000006,47.25,8.699219
2021-11-19 15:00:00,18.950000000000006,47.25,9.890625
2021-11-19 16:00:00,18.950000000000006,47.25,9.9453125
2021-11-19 17:00:00,18.950000000000006,47.25,10.90625
2021-11-19 18:00:00,18.950000000000006,47.25,11.3046875
2021-11-19 19:00:00,18.950000000000006,47.25,12.59375
2021-11-19 20:00:00,18.950000000000006,47.25,12.6796875
2021-11-19 21:00:00,18.950000000000006,47.25,12.8671875
2021-11-19 22:00:00,18.950000000000006,47.25,11.246094
2021-11-19 23:00:00,18.950000000000006,47.25,10.6875
2021-11-20 00:00:00,18.950000000000006,47.25,10.15625
2021-11-20 01:00:00,18.950000000000006,47.25,9.425781
2021-11-20 02:00:00,18.950000000000006,47.25,7.607422
2021-11-20 03:00:00,18.950000000000006,47.25,6.8164062
2021-11-20 04:00:00,18.950000000000006,47.25,6.0566406
2021-11-20 05:00:00,18.950000000000006,47.25,6.1503906
2021-11-20 06:00:00,18.950000000000006,47.25,5.8027344
2021-11-20 07:00:00,18.950000000000006,47.25,6.4628906
2021-11-20 08:00:00,18.950000000000006,47.25,6.9921875
2021-11-20 09:00:00,18.950000000000006,47.25,7.015625
2021-11-20 10:00:00,18.950000000000006,47.25,7.890625
2021-11-20 11:00:00,18.950000000000006,47.25,8.753906
2021-11-20 12:00:00,18.950000000000006,47.25,9.2109375
2021-11-20 13:00:00,18.950000000000006,47.25,9.558594
2021-11-20 14:00:00,18.950000000000006,47.25,9.9140625
2021-11-20 15:00:00,18.950000000000006,47.25,10.472656
2021-11-20 16:00:00,18.950000000000006,47.25,11.453125
2021-11-20 17:00:00,18.950000000000006,47.25,14.0625
2021-11-20 18:00:00,18.950000000000006,47.25,16.476562
2021-11-20 19:00:00,18.950000000000006,47.25,22.257812
2021-11-20 20:00:00,18.950000000000006,47.25,22.1875
2021-11-20 21:00:00,18.950000000000006,47.25,23.507812
2021-11-20 22:00:00,18.950000000000006,47.25,23.09375
2021-11-20 23:00:00,18.950000000000006,47.25,25.257812
2021-11-21 00:00:00,18.950000000000006,47.25,26.0625
2021-11-21 01:00:00,18.950000000000006,47.25,26.9375
2021-11-21 02:00:00,18.950000000000006,47.25,25.046875
2021-11-21 03:00:00,18.950000000000006,47.25,24.4375
2021-11-21 04:00:00,18.950000000000006,47.25,23.4375
2021-11-21 05:00:00,18.950000000000006,47.25,24.84375
2021-11-21 06:00:00,18.950000000000006,47.25,24.703125
2021-11-21 07:00:00,18.950000000000006,47.25,24.429688
2021-11-21 08:00:00,18.950000000000006,47.25,24.992188
2021-11-21 09:00:00,18.950000000000006,47.25,23.367188
2021-11-21 10:00:00,18.950000000000006,47.25,22.03125
2021-11-21 11:00:00,18.950000000000006,47.25,20.367188
2021-11-21 12:00:00,18.950000000000006,47.25,16.703125
2021-11-21 13:00:00,18.950000000000006,47.25,15.394531
2021-11-21 14:00:00,18.950000000000006,47.25,14.5859375
2021-11-21 15:00:00,18.950000000000006,47.25,15.527344
2021-11-21 16:00:00,18.950000000000006,47.25,19.617188
2021-11-21 17:00:00,18.950000000000006,47.25,23.875
2021-11-21 18:00:00,18.950000000000006,47.25,27.828125
2021-11-21 19:00:00,18.950000000000006,47.25,32.09375
2021-11-21 20:00:00,18.950000000000006,47.25,32.25
2021-11-21 21:00:00,18.950000000000006,47.25,34.890625
2021-11-21 22:00:00,18.950000000000006,47.25,39.4375
2021-11-21 23:00:00,18.950000000000006,47.25,34.984375
2021-11-22 00:00:00,18.950000000000006,47.25,31.640625
2021-11-22 01:00:00,18.950000000000006,47.25,32.375
2021-11-22 02:00:00,18.950000000000006,47.25,32.25
2021-11-22 03:00:00,18.950000000000006,47.25,33.765625
2021-11-22 04:00:00,18.950000000000006,47.25,30.945312
2021-11-22 05:00:00,18.950000000000006,47.25,29.914062
2021-11-22 06:00:00,18.950000000000006,47.25,29.921875
2021-11-22 07:00:00,18.950000000000006,47.25,31.703125
2021-11-22 08:00:00,18.950000000000006,47.25,33.390625
2021-11-22 09:00:00,18.950000000000006,47.25,35.03125
2021-11-22 10:00:00,18.950000000000006,47.25,36.578125
2021-11-22 11:00:00,18.950000000000006,47.25,38.0
2021-11-22 12:00:00,18.950000000000006,47.25,35.4375
2021-11-22 13:00:00,18.950000000000006,47.25,36.96875
2021-11-22 14:00:00,18.950000000000006,47.25,28.546875
2021-11-22 15:00:00,18.950000000000006,47.25,29.289062
2021-11-22 16:00:00,18.950000000000006,47.25,32.109375
2021-11-22 17:00:00,18.950000000000006,47.25,35.59375
2021-11-22 18:00:00,18.950000000000006,47.25,44.234375
2021-11-22 19:00:00,18.950000000000006,47.25,46.359375
2021-11-22 20:00:00,18.950000000000006,47.25,37.078125
2021-11-22 21:00:00,18.950000000000006,47.25,36.015625
2021-11-22 22:00:00,18.950000000000006,47.25,35.328125
2021-11-22 23:00:00,18.950000000000006,47.25,31.171875
2021-11-23 00:00:00,18.950000000000006,47.25,33.609375
2021-11-23 01:00:00,18.950000000000006,47.25,33.515625
2021-11-23 02:00:00,18.950000000000006,47.25,31.734375
2021-11-23 03:00:00,18.950000000000006,47.25,28.921875
2021-11-23 04:00:00,18.950000000000006,47.25,25.601562
2021-11-23 05:00:00,18.950000000000006,47.25,18.773438
2021-11-23 06:00:00,18.950000000000006,47.25,18.898438
2021-11-23 07:00:00,18.950000000000006,47.25,17.609375
2021-11-23 08:00:00,18.950000000000006,47.25,17.679688
2021-11-23 09:00:00,18.950000000000006,47.25,17.039062
2021-11-23 10:00:00,18.950000000000006,47.25,14.988281
2021-11-23 11:00:00,18.950000000000006,47.25,12.7421875
2021-11-23 12:00:00,18.950000000000006,47.25,10.390625
2021-11-23 13:00:00,18.950000000000006,47.25,9.90625
2021-11-23 14:00:00,18.950000000000006,47.25,9.519531
2021-11-23 15:00:00,18.950000000000006,47.25,10.097656
2021-11-23 16:00:00,18.950000000000006,47.25,14.890625
2021-11-23 17:00:00,18.950000000000006,47.25,20.484375
2021-11-23 18:00:00,18.950000000000006,47.25,24.898438
2021-11-23 19:00:00,18.950000000000006,47.25,27.265625
2021-11-23 20:00:00,18.950000000000006,47.25,24.96875
2021-11-23 21:00:00,18.950000000000006,47.25,24.203125
2021-11-23 22:00:00,18.950000000000006,47.25,24.242188
2021-11-23 23:00:00,18.950000000000006,47.25,25.046875
2021-11-24 00:00:00,18.950000000000006,47.25,25.484375
2021-11-24 01:00:00,18.950000000000006,47.25,27.03125
2021-11-24 02:00:00,18.950000000000006,47.25,28.398438
2021-11-24 03:00:00,18.950000000000006,47.25,27.171875
2021-11-24 04:00:00,18.950000000000006,47.25,27.5625
2021-11-24 05:00:00,18.950000000000006,47.25,26.828125
2021-11-24 06:00:00,18.950000000000006,47.25,27.679688
2021-11-24 07:00:00,18.950000000000006,47.25,29.429688
2021-11-24 08:00:00,18.950000000000006,47.25,32.53125
2021-11-24 09:00:00,18.950000000000006,47.25,36.640625
2021-11-24 10:00:00,18.950000000000006,47.25,32.515625
2021-11-24 11:00:00,18.950000000000006,47.25,30.625
2021-11-24 12:00:00,18.950000000000006,47.25,26.421875
2021-11-24 13:00:00,18.950000000000006,47.25,24.640625
2021-11-24 14:00:00,18.950000000000006,47.25,25.859375
2021-11-24 15:00:00,18.950000000000006,47.25,27.726562
2021-11-24 16:00:00,18.950000000000006,47.25,31.070312
2021-11-24 17:00:00,18.950000000000006,47.25,38.046875
2021-11-24 18:00:00,18.950000000000006,47.25,40.0
2021-11-24 19:00:00,18.950000000000006,47.25,40.9375
2021-11-24 20:00:00,18.950000000000006,47.25,40.734375
2021-11-24 21:00:00,18.950000000000006,47.25,40.1875
2021-11-24 22:00:00,18.950000000000006,47.25,44.46875
2021-11-24 23:00:00,18.950000000000006,47.25,40.375
2021-11-25 00:00:00,18.950000000000006,47.25,36.015625
2021-11-25 01:00:00,18.950000000000006,47.25,35.953125
2021-11-25 02:00:00,18.950000000000006,47.25,34.75
2021-11-25 03:00:00,18.950000000000006,47.25,33.515625
2021-11-25 04:00:00,18.950000000000006,47.25,33.1875
2021-11-25 05:00:00,18.950000000000006,47.25,31.09375
2021-11-25 06:00:00,18.950000000000006,47.25,33.703125
2021-11-25 07:00:00,18.950000000000006,47.25,32.8125
2021-11-25 08:00:00,18.950000000000006,47.25,29.882812
2021-11-25 09:00:00,18.950000000000006,47.25,30.671875
2021-11-25 10:00:00,18.950000000000006,47.25,29.101562
2021-11-25 11:00:00,18.950000000000006,47.25,25.40625
2021-11-25 12:00:00,18.950000000000006,47.25,25.640625
2021-11-25 13:00:00,18.950000000000006,47.25,23.96875
2021-11-25 14:00:00,18.950000000000006,47.25,25.9375
2021-11-25 15:00:00,18.950000000000006,47.25,30.375
2021-11-25 16:00:00,18.950000000000006,47.25,32.125
2021-11-25 17:00:00,18.950000000000006,47.25,37.3125
2021-11-25 18:00:00,18.950000000000006,47.25,39.0
2021-11-25 19:00:00,18.950000000000006,47.25,41.875
2021-11-25 20:00:00,18.950000000000006,47.25,42.5
2021-11-25 21:00:00,18.950000000000006,47.25,41.125
2021-11-25 22:00:00,18.950000000000006,47.25,39.625
2021-11-25 23:00:00,18.950000000000006,47.25,35.5
2021-11-26 00:00:00,18.950000000000006,47.25,32.859375
2021-11-26 01:00:00,18.950000000000006,47.25,28.273438
2021-11-26 02:00:00,18.950000000000006,47.25,23.539062
2021-11-26 03:00:00,18.950000000000006,47.25,21.203125
2021-11-26 04:00:00,18.950000000000006,47.25,21.039062
2021-11-26 05:00:00,18.950000000000006,47.25,19.914062
2021-11-26 06:00:00,18.950000000000006,47.25,22.59375
2021-11-26 07:00:00,18.950000000000006,47.25,24.875
2021-11-26 08:00:00,18.950000000000006,47.25,21.96875
2021-11-26 09:00:00,18.950000000000006,47.25,20.140625
2021-11-26 10:00:00,18.950000000000006,47.25,18.03125
2021-11-26 11:00:00,18.950000000000006,47.25,16.132812
2021-11-26 12:00:00,18.950000000000006,47.25,14.3359375
2021-11-26 13:00:00,18.950000000000006,47.25,16.195312
2021-11-26 14:00:00,18.950000000000006,47.25,15.0546875
2021-11-26 15:00:00,18.950000000000006,47.25,13.832031
2021-11-26 16:00:00,18.950000000000006,47.25,16.5625
2021-11-26 17:00:00,18.950000000000006,47.25,18.726562
2021-11-26 18:00:00,18.950000000000006,47.25,20.242188
2021-11-26 19:00:00,18.950000000000006,47.25,18.875
2021-11-26 20:00:00,18.950000000000006,47.25,15.484375
2021-11-26 21:00:00,18.950000000000006,47.25,12.3515625
2021-11-26 22:00:00,18.950000000000006,47.25,11.535156
2021-11-26 23:00:00,18.950000000000006,47.25,11.4453125
2021-11-27 00:00:00,18.950000000000006,47.25,11.09375
2021-11-27 01:00:00,18.950000000000006,47.25,11.2578125
2021-11-27 02:00:00,18.950000000000006,47.25,12.113281
2021-11-27 03:00:00,18.950000000000006,47.25,13.515625
2021-11-27 04:00:00,18.950000000000006,47.25,13.921875
2021-11-27 05:00:00,18.950000000000006,47.25,14.75
2021-11-27 06:00:00,18.950000000000006,47.25,16.398438
2021-11-27 07:00:00,18.950000000000006,47.25,15.753906
2021-11-27 08:00:00,18.950000000000006,47.25,16.828125
2021-11-27 09:00:00,18.950000000000006,47.25,16.453125
2021-11-27 10:00:00,18.950000000000006,47.25,15.0078125
2021-11-27 11:00:00,18.950000000000006,47.25,14.359375
2021-11-27 12:00:00,18.950000000000006,47.25,14.46875
2021-11-27 13:00:00,18.950000000000006,47.25,14.636719
2021-11-27 14:00:00,18.950000000000006,47.25,13.738281
2021-11-27 15:00:00,18.950000000000006,47.25,14.34375
2021-11-27 16:00:00,18.950000000000006,47.25,16.960938
2021-11-27 17:00:00,18.950000000000006,47.25,21.398438
2021-11-27 18:00:00,18.950000000000006,47.25,23.8125
2021-11-27 19:00:00,18.950000000000006,47.25,25.609375
2021-11-27 20:00:00,18.950000000000006,47.25,28.320312
2021-11-27 21:00:00,18.950000000000006,47.25,33.84375
2021-11-27 22:00:00,18.950000000000006,47.25,31.710938
2021-11-27 23:00:00,18.950000000000006,47.25,27.992188
2021-11-28 00:00:00,18.950000000000006,47.25,31.203125
2021-11-28 01:00:00,18.950000000000006,47.25,29.210938
2021-11-28 02:00:00,18.950000000000006,47.25,31.085938
2021-11-28 03:00:00,18.950000000000006,47.25,30.0
2021-11-28 04:00:00,18.950000000000006,47.25,28.789062
2021-11-28 05:00:00,18.950000000000006,47.25,25.023438
2021-11-28 06:00:00,18.950000000000006,47.25,23.15625
2021-11-28 07:00:00,18.950000000000006,47.25,20.507812
2021-11-28 08:00:00,18.950000000000006,47.25,18.335938
2021-11-28 09:00:00,18.950000000000006,47.25,13.199219
2021-11-28 10:00:00,18.950000000000006,47.25,11.5234375
2021-11-28 11:00:00,18.950000000000006,47.25,10.4375
2021-11-28 12:00:00,18.950000000000006,47.25,11.871094
2021-11-28 13:00:00,18.950000000000006,47.25,12.8203125
2021-11-28 14:00:00,18.950000000000006,47.25,14.207031
2021-11-28 15:00:00,18.950000000000006,47.25,15.484375
2021-11-28 16:00:00,18.950000000000006,47.25,16.90625
2021-11-28 17:00:00,18.950000000000006,47.25,17.773438
2021-11-28 18:00:00,18.950000000000006,47.25,16.53125
2021-11-28 19:00:00,18.950000000000006,47.25,14.6171875
2021-11-28 20:00:00,18.950000000000006,47.25,11.453125
2021-11-28 21:00:00,18.950000000000006,47.25,11.488281
2021-11-28 22:00:00,18.950000000000006,47.25,10.5390625
2021-11-28 23:00:00,18.950000000000006,47.25,9.828125
2021-11-29 00:00:00,18.950000000000006,47.25,10.765625
2021-11-29 01:00:00,18.950000000000006,47.25,11.140625
2021-11-29 02:00:00,18.950000000000006,47.25,11.125
2021-11-29 03:00:00,18.950000000000006,47.25,11.609375
2021-11-29 04:00:00,18.950000000000006,47.25,11.25
2021-11-29 05:00:00,18.950000000000006,47.25,11.4921875
2021-11-29 06:00:00,18.950000000000006,47.25,12.828125
2021-11-29 07:00:00,18.950000000000006,47.25,14.714844
2021-11-29 08:00:00,18.950000000000006,47.25,13.671875
2021-11-29 09:00:00,18.950000000000006,47.25,13.003906
2021-11-29 10:00:00,18.950000000000006,47.25,11.144531
2021-11-29 11:00:00,18.950000000000006,47.25,10.355469
2021-11-29 12:00:00,18.950000000000006,47.25,10.746094
2021-11-29 13:00:00,18.950000000000006,47.25,10.324219
2021-11-29 14:00:00,18.950000000000006,47.25,10.269531
2021-11-29 15:00:00,18.950000000000006,47.25,10.136719
2021-11-29 16:00:00,18.950000000000006,47.25,11.8046875
2021-11-29 17:00:00,18.950000000000006,47.25,12.894531
2021-11-29 18:00:00,18.950000000000006,47.25,14.0078125
2021-11-29 19:00:00,18.950000000000006,47.25,15.9453125
2021-11-29 20:00:00,18.950000000000006,47.25,16.171875
2021-11-29 21:00:00,18.950000000000006,47.25,15.8984375
2021-11-29 22:00:00,18.950000000000006,47.25,16.171875
2021-11-29 23:00:00,18.950000000000006,47.25,16.5625
2021-11-30 00:00:00,18.950000000000006,47.25,17.65625
2021-11-30 01:00:00,18.950000000000006,47.25,12.910156
2021-11-30 02:00:00,18.950000000000006,47.25,10.90625
2021-11-30 03:00:00,18.950000000000006,47.25,9.605469
2021-11-30 04:00:00,18.950000000000006,47.25,8.375
2021-11-30 05:00:00,18.950000000000006,47.25,8.40625
2021-11-30 06:00:00,18.950000000000006,47.25,8.1640625
2021-11-30 07:00:00,18.950000000000006,47.25,8.933594
2021-11-30 08:00:00,18.950000000000006,47.25,8.921875
2021-11-30 09:00:00,18.950000000000006,47.25,8.855469
2021-11-30 10:00:00,18.950000000000006,47.25,8.296875
2021-11-30 11:00:00,18.950000000000006,47.25,7.984375
2021-11-30 12:00:00,18.950000000000006,47.25,7.3964844
2021-11-30 13:00:00,18.950000000000006,47.25,7.6660156
2021-11-30 14:00:00,18.950000000000006,47.25,6.361328
2021-11-30 15:00:00,18.950000000000006,47.25,5.904297
2021-11-30 16:00:00,18.950000000000006,47.25,6.078125
2021-11-30 17:00:00,18.950000000000006,47.25,7.314453
2021-11-30 18:00:00,18.950000000000006,47.25,6.7265625
2021-11-30 19:00:00,18.950000000000006,47.25,5.533203
2021-11-30 20:00:00,18.950000000000006,47.25,6.5976562
2021-11-30 21:00:00,18.950000000000006,47.25,7.3125
2021-11-30 22:00:00,18.950000000000006,47.25,7.1015625
2021-11-30 23:00:00,18.950000000000006,47.25,7.8945312
2021-12-01 00:00:00,18.950000000000006,47.25,6.9296875
2021-12-01 01:00:00,18.950000000000006,47.25,6.828125
2021-12-01 02:00:00,18.950000000000006,47.25,5.1816406
2021-12-01 03:00:00,18.950000000000006,47.25,4.658203
2021-12-01 04:00:00,18.950000000000006,47.25,3.8125
2021-12-01 05:00:00,18.950000000000006,47.25,4.0429688
2021-12-01 06:00:00,18.950000000000006,47.25,4.3339844
2021-12-01 07:00:00,18.950000000000006,47.25,4.9335938
2021-12-01 08:00:00,18.950000000000006,47.25,7.8222656
2021-12-01 09:00:00,18.950000000000006,47.25,8.9609375
2021-12-01 10:00:00,18.950000000000006,47.25,10.6953125
2021-12-01 11:00:00,18.950000000000006,47.25,9.972656
2021-12-01 12:00:00,18.950000000000006,47.25,13.089844
2021-12-01 13:00:00,18.950000000000006,47.25,14.003906
2021-12-01 14:00:00,18.950000000000006,47.25,12.8671875
2021-12-01 15:00:00,18.950000000000006,47.25,10.0390625
2021-12-01 16:00:00,18.950000000000006,47.25,9.496094
2021-12-01 17:00:00,18.950000000000006,47.25,9.3984375
2021-12-01 18:00:00,18.950000000000006,47.25,9.390625
2021-12-01 19:00:00,18.950000000000006,47.25,8.582031
2021-12-01 20:00:00,18.950000000000006,47.25,8.480469
2021-12-01 21:00:00,18.950000000000006,47.25,7.189453
2021-12-01 22:00:00,18.950000000000006,47.25,5.654297
2021-12-01 23:00:00,18.950000000000006,47.25,5.3632812
2021-12-02 00:00:00,18.950000000000006,47.25,6.40625
2021-12-02 01:00:00,18.950000000000006,47.25,5.701172
2021-12-02 02:00:00,18.950000000000006,47.25,5.4648438
2021-12-02 03:00:00,18.950000000000006,47.25,5.2441406
2021-12-02 04:00:00,18.950000000000006,47.25,5.6152344
2021-12-02 05:00:00,18.950000000000006,47.25,6.7109375
2021-12-02 06:00:00,18.950000000000006,47.25,7.875
2021-12-02 07:00:00,18.950000000000006,47.25,9.167969
2021-12-02 08:00:00,18.950000000000006,47.25,10.578125
2021-12-02 09:00:00,18.950000000000006,47.25,9.371094
2021-12-02 10:00:00,18.950000000000006,47.25,9.140625
2021-12-02 11:00:00,18.950000000000006,47.25,9.6171875
2021-12-02 12:00:00,18.950000000000006,47.25,10.7109375
2021-12-02 13:00:00,18.950000000000006,47.25,10.4140625
2021-12-02 14:00:00,18.950000000000006,47.25,9.375
2021-12-02 15:00:00,18.950000000000006,47.25,11.1484375
2021-12-02 16:00:00,18.950000000000006,47.25,13.546875
2021-12-02 17:00:00,18.950000000000006,47.25,17.351562
2021-12-02 18:00:00,18.950000000000006,47.25,16.710938
2021-12-02 19:00:00,18.950000000000006,47.25,17.640625
2021-12-02 20:00:00,18.950000000000006,47.25,19.484375
2021-12-02 21:00:00,18.950000000000006,47.25,17.445312
2021-12-02 22:00:00,18.950000000000006,47.25,16.945312
2021-12-02 23:00:00,18.950000000000006,47.25,17.367188
2021-12-03 00:00:00,18.950000000000006,47.25,14.4921875
2021-12-03 01:00:00,18.950000000000006,47.25,15.1015625
2021-12-03 02:00:00,18.950000000000006,47.25,13.230469
2021-12-03 03:00:00,18.950000000000006,47.25,10.4765625
2021-12-03 04:00:00,18.950000000000006,47.25,11.765625
2021-12-03 05:00:00,18.950000000000006,47.25,13.871094
2021-12-03 06:00:00,18.950000000000006,47.25,13.703125
2021-12-03 07:00:00,18.950000000000006,47.25,11.5
2021-12-03 08:00:00,18.950000000000006,47.25,10.175781
2021-12-03 09:00:00,18.950000000000006,47.25,9.0
2021-12-03 10:00:00,18.950000000000006,47.25,7.390625
2021-12-03 11:00:00,18.950000000000006,47.25,6.5039062
2021-12-03 12:00:00,18.950000000000006,47.25,5.9941406
2021-12-03 13:00:00,18.950000000000006,47.25,6.1875
2021-12-03 14:00:00,18.950000000000006,47.25,7.65625
2021-12-03 15:00:00,18.950000000000006,47.25,7.71875
2021-12-03 16:00:00,18.950000000000006,47.25,10.894531
2021-12-03 17:00:00,18.950000000000006,47.25,15.5234375
2021-12-03 18:00:00,18.950000000000006,47.25,19.65625
2021-12-03 19:00:00,18.950000000000006,47.25,22.0
2021-12-03 20:00:00,18.950000000000006,47.25,27.109375
2021-12-03 21:00:00,18.950000000000006,47.25,33.75
2021-12-03 22:00:00,18.950000000000006,47.25,38.890625
2021-12-03 23:00:00,18.950000000000006,47.25,39.0625
2021-12-04 00:00:00,18.950000000000006,47.25,40.703125
2021-12-04 01:00:00,18.950000000000006,47.25,40.03125
2021-12-04 02:00:00,18.950000000000006,47.25,34.109375
2021-12-04 03:00:00,18.950000000000006,47.25,31.578125
2021-12-04 04:00:00,18.950000000000006,47.25,27.53125
2021-12-04 05:00:00,18.950000000000006,47.25,28.0625
2021-12-04 06:00:00,18.950000000000006,47.25,29.09375
2021-12-04 07:00:00,18.950000000000006,47.25,32.5625
2021-12-04 08:00:00,18.950000000000006,47.25,35.859375
2021-12-04 09:00:00,18.950000000000006,47.25,33.578125
2021-12-04 10:00:00,18.950000000000006,47.25,31.09375
2021-12-04 11:00:00,18.950000000000006,47.25,25.960938
2021-12-04 12:00:00,18.950000000000006,47.25,20.1875
2021-12-04 13:00:00,18.950000000000006,47.25,18.664062
2021-12-04 14:00:00,18.950000000000006,47.25,16.679688
2021-12-04 15:00:00,18.950000000000006,47.25,16.375
2021-12-04 16:00:00,18.950000000000006,47.25,21.6875
2021-12-04 17:00:00,18.950000000000006,47.25,26.429688
2021-12-04 18:00:00,18.950000000000006,47.25,28.507812
2021-12-04 19:00:00,18.950000000000006,47.25,28.75
2021-12-04 20:00:00,18.950000000000006,47.25,28.359375
2021-12-04 21:00:00,18.950000000000006,47.25,27.109375
2021-12-04 22:00:00,18.950000000000006,47.25,29.867188
2021-12-04 23:00:00,18.950000000000006,47.25,27.609375
2021-12-05 00:00:00,18.950000000000006,47.25,26.828125
2021-12-05 01:00:00,18.950000000000006,47.25,26.71875
2021-12-05 02:00:00,18.950000000000006,47.25,27.765625
2021-12-05 03:00:00,18.950000000000006,47.25,26.273438
2021-12-05 04:00:00,18.950000000000006,47.25,26.25
2021-12-05 05:00:00,18.950000000000006,47.25,24.882812
2021-12-05 06:00:00,18.950000000000006,47.25,26.578125
2021-12-05 07:00:00,18.950000000000006,47.25,28.125
2021-12-05 08:00:00,18.950000000000006,47.25,29.546875
2021-12-05 09:00:00,18.950000000000006,47.25,29.578125
2021-12-05 10:00:00,18.950000000000006,47.25,30.664062
2021-12-05 11:00:00,18.950000000000006,47.25,30.765625
2021-12-05 12:00:00,18.950000000000006,47.25,32.0
2021-12-05 13:00:00,18.950000000000006,47.25,31.53125
2021-12-05 14:00:00,18.950000000000006,47.25,32.03125
2021-12-05 15:00:00,18.950000000000006,47.25,31.898438
2021-12-05 16:00:00,18.950000000000006,47.25,31.921875
2021-12-05 17:00:00,18.950000000000006,47.25,33.3125
2021-12-05 18:00:00,18.950000000000006,47.25,31.679688
2021-12-05 19:00:00,18.950000000000006,47.25,33.765625
2021-12-05 20:00:00,18.950000000000006,47.25,33.90625
2021-12-05 21:00:00,18.950000000000006,47.25,33.921875
2021-12-05 22:00:00,18.950000000000006,47.25,33.03125
2021-12-05 23:00:00,18.950000000000006,47.25,33.84375
2021-12-06 00:00:00,18.950000000000006,47.25,31.125
2021-12-06 01:00:00,18.950000000000006,47.25,29.351562
2021-12-06 02:00:00,18.950000000000006,47.25,28.828125
2021-12-06 03:00:00,18.950000000000006,47.25,23.414062
2021-12-06 04:00:00,18.950000000000006,47.25,21.507812
2021-12-06 05:00:00,18.950000000000006,47.25,22.125
2021-12-06 06:00:00,18.950000000000006,47.25,21.984375
2021-12-06 07:00:00,18.950000000000006,47.25,24.546875
2021-12-06 08:00:00,18.950000000000006,47.25,24.632812
2021-12-06 09:00:00,18.950000000000006,47.25,24.796875
2021-12-06 10:00:00,18.950000000000006,47.25,21.882812
2021-12-06 11:00:00,18.950000000000006,47.25,19.117188
2021-12-06 12:00:00,18.950000000000006,47.25,17.929688
2021-12-06 13:00:00,18.950000000000006,47.25,16.867188
2021-12-06 14:00:00,18.950000000000006,47.25,14.089844
2021-12-06 15:00:00,18.950000000000006,47.25,14.859375
2021-12-06 16:00:00,18.950000000000006,47.25,17.164062
2021-12-06 17:00:00,18.950000000000006,47.25,18.726562
2021-12-06 18:00:00,18.950000000000006,47.25,23.351562
2021-12-06 19:00:00,18.950000000000006,47.25,24.421875
2021-12-06 20:00:00,18.950000000000006,47.25,25.671875
2021-12-06 21:00:00,18.950000000000006,47.25,26.03125
2021-12-06 22:00:00,18.950000000000006,47.25,25.046875
2021-12-06 23:00:00,18.950000000000006,47.25,22.875
2021-12-07 00:00:00,18.950000000000006,47.25,24.351562
2021-12-07 01:00:00,18.950000000000006,47.25,25.25
2021-12-07 02:00:00,18.950000000000006,47.25,23.953125
2021-12-07 03:00:00,18.950000000000006,47.25,21.015625
2021-12-07 04:00:00,18.950000000000006,47.25,20.851562
2021-12-07 05:00:00,18.950000000000006,47.25,21.273438
2021-12-07 06:00:00,18.950000000000006,47.25,22.3125
2021-12-07 07:00:00,18.950000000000006,47.25,23.414062
2021-12-07 08:00:00,18.950000000000006,47.25,25.070312
2021-12-07 09:00:00,18.950000000000006,47.25,25.398438
2021-12-07 10:00:00,18.950000000000006,47.25,23.632812
2021-12-07 11:00:00,18.950000000000006,47.25,23.15625
2021-12-07 12:00:00,18.950000000000006,47.25,22.289062
2021-12-07 13:00:00,18.950000000000006,47.25,22.96875
2021-12-07 14:00:00,18.950000000000006,47.25,23.796875
2021-12-07 15:00:00,18.950000000000006,47.25,25.515625
2021-12-07 16:00:00,18.950000000000006,47.25,32.0
2021-12-07 17:00:00,18.950000000000006,47.25,31.21875
2021-12-07 18:00:00,18.950000000000006,47.25,33.859375
2021-12-07 19:00:00,18.950000000000006,47.25,35.90625
2021-12-07 20:00:00,18.950000000000006,47.25,34.984375
2021-12-07 21:00:00,18.950000000000006,47.25,35.75
2021-12-07 22:00:00,18.950000000000006,47.25,34.5
2021-12-07 23:00:00,18.950000000000006,47.25,38.890625
2021-12-08 00:00:00,18.950000000000006,47.25,42.546875
2021-12-08 01:00:00,18.950000000000006,47.25,36.921875
2021-12-08 02:00:00,18.950000000000006,47.25,34.234375
2021-12-08 03:00:00,18.950000000000006,47.25,36.0625
2021-12-08 04:00:00,18.950000000000006,47.25,34.875
2021-12-08 05:00:00,18.950000000000006,47.25,35.75
2021-12-08 06:00:00,18.950000000000006,47.25,37.859375
2021-12-08 07:00:00,18.950000000000006,47.25,38.203125
2021-12-08 08:00:00,18.950000000000006,47.25,37.828125
2021-12-08 09:00:00,18.950000000000006,47.25,36.0625
2021-12-08 10:00:00,18.950000000000006,47.25,34.453125
2021-12-08 11:00:00,18.950000000000006,47.25,31.765625
2021-12-08 12:00:00,18.950000000000006,47.25,28.242188
2021-12-08 13:00:00,18.950000000000006,47.25,25.703125
2021-12-08 14:00:00,18.950000000000006,47.25,25.484375
2021-12-08 15:00:00,18.950000000000006,47.25,25.78125
2021-12-08 16:00:00,18.950000000000006,47.25,29.21875
2021-12-08 17:00:00,18.950000000000006,47.25,32.140625
2021-12-08 18:00:00,18.950000000000006,47.25,33.578125
2021-12-08 19:00:00,18.950000000000006,47.25,34.578125
2021-12-08 20:00:00,18.950000000000006,47.25,34.875
2021-12-08 21:00:00,18.950000000000006,47.25,34.46875
2021-12-08 22:00:00,18.950000000000006,47.25,34.40625
2021-12-08 23:00:00,18.950000000000006,47.25,32.5
2021-12-09 00:00:00,18.950000000000006,47.25,31.234375
2021-12-09 01:00:00,18.950000000000006,47.25,29.039062
2021-12-09 02:00:00,18.950000000000006,47.25,27.046875
2021-12-09 03:00:00,18.950000000000006,47.25,24.679688
2021-12-09 04:00:00,18.950000000000006,47.25,22.25
2021-12-09 05:00:00,18.950000000000006,47.25,20.21875
2021-12-09 06:00:00,18.950000000000006,47.25,19.875
2021-12-09 07:00:00,18.950000000000006,47.25,19.617188
2021-12-09 08:00:00,18.950000000000006,47.25,20.421875
2021-12-09 09:00:00,18.950000000000006,47.25,20.976562
2021-12-09 10:00:00,18.950000000000006,47.25,19.679688
2021-12-09 11:00:00,18.950000000000006,47.25,20.492188
2021-12-09 12:00:00,18.950000000000006,47.25,20.210938
2021-12-09 13:00:00,18.950000000000006,47.25,20.382812
2021-12-09 14:00:00,18.950000000000006,47.25,22.179688
2021-12-09 15:00:00,18.950000000000006,47.25,24.3125
2021-12-09 16:00:00,18.950000000000006,47.25,23.492188
2021-12-09 17:00:00,18.950000000000006,47.25,23.492188
2021-12-09 18:00:00,18.950000000000006,47.25,27.601562
2021-12-09 19:00:00,18.950000000000006,47.25,31.09375
2021-12-09 20:00:00,18.950000000000006,47.25,29.851562
2021-12-09 21:00:00,18.950000000000006,47.25,28.96875
2021-12-09 22:00:00,18.950000000000006,47.25,23.96875
2021-12-09 23:00:00,18.950000000000006,47.25,20.460938
2021-12-10 00:00:00,18.950000000000006,47.25,15.683594
2021-12-10 01:00:00,18.950000000000006,47.25,13.105469
2021-12-10 02:00:00,18.950000000000006,47.25,14.074219
2021-12-10 03:00:00,18.950000000000006,47.25,15.5390625
2021-12-10 04:00:00,18.950000000000006,47.25,17.296875
2021-12-10 05:00:00,18.950000000000006,47.25,16.273438
2021-12-10 06:00:00,18.950000000000006,47.25,18.867188
2021-12-10 07:00:00,18.950000000000006,47.25,20.789062
2021-12-10 08:00:00,18.950000000000006,47.25,22.1875
2021-12-10 09:00:00,18.950000000000006,47.25,23.171875
2021-12-10 10:00:00,18.950000000000006,47.25,21.296875
2021-12-10 11:00:00,18.950000000000006,47.25,20.6875
2021-12-10 12:00:00,18.950000000000006,47.25,18.835938
2021-12-10 13:00:00,18.950000000000006,47.25,19.65625
2021-12-10 14:00:00,18.950000000000006,47.25,20.703125
2021-12-10 15:00:00,18.950000000000006,47.25,20.5625
2021-12-10 16:00:00,18.950000000000006,47.25,24.851562
2021-12-10 17:00:00,18.950000000000006,47.25,28.796875
2021-12-10 18:00:00,18.950000000000006,47.25,29.695312
2021-12-10 19:00:00,18.950000000000006,47.25,26.421875
2021-12-10 20:00:00,18.950000000000006,47.25,29.265625
2021-12-10 21:00:00,18.950000000000006,47.25,27.960938
2021-12-10 22:00:00,18.950000000000006,47.25,29.1875
2021-12-10 23:00:00,18.950000000000006,47.25,28.023438
2021-12-11 00:00:00,18.950000000000006,47.25,28.15625
2021-12-11 01:00:00,18.950000000000006,47.25,25.65625
2021-12-11 02:00:00,18.950000000000006,47.25,25.007812
2021-12-11 03:00:00,18.950000000000006,47.25,23.523438
2021-12-11 04:00:00,18.950000000000006,47.25,23.734375
2021-12-11 05:00:00,18.950000000000006,47.25,23.492188
2021-12-11 06:00:00,18.950000000000006,47.25,22.8125
2021-12-11 07:00:00,18.950000000000006,47.25,23.179688
2021-12-11 08:00:00,18.950000000000006,47.25,21.1875
2021-12-11 09:00:00,18.950000000000006,47.25,20.648438
2021-12-11 10:00:00,18.950000000000006,47.25,21.578125
2021-12-11 11:00:00,18.950000000000006,47.25,20.796875
2021-12-11 12:00:00,18.950000000000006,47.25,19.078125
2021-12-11 13:00:00,18.950000000000006,47.25,23.1875
2021-12-11 14:00:00,18.950000000000006,47.25,23.820312
2021-12-11 15:00:00,18.950000000000006,47.25,24.335938
2021-12-11 16:00:00,18.950000000000006,47.25,28.359375
2021-12-11 17:00:00,18.950000000000006,47.25,28.65625
2021-12-11 18:00:00,18.950000000000006,47.25,27.40625
2021-12-11 19:00:00,18.950000000000006,47.25,28.523438
2021-12-11 20:00:00,18.950000000000006,47.25,23.6875
2021-12-11 21:00:00,18.950000000000006,47.25,24.5
2021-12-11 22:00:00,18.950000000000006,47.25,24.8125
2021-12-11 23:00:00,18.950000000000006,47.25,21.851562
2021-12-12 00:00:00,18.950000000000006,47.25,25.351562
2021-12-12 01:00:00,18.950000000000006,47.25,21.710938
2021-12-12 02:00:00,18.950000000000006,47.25,19.726562
2021-12-12 03:00:00,18.950000000000006,47.25,20.429688
2021-12-12 04:00:00,18.950000000000006,47.25,20.3125
2021-12-12 05:00:00,18.950000000000006,47.25,19.210938
2021-12-12 06:00:00,18.950000000000006,47.25,18.625
2021-12-12 07:00:00,18.950000000000006,47.25,19.054688
2021-12-12 08:00:00,18.950000000000006,47.25,18.03125
2021-12-12 09:00:00,18.950000000000006,47.25,14.777344
2021-12-12 10:00:00,18.950000000000006,47.25,13.5
2021-12-12 11:00:00,18.950000000000006,47.25,12.574219
2021-12-12 12:00:00,18.950000000000006,47.25,12.6796875
2021-12-12 13:00:00,18.950000000000006,47.25,12.894531
2021-12-12 14:00:00,18.950000000000006,47.25,11.792969
2021-12-12 15:00:00,18.950000000000006,47.25,12.5078125
2021-12-12 16:00:00,18.950000000000006,47.25,14.425781
2021-12-12 17:00:00,18.950000000000006,47.25,18.460938
2021-12-12 18:00:00,18.950000000000006,47.25,16.601562
2021-12-12 19:00:00,18.950000000000006,47.25,17.640625
2021-12-12 20:00:00,18.950000000000006,47.25,16.578125
2021-12-12 21:00:00,18.950000000000006,47.25,16.375
2021-12-12 22:00:00,18.950000000000006,47.25,15.457031
2021-12-12 23:00:00,18.950000000000006,47.25,14.105469
2021-12-13 00:00:00,18.950000000000006,47.25,15.28125
2021-12-13 01:00:00,18.950000000000006,47.25,16.421875
2021-12-13 02:00:00,18.950000000000006,47.25,17.828125
2021-12-13 03:00:00,18.950000000000006,47.25,19.960938
2021-12-13 04:00:00,18.950000000000006,47.25,23.0625
2021-12-13 05:00:00,18.950000000000006,47.25,23.9375
2021-12-13 06:00:00,18.950000000000006,47.25,25.1875
2021-12-13 07:00:00,18.950000000000006,47.25,27.25
2021-12-13 08:00:00,18.950000000000006,47.25,29.0
2021-12-13 09:00:00,18.950000000000006,47.25,24.015625
2021-12-13 10:00:00,18.950000000000006,47.25,23.6875
2021-12-13 11:00:00,18.950000000000006,47.25,22.1875
2021-12-13 12:00:00,18.950000000000006,47.25,21.765625
2021-12-13 13:00:00,18.950000000000006,47.25,21.179688
2021-12-13 14:00:00,18.950000000000006,47.25,21.304688
2021-12-13 15:00:00,18.950000000000006,47.25,23.460938
2021-12-13 16:00:00,18.950000000000006,47.25,29.664062
2021-12-13 17:00:00,18.950000000000006,47.25,32.046875
2021-12-13 18:00:00,18.950000000000006,47.25,36.46875
2021-12-13 19:00:00,18.950000000000006,47.25,41.0625
2021-12-13 20:00:00,18.950000000000006,47.25,45.40625
2021-12-13 21:00:00,18.950000000000006,47.25,45.625
2021-12-13 22:00:00,18.950000000000006,47.25,49.984375
2021-12-13 23:00:00,18.950000000000006,47.25,51.890625
2021-12-14 00:00:00,18.950000000000006,47.25,48.640625
2021-12-14 01:00:00,18.950000000000006,47.25,49.984375
2021-12-14 02:00:00,18.950000000000006,47.25,56.0
2021-12-14 03:00:00,18.950000000000006,47.25,53.953125
2021-12-14 04:00:00,18.950000000000006,47.25,52.15625
2021-12-14 05:00:00,18.950000000000006,47.25,50.1875
2021-12-14 06:00:00,18.950000000000006,47.25,47.71875
2021-12-14 07:00:00,18.950000000000006,47.25,48.109375
2021-12-14 08:00:00,18.950000000000006,47.25,49.796875
2021-12-14 09:00:00,18.950000000000006,47.25,46.03125
2021-12-14 10:00:00,18.950000000000006,47.25,42.296875
2021-12-14 11:00:00,18.950000000000006,47.25,40.953125
2021-12-14 12:00:00,18.950000000000006,47.25,38.15625
2021-12-14 13:00:00,18.950000000000006,47.25,38.0625
2021-12-14 14:00:00,18.950000000000006,47.25,36.453125
2021-12-14 15:00:00,18.950000000000006,47.25,37.421875
2021-12-14 16:00:00,18.950000000000006,47.25,40.40625
2021-12-14 17:00:00,18.950000000000006,47.25,45.375
2021-12-14 18:00:00,18.950000000000006,47.25,51.953125
2021-12-14 19:00:00,18.950000000000006,47.25,58.359375
2021-12-14 20:00:00,18.950000000000006,47.25,51.21875
2021-12-14 21:00:00,18.950000000000006,47.25,52.34375
2021-12-14 22:00:00,18.950000000000006,47.25,53.609375
2021-12-14 23:00:00,18.950000000000006,47.25,57.015625
2021-12-15 00:00:00,18.950000000000006,47.25,54.390625
2021-12-15 01:00:00,18.950000000000006,47.25,52.9375
2021-12-15 02:00:00,18.950000000000006,47.25,52.75
2021-12-15 03:00:00,18.950000000000006,47.25,51.421875
2021-12-15 04:00:00,18.950000000000006,47.25,51.25
2021-12-15 05:00:00,18.950000000000006,47.25,52.1875
2021-12-15 06:00:00,18.950000000000006,47.25,50.765625
2021-12-15 07:00:00,18.950000000000006,47.25,49.9375
2021-12-15 08:00:00,18.950000000000006,47.25,51.25
2021-12-15 09:00:00,18.950000000000006,47.25,53.328125
2021-12-15 10:00:00,18.950000000000006,47.25,52.6875
2021-12-15 11:00:00,18.950000000000006,47.25,48.328125
2021-12-15 12:00:00,18.950000000000006,47.25,44.734375
2021-12-15 13:00:00,18.950000000000006,47.25,41.640625
2021-12-15 14:00:00,18.950000000000006,47.25,38.84375
2021-12-15 15:00:00,18.950000000000006,47.25,42.3125
2021-12-15 16:00:00,18.950000000000006,47.25,45.734375
2021-12-15 17:00:00,18.950000000000006,47.25,50.65625
2021-12-15 18:00:00,18.950000000000006,47.25,53.578125
2021-12-15 19:00:00,18.950000000000006,47.25,52.390625
2021-12-15 20:00:00,18.950000000000006,47.25,54.03125
2021-12-15 21:00:00,18.950000000000006,47.25,50.515625
2021-12-15 22:00:00,18.950000000000006,47.25,47.4375
2021-12-15 23:00:00,18.950000000000006,47.25,42.703125
2021-12-16 00:00:00,18.950000000000006,47.25,41.8125
2021-12-16 01:00:00,18.950000000000006,47.25,37.859375
2021-12-16 02:00:00,18.950000000000006,47.25,36.5625
2021-12-16 03:00:00,18.950000000000006,47.25,34.078125
2021-12-16 04:00:00,18.950000000000006,47.25,34.40625
2021-12-16 05:00:00,18.950000000000006,47.25,34.390625
2021-12-16 06:00:00,18.950000000000006,47.25,36.296875
2021-12-16 07:00:00,18.950000000000006,47.25,37.78125
2021-12-16 08:00:00,18.950000000000006,47.25,36.109375
2021-12-16 09:00:00,18.950000000000006,47.25,31.695312
2021-12-16 10:00:00,18.950000000000006,47.25,29.4375
2021-12-16 11:00:00,18.950000000000006,47.25,29.476562
2021-12-16 12:00:00,18.950000000000006,47.25,28.0625
2021-12-16 13:00:00,18.950000000000006,47.25,29.507812
2021-12-16 14:00:00,18.950000000000006,47.25,27.1875
2021-12-16 15:00:00,18.950000000000006,47.25,24.710938
2021-12-16 16:00:00,18.950000000000006,47.25,20.734375
2021-12-16 17:00:00,18.950000000000006,47.25,22.148438
2021-12-16 18:00:00,18.950000000000006,47.25,22.226562
2021-12-16 19:00:00,18.950000000000006,47.25,21.15625
2021-12-16 20:00:00,18.950000000000006,47.25,19.53125
2021-12-16 21:00:00,18.950000000000006,47.25,16.890625
2021-12-16 22:00:00,18.950000000000006,47.25,16.8125
2021-12-16 23:00:00,18.950000000000006,47.25,14.28125
2021-12-17 00:00:00,18.950000000000006,47.25,13.15625
2021-12-17 01:00:00,18.950000000000006,47.25,13.2421875
2021-12-17 02:00:00,18.950000000000006,47.25,13.7890625
2021-12-17 03:00:00,18.950000000000006,47.25,10.199219
2021-12-17 04:00:00,18.950000000000006,47.25,11.121094
2021-12-17 05:00:00,18.950000000000006,47.25,12.28125
2021-12-17 06:00:00,18.950000000000006,47.25,12.78125
2021-12-17 07:00:00,18.950000000000006,47.25,12.5234375
2021-12-17 08:00:00,18.950000000000006,47.25,11.675781
2021-12-17 09:00:00,18.950000000000006,47.25,11.136719
2021-12-17 10:00:00,18.950000000000006,47.25,11.332031
2021-12-17 11:00:00,18.950000000000006,47.25,10.2109375
2021-12-17 12:00:00,18.950000000000006,47.25,8.375
2021-12-17 13:00:00,18.950000000000006,47.25,8.0234375
2021-12-17 14:00:00,18.950000000000006,47.25,7.9960938
2021-12-17 15:00:00,18.950000000000006,47.25,8.5625
2021-12-17 16:00:00,18.950000000000006,47.25,9.261719
2021-12-17 17:00:00,18.950000000000006,47.25,10.40625
2021-12-17 18:00:00,18.950000000000006,47.25,11.6875
2021-12-17 19:00:00,18.950000000000006,47.25,11.1328125
2021-12-17 20:00:00,18.950000000000006,47.25,11.339844
2021-12-17 21:00:00,18.950000000000006,47.25,14.074219
2021-12-17 22:00:00,18.950000000000006,47.25,13.628906
2021-12-17 23:00:00,18.950000000000006,47.25,9.277344
2021-12-18 00:00:00,18.950000000000006,47.25,10.863281
2021-12-18 01:00:00,18.950000000000006,47.25,10.5859375
2021-12-18 02:00:00,18.950000000000006,47.25,9.3828125
2021-12-18 03:00:00,18.950000000000006,47.25,8.667969
2021-12-18 04:00:00,18.950000000000006,47.25,9.207031
2021-12-18 05:00:00,18.950000000000006,47.25,9.222656
2021-12-18 06:00:00,18.950000000000006,47.25,11.15625
2021-12-18 07:00:00,18.950000000000006,47.25,12.417969
2021-12-18 08:00:00,18.950000000000006,47.25,12.378906
2021-12-18 09:00:00,18.950000000000006,47.25,12.765625
2021-12-18 10:00:00,18.950000000000006,47.25,12.0
2021-12-18 11:00:00,18.950000000000006,47.25,10.941406
2021-12-18 12:00:00,18.950000000000006,47.25,10.417969
2021-12-18 13:00:00,18.950000000000006,47.25,10.480469
2021-12-18 14:00:00,18.950000000000006,47.25,10.402344
2021-12-18 15:00:00,18.950000000000006,47.25,13.0
2021-12-18 16:00:00,18.950000000000006,47.25,15.2890625
2021-12-18 17:00:00,18.950000000000006,47.25,19.09375
2021-12-18 18:00:00,18.950000000000006,47.25,16.40625
2021-12-18 19:00:00,18.950000000000006,47.25,15.9296875
2021-12-18 20:00:00,18.950000000000006,47.25,16.640625
2021-12-18 21:00:00,18.950000000000006,47.25,17.234375
2021-12-18 22:00:00,18.950000000000006,47.25,17.039062
2021-12-18 23:00:00,18.950000000000006,47.25,12.640625
2021-12-19 00:00:00,18.950000000000006,47.25,14.1328125
2021-12-19 01:00:00,18.950000000000006,47.25,14.09375
2021-12-19 02:00:00,18.950000000000006,47.25,14.058594
2021-12-19 03:00:00,18.950000000000006,47.25,15.261719
2021-12-19 04:00:00,18.950000000000006,47.25,12.640625
2021-12-19 05:00:00,18.950000000000006,47.25,11.394531
2021-12-19 06:00:00,18.950000000000006,47.25,12.027344
2021-12-19 07:00:00,18.950000000000006,47.25,10.21875
2021-12-19 08:00:00,18.950000000000006,47.25,9.40625
2021-12-19 09:00:00,18.950000000000006,47.25,9.339844
2021-12-19 10:00:00,18.950000000000006,47.25,8.6640625
2021-12-19 11:00:00,18.950000000000006,47.25,8.09375
2021-12-19 12:00:00,18.950000000000006,47.25,7.5566406
2021-12-19 13:00:00,18.950000000000006,47.25,7.515625
2021-12-19 14:00:00,18.950000000000006,47.25,7.923828
2021-12-19 15:00:00,18.950000000000006,47.25,7.8808594
2021-12-19 16:00:00,18.950000000000006,47.25,7.9140625
2021-12-19 17:00:00,18.950000000000006,47.25,7.8242188
2021-12-19 18:00:00,18.950000000000006,47.25,8.4765625
2021-12-19 19:00:00,18.950000000000006,47.25,7.125
2021-12-19 20:00:00,18.950000000000006,47.25,6.298828
2021-12-19 21:00:00,18.950000000000006,47.25,5.6289062
2021-12-19 22:00:00,18.950000000000006,47.25,6.8007812
2021-12-19 23:00:00,18.950000000000006,47.25,7.0566406
2021-12-20 00:00:00,18.950000000000006,47.25,6.5742188
2021-12-20 01:00:00,18.950000000000006,47.25,4.6347656
2021-12-20 02:00:00,18.950000000000006,47.25,4.03125
2021-12-20 03:00:00,18.950000000000006,47.25,3.4453125
2021-12-20 04:00:00,18.950000000000006,47.25,4.0683594
2021-12-20 05:00:00,18.950000000000006,47.25,4.9375
2021-12-20 06:00:00,18.950000000000006,47.25,5.0097656
2021-12-20 07:00:00,18.950000000000006,47.25,5.4941406
2021-12-20 08:00:00,18.950000000000006,47.25,5.9570312
2021-12-20 09:00:00,18.950000000000006,47.25,5.408203
2021-12-20 10:00:00,18.950000000000006,47.25,4.453125
2021-12-20 11:00:00,18.950000000000006,47.25,4.2851562
2021-12-20 12:00:00,18.950000000000006,47.25,4.3632812
2021-12-20 13:00:00,18.950000000000006,47.25,4.4960938
2021-12-20 14:00:00,18.950000000000006,47.25,4.359375
2021-12-20 15:00:00,18.950000000000006,47.25,4.8222656
2021-12-20 16:00:00,18.950000000000006,47.25,5.765625
2021-12-20 17:00:00,18.950000000000006,47.25,6.4941406
2021-12-20 18:00:00,18.950000000000006,47.25,7.6640625
2021-12-20 19:00:00,18.950000000000006,47.25,7.8203125
2021-12-20 20:00:00,18.950000000000006,47.25,7.3671875
2021-12-20 21:00:00,18.950000000000006,47.25,8.3671875
2021-12-20 22:00:00,18.950000000000006,47.25,8.328125
2021-12-20 23:00:00,18.950000000000006,47.25,7.6914062
2021-12-21 00:00:00,18.950000000000006,47.25,7.265625
2021-12-21 01:00:00,18.950000000000006,47.25,6.392578
2021-12-21 02:00:00,18.950000000000006,47.25,5.8066406
2021-12-21 03:00:00,18.950000000000006,47.25,6.173828
2021-12-21 04:00:00,18.950000000000006,47.25,7.140625
2021-12-21 05:00:00,18.950000000000006,47.25,6.96875
2021-12-21 06:00:00,18.950000000000006,47.25,7.84375
2021-12-21 07:00:00,18.950000000000006,47.25,10.25
2021-12-21 08:00:00,18.950000000000006,47.25,11.738281
2021-12-21 09:00:00,18.950000000000006,47.25,10.6171875
2021-12-21 10:00:00,18.950000000000006,47.25,10.371094
2021-12-21 11:00:00,18.950000000000006,47.25,9.082031
2021-12-21 12:00:00,18.950000000000006,47.25,8.300781
2021-12-21 13:00:00,18.950000000000006,47.25,8.292969
2021-12-21 14:00:00,18.950000000000006,47.25,9.0625
2021-12-21 15:00:00,18.950000000000006,47.25,13.113281
2021-12-21 16:00:00,18.950000000000006,47.25,22.71875
2021-12-21 17:00:00,18.950000000000006,47.25,29.234375
2021-12-21 18:00:00,18.950000000000006,47.25,36.328125
2021-12-21 19:00:00,18.950000000000006,47.25,43.5
2021-12-21 20:00:00,18.950000000000006,47.25,47.40625
2021-12-21 21:00:00,18.950000000000006,47.25,46.625
2021-12-21 22:00:00,18.950000000000006,47.25,45.1875
2021-12-21 23:00:00,18.950000000000006,47.25,50.484375
2021-12-22 00:00:00,18.950000000000006,47.25,49.96875
2021-12-22 01:00:00,18.950000000000006,47.25,50.671875
2021-12-22 02:00:00,18.950000000000006,47.25,49.921875
2021-12-22 03:00:00,18.950000000000006,47.25,46.53125
2021-12-22 04:00:00,18.950000000000006,47.25,40.703125
2021-12-22 05:00:00,18.950000000000006,47.25,42.46875
2021-12-22 06:00:00,18.950000000000006,47.25,42.140625
2021-12-22 07:00:00,18.950000000000006,47.25,40.46875
2021-12-22 08:00:00,18.950000000000006,47.25,38.90625
2021-12-22 09:00:00,18.950000000000006,47.25,38.375
2021-12-22 10:00:00,18.950000000000006,47.25,34.125
2021-12-22 11:00:00,18.950000000000006,47.25,29.085938
2021-12-22 12:00:00,18.950000000000006,47.25,25.828125
2021-12-22 13:00:00,18.950000000000006,47.25,25.320312
2021-12-22 14:00:00,18.950000000000006,47.25,25.445312
2021-12-22 15:00:00,18.950000000000006,47.25,26.789062
2021-12-22 16:00:00,18.950000000000006,47.25,32.5
2021-12-22 17:00:00,18.950000000000006,47.25,32.65625
2021-12-22 18:00:00,18.950000000000006,47.25,38.203125
2021-12-22 19:00:00,18.950000000000006,47.25,43.5
2021-12-22 20:00:00,18.950000000000006,47.25,43.921875
2021-12-22 21:00:00,18.950000000000006,47.25,47.125
2021-12-22 22:00:00,18.950000000000006,47.25,44.921875
2021-12-22 23:00:00,18.950000000000006,47.25,45.671875
2021-12-23 00:00:00,18.950000000000006,47.25,43.328125
2021-12-23 01:00:00,18.950000000000006,47.25,38.9375
2021-12-23 02:00:00,18.950000000000006,47.25,35.125
2021-12-23 03:00:00,18.950000000000006,47.25,28.578125
2021-12-23 04:00:00,18.950000000000006,47.25,26.929688
2021-12-23 05:00:00,18.950000000000006,47.25,27.242188
2021-12-23 06:00:00,18.950000000000006,47.25,28.007812
2021-12-23 07:00:00,18.950000000000006,47.25,30.46875
2021-12-23 08:00:00,18.950000000000006,47.25,29.726562
2021-12-23 09:00:00,18.950000000000006,47.25,29.0625
2021-12-23 10:00:00,18.950000000000006,47.25,27.320312
2021-12-23 11:00:00,18.950000000000006,47.25,24.5
2021-12-23 12:00:00,18.950000000000006,47.25,21.226562
2021-12-23 13:00:00,18.950000000000006,47.25,20.867188
2021-12-23 14:00:00,18.950000000000006,47.25,20.101562
2021-12-23 15:00:00,18.950000000000006,47.25,18.8125
2021-12-23 16:00:00,18.950000000000006,47.25,20.78125
2021-12-23 17:00:00,18.950000000000006,47.25,26.101562
2021-12-23 18:00:00,18.950000000000006,47.25,29.796875
2021-12-23 19:00:00,18.950000000000006,47.25,34.40625
2021-12-23 20:00:00,18.950000000000006,47.25,37.625
2021-12-23 21:00:00,18.950000000000006,47.25,35.5
2021-12-23 22:00:00,18.950000000000006,47.25,38.03125
2021-12-23 23:00:00,18.950000000000006,47.25,34.015625
2021-12-24 00:00:00,18.950000000000006,47.25,28.84375
2021-12-24 01:00:00,18.950000000000006,47.25,29.148438
2021-12-24 02:00:00,18.950000000000006,47.25,23.28125
2021-12-24 03:00:00,18.950000000000006,47.25,20.921875
2021-12-24 04:00:00,18.950000000000006,47.25,21.976562
2021-12-24 05:00:00,18.950000000000006,47.25,25.460938
2021-12-24 06:00:00,18.950000000000006,47.25,24.875
2021-12-24 07:00:00,18.950000000000006,47.25,24.132812
2021-12-24 08:00:00,18.950000000000006,47.25,23.445312
2021-12-24 09:00:00,18.950000000000006,47.25,20.875
2021-12-24 10:00:00,18.950000000000006,47.25,19.9375
2021-12-24 11:00:00,18.950000000000006,47.25,18.71875
2021-12-24 12:00:00,18.950000000000006,47.25,17.070312
2021-12-24 13:00:00,18.950000000000006,47.25,16.171875
2021-12-24 14:00:00,18.950000000000006,47.25,17.296875
2021-12-24 15:00:00,18.950000000000006,47.25,17.742188
2021-12-24 16:00:00,18.950000000000006,47.25,18.109375
2021-12-24 17:00:00,18.950000000000006,47.25,19.132812
2021-12-24 18:00:00,18.950000000000006,47.25,19.859375
2021-12-24 19:00:00,18.950000000000006,47.25,20.984375
2021-12-24 20:00:00,18.950000000000006,47.25,20.703125
2021-12-24 21:00:00,18.950000000000006,47.25,19.007812
2021-12-24 22:00:00,18.950000000000006,47.25,17.40625
2021-12-24 23:00:00,18.950000000000006,47.25,16.203125
2021-12-25 00:00:00,18.950000000000006,47.25,17.765625
2021-12-25 01:00:00,18.950000000000006,47.25,17.4375
2021-12-25 02:00:00,18.950000000000006,47.25,17.484375
2021-12-25 03:00:00,18.950000000000006,47.25,19.929688
2021-12-25 04:00:00,18.950000000000006,47.25,20.25
2021-12-25 05:00:00,18.950000000000006,47.25,22.046875
2021-12-25 06:00:00,18.950000000000006,47.25,22.570312
2021-12-25 07:00:00,18.950000000000006,47.25,22.8125
2021-12-25 08:00:00,18.950000000000006,47.25,22.085938
2021-12-25 09:00:00,18.950000000000006,47.25,25.65625
2021-12-25 10:00:00,18.950000000000006,47.25,25.554688
2021-12-25 11:00:00,18.950000000000006,47.25,22.851562
2021-12-25 12:00:00,18.950000000000006,47.25,23.859375
2021-12-25 13:00:00,18.950000000000006,47.25,23.351562
2021-12-25 14:00:00,18.950000000000006,47.25,26.375
2021-12-25 15:00:00,18.950000000000006,47.25,27.1875
2021-12-25 16:00:00,18.950000000000006,47.25,30.710938
2021-12-25 17:00:00,18.950000000000006,47.25,32.375
2021-12-25 18:00:00,18.950000000000006,47.25,27.414062
2021-12-25 19:00:00,18.950000000000006,47.25,18.8125
2021-12-25 20:00:00,18.950000000000006,47.25,13.964844
2021-12-25 21:00:00,18.950000000000006,47.25,14.386719
2021-12-25 22:00:00,18.950000000000006,47.25,10.972656
2021-12-25 23:00:00,18.950000000000006,47.25,10.144531
2021-12-26 00:00:00,18.950000000000006,47.25,9.386719
2021-12-26 01:00:00,18.950000000000006,47.25,8.464844
2021-12-26 02:00:00,18.950000000000006,47.25,8.265625
2021-12-26 03:00:00,18.950000000000006,47.25,7.515625
2021-12-26 04:00:00,18.950000000000006,47.25,7.357422
2021-12-26 05:00:00,18.950000000000006,47.25,7.90625
2021-12-26 06:00:00,18.950000000000006,47.25,8.9140625
2021-12-26 07:00:00,18.950000000000006,47.25,8.972656
2021-12-26 08:00:00,18.950000000000006,47.25,9.390625
2021-12-26 09:00:00,18.950000000000006,47.25,11.4140625
2021-12-26 10:00:00,18.950000000000006,47.25,11.9453125
2021-12-26 11:00:00,18.950000000000006,47.25,11.140625
2021-12-26 12:00:00,18.950000000000006,47.25,8.699219
2021-12-26 13:00:00,18.950000000000006,47.25,11.160156
2021-12-26 14:00:00,18.950000000000006,47.25,12.171875
2021-12-26 15:00:00,18.950000000000006,47.25,14.734375
2021-12-26 16:00:00,18.950000000000006,47.25,20.515625
2021-12-26 17:00:00,18.950000000000006,47.25,27.085938
2021-12-26 18:00:00,18.950000000000006,47.25,29.015625
2021-12-26 19:00:00,18.950000000000006,47.25,31.265625
2021-12-26 20:00:00,18.950000000000006,47.25,30.046875
2021-12-26 21:00:00,18.950000000000006,47.25,35.875
2021-12-26 22:00:00,18.950000000000006,47.25,28.28125
2021-12-26 23:00:00,18.950000000000006,47.25,28.585938
2021-12-27 00:00:00,18.950000000000006,47.25,23.632812
2021-12-27 01:00:00,18.950000000000006,47.25,27.59375
2021-12-27 02:00:00,18.950000000000006,47.25,26.0625
2021-12-27 03:00:00,18.950000000000006,47.25,22.242188
2021-12-27 04:00:00,18.950000000000006,47.25,22.054688
2021-12-27 05:00:00,18.950000000000006,47.25,24.25
2021-12-27 06:00:00,18.950000000000006,47.25,25.3125
2021-12-27 07:00:00,18.950000000000006,47.25,27.632812
2021-12-27 08:00:00,18.950000000000006,47.25,25.476562
2021-12-27 09:00:00,18.950000000000006,47.25,25.921875
2021-12-27 10:00:00,18.950000000000006,47.25,22.9375
2021-12-27 11:00:00,18.950000000000006,47.25,21.34375
2021-12-27 12:00:00,18.950000000000006,47.25,21.820312
2021-12-27 13:00:00,18.950000000000006,47.25,22.828125
2021-12-27 14:00:00,18.950000000000006,47.25,24.578125
2021-12-27 15:00:00,18.950000000000006,47.25,27.859375
2021-12-27 16:00:00,18.950000000000006,47.25,31.375
2021-12-27 17:00:00,18.950000000000006,47.25,39.125
2021-12-27 18:00:00,18.950000000000006,47.25,44.765625
2021-12-27 19:00:00,18.950000000000006,47.25,48.234375
2021-12-27 20:00:00,18.950000000000006,47.25,52.9375
2021-12-27 21:00:00,18.950000000000006,47.25,52.296875
2021-12-27 22:00:00,18.950000000000006,47.25,57.71875
2021-12-27 23:00:00,18.950000000000006,47.25,51.390625
2021-12-28 00:00:00,18.950000000000006,47.25,51.734375
2021-12-28 01:00:00,18.950000000000006,47.25,44.375
2021-12-28 02:00:00,18.950000000000006,47.25,43.125
2021-12-28 03:00:00,18.950000000000006,47.25,40.6875
2021-12-28 04:00:00,18.950000000000006,47.25,35.34375
2021-12-28 05:00:00,18.950000000000006,47.25,31.625
2021-12-28 06:00:00,18.950000000000006,47.25,33.5
2021-12-28 07:00:00,18.950000000000006,47.25,33.984375
2021-12-28 08:00:00,18.950000000000006,47.25,25.703125
2021-12-28 09:00:00,18.950000000000006,47.25,25.304688
2021-12-28 10:00:00,18.950000000000006,47.25,23.617188
2021-12-28 11:00:00,18.950000000000006,47.25,22.242188
2021-12-28 12:00:00,18.950000000000006,47.25,18.765625
2021-12-28 13:00:00,18.950000000000006,47.25,16.398438
2021-12-28 14:00:00,18.950000000000006,47.25,17.59375
2021-12-28 15:00:00,18.950000000000006,47.25,17.804688
2021-12-28 16:00:00,18.950000000000006,47.25,19.65625
2021-12-28 17:00:00,18.950000000000006,47.25,21.320312
2021-12-28 18:00:00,18.950000000000006,47.25,24.976562
2021-12-28 19:00:00,18.950000000000006,47.25,24.15625
2021-12-28 20:00:00,18.950000000000006,47.25,24.523438
2021-12-28 21:00:00,18.950000000000006,47.25,22.8125
2021-12-28 22:00:00,18.950000000000006,47.25,18.03125
2021-12-28 23:00:00,18.950000000000006,47.25,17.617188
2021-12-29 00:00:00,18.950000000000006,47.25,14.9375
2021-12-29 01:00:00,18.950000000000006,47.25,13.15625
2021-12-29 02:00:00,18.950000000000006,47.25,12.5
2021-12-29 03:00:00,18.950000000000006,47.25,12.25
2021-12-29 04:00:00,18.950000000000006,47.25,14.0625
2021-12-29 05:00:00,18.950000000000006,47.25,16.1875
2021-12-29 06:00:00,18.950000000000006,47.25,20.375
2021-12-29 07:00:00,18.950000000000006,47.25,24.375
2021-12-29 08:00:00,18.950000000000006,47.25,31.140625
2021-12-29 09:00:00,18.950000000000006,47.25,28.859375
2021-12-29 10:00:00,18.950000000000006,47.25,26.617188
2021-12-29 11:00:00,18.950000000000006,47.25,27.171875
2021-12-29 12:00:00,18.950000000000006,47.25,28.9375
2021-12-29 13:00:00,18.950000000000006,47.25,26.445312
2021-12-29 14:00:00,18.950000000000006,47.25,27.210938
2021-12-29 15:00:00,18.950000000000006,47.25,28.40625
2021-12-29 16:00:00,18.950000000000006,47.25,29.898438
2021-12-29 17:00:00,18.950000000000006,47.25,33.234375
2021-12-29 18:00:00,18.950000000000006,47.25,33.21875
2021-12-29 19:00:00,18.950000000000006,47.25,36.078125
2021-12-29 20:00:00,18.950000000000006,47.25,34.359375
2021-12-29 21:00:00,18.950000000000006,47.25,33.484375
2021-12-29 22:00:00,18.950000000000006,47.25,33.5
2021-12-29 23:00:00,18.950000000000006,47.25,32.921875
2021-12-30 00:00:00,18.950000000000006,47.25,28.671875
2021-12-30 01:00:00,18.950000000000006,47.25,28.585938
2021-12-30 02:00:00,18.950000000000006,47.25,31.21875
2021-12-30 03:00:00,18.950000000000006,47.25,34.984375
2021-12-30 04:00:00,18.950000000000006,47.25,35.4375
2021-12-30 05:00:00,18.950000000000006,47.25,37.671875
2021-12-30 06:00:00,18.950000000000006,47.25,43.40625
2021-12-30 07:00:00,18.950000000000006,47.25,44.828125
2021-12-30 08:00:00,18.950000000000006,47.25,41.765625
2021-12-30 09:00:00,18.950000000000006,47.25,37.421875
2021-12-30 10:00:00,18.950000000000006,47.25,33.109375
2021-12-30 11:00:00,18.950000000000006,47.25,30.671875
2021-12-30 12:00:00,18.950000000000006,47.25,29.4375
2021-12-30 13:00:00,18.950000000000006,47.25,28.742188
2021-12-30 14:00:00,18.950000000000006,47.25,28.195312
2021-12-30 15:00:00,18.950000000000006,47.25,29.414062
2021-12-30 16:00:00,18.950000000000006,47.25,34.328125
2021-12-30 17:00:00,18.950000000000006,47.25,39.6875
2021-12-30 18:00:00,18.950000000000006,47.25,41.078125
2021-12-30 19:00:00,18.950000000000006,47.25,38.703125
2021-12-30 20:00:00,18.950000000000006,47.25,37.65625
2021-12-30 21:00:00,18.950000000000006,47.25,32.421875
2021-12-30 22:00:00,18.950000000000006,47.25,27.984375
2021-12-30 23:00:00,18.950000000000006,47.25,24.734375
2021-12-31 00:00:00,18.950000000000006,47.25,21.375
2021-12-31 01:00:00,18.950000000000006,47.25,19.445312
2021-12-31 02:00:00,18.950000000000006,47.25,19.695312
2021-12-31 03:00:00,18.950000000000006,47.25,18.523438
2021-12-31 04:00:00,18.950000000000006,47.25,15.949219
2021-12-31 05:00:00,18.950000000000006,47.25,18.679688
2021-12-31 06:00:00,18.950000000000006,47.25,20.085938
2021-12-31 07:00:00,18.950000000000006,47.25,18.25
2021-12-31 08:00:00,18.950000000000006,47.25,14.566406
2021-12-31 09:00:00,18.950000000000006,47.25,13.355469
2021-12-31 10:00:00,18.950000000000006,47.25,9.964844
2021-12-31 11:00:00,18.950000000000006,47.25,8.199219
2021-12-31 12:00:00,18.950000000000006,47.25,8.019531
2021-12-31 13:00:00,18.950000000000006,47.25,8.453125
2021-12-31 14:00:00,18.950000000000006,47.25,9.160156
2021-12-31 15:00:00,18.950000000000006,47.25,10.902344
2021-12-31 16:00:00,18.950000000000006,47.25,13.378906
2021-12-31 17:00:00,18.950000000000006,47.25,16.710938
2021-12-31 18:00:00,18.950000000000006,47.25,21.195312
2021-12-31 19:00:00,18.950000000000006,47.25,26.460938
2021-12-31 20:00:00,18.950000000000006,47.25,28.648438
2021-12-31 21:00:00,18.950000000000006,47.25,30.859375
2021-12-31 22:00:00,18.950000000000006,47.25,31.796875
2021-12-31 23:00:00,18.950000000000006,47.25,30.226562
